{"type":"FeatureCollection","features":[{"type":"Feature","properties":{"map_unit_id":"ajk","name":"Azad Jammu & Kashmir","province_code":null,"district_ids":[],"in_census_tables":false},"geometry":{"type":"MultiPolygon","coordinates":[[[[73.7461,33.0561],[73.7829,33.0189],[73.8297,33.012],[73.8778,33.0347],[73.9043,33.0392],[73.9258,33.0341],[73.945,33.02],[73.984,32.9668],[74.001,32.9544],[74.053,32.9307],[74.0748,32.9311],[74.1232,32.9056],[74.2016,32.8735],[74.3255,32.8142],[74.3413,32.8097],[74.3494,32.7826],[74.3718,32.7696],[74.3916,32.7674],[74.4304,32.7833],[74.4548,32.7897],[74.4813,32.7694],[74.506,32.7581],[74.5111,32.7428],[74.5694,32.7604],[74.5795,32.7499],[74.6215,32.7606],[74.6326,32.7523],[74.6394,32.7826],[74.6581,32.7867],[74.6325,32.8091],[74.653,32.8297],[74.6663,32.8252],[74.7062,32.8428],[74.7052,32.8149],[74.6852,32.787],[74.6606,32.7308],[74.6561,32.6967],[74.6663,32.6779],[74.6754,32.6844],[74.6968,32.666],[74.6641,32.6344],[74.6551,32.6148],[74.6389,32.6142],[74.6521,32.5886],[74.6526,32.5656],[74.6753,32.5651],[74.6625,32.546],[74.691,32.534],[74.6854,32.4941],[74.7104,32.4933],[74.7145,32.4778],[74.7688,32.4834],[74.8122,32.4808],[74.8198,32.4998],[74.8412,32.4934],[74.885,32.4906],[74.8783,32.4794],[74.9194,32.4657],[74.9399,32.4714],[74.9451,32.451],[74.9832,32.4471],[74.9837,32.4539],[75.0199,32.4683],[75.0235,32.4964],[75.0943,32.4724],[75.1088,32.4745],[75.109,32.4603],[75.1437,32.4147],[75.1909,32.4264],[75.2008,32.421],[75.1928,32.401],[75.2131,32.4027],[75.247,32.3876],[75.2628,32.372],[75.2899,32.37],[75.2988,32.3464],[75.3219,32.3435],[75.3364,32.3167],[75.3237,32.3021],[75.36,32.3022],[75.3841,32.2946],[75.3807,32.2853],[75.4095,32.2803],[75.4641,32.3081],[75.5243,32.2946],[75.5855,32.3124],[75.5987,32.2611],[75.6207,32.2523],[75.6364,32.2636],[75.6608,32.341],[75.6894,32.3585],[75.7406,32.3597],[75.7679,32.389],[75.7971,32.3989],[75.8224,32.4296],[75.8663,32.4447],[75.9025,32.4746],[75.9179,32.4712],[75.9377,32.5088],[75.9853,32.5781],[76.0068,32.5944],[76.0124,32.6201],[75.9779,32.6516],[76.0003,32.7049],[75.9825,32.7556],[75.9633,32.7882],[75.9431,32.8086],[75.8981,32.8328],[75.8998,32.8594],[75.9146,32.8711],[75.9197,32.8982],[75.9395,32.9033],[75.9808,32.8926],[76.0217,32.8661],[76.0496,32.8635],[76.0782,32.8805],[76.1245,32.9215],[76.2223,32.9885],[76.2869,33.0],[76.3194,33.0197],[76.3376,33.0394],[76.3534,33.0804],[76.3975,33.1264],[76.453,33.1678],[76.4781,33.1783],[76.4875,33.1715],[76.5166,33.1813],[76.5473,33.1812],[76.6308,33.1946],[76.6618,33.1702],[76.7135,33.1641],[76.7735,33.1739],[76.7815,33.1614],[76.7849,33.1823],[76.809,33.208],[76.8103,33.2371],[76.825,33.2508],[76.8338,33.2397],[76.8716,33.2328],[76.8606,33.2147],[76.8614,33.1958],[76.8494,33.1465],[76.8809,33.1118],[76.9165,33.0916],[76.9313,33.0503],[76.9764,33.0002],[77.0127,32.9899],[77.0295,32.9719],[77.0444,32.9746],[77.0769,32.9637],[77.1036,32.9473],[77.1377,32.9579],[77.1578,32.9576],[77.1711,32.9385],[77.1689,32.9135],[77.1848,32.8925],[77.2006,32.8873],[77.2407,32.8892],[77.253,32.8623],[77.2772,32.8382],[77.2974,32.8477],[77.3316,32.8176],[77.3657,32.8069],[77.3789,32.8134],[77.3824,32.8315],[77.4063,32.8682],[77.4627,32.851],[77.5319,32.8856],[77.579,32.9122],[77.6579,32.9624],[77.686,32.9705],[77.7263,32.9556],[77.7457,32.9421],[77.7839,32.8989],[77.7772,32.8662],[77.7837,32.835],[77.8287,32.8184],[77.855,32.7791],[77.8672,32.776],[77.902,32.7429],[77.9012,32.7041],[77.9094,32.672],[77.9464,32.6415],[77.9747,32.6284],[78.0181,32.628],[78.0345,32.6377],[78.1593,32.6834],[78.2141,32.6929],[78.2735,32.7426],[78.3142,32.7594],[78.3276,32.7449],[78.3215,32.7137],[78.3424,32.6681],[78.3356,32.6062],[78.3166,32.5819],[78.2893,32.5698],[78.277,32.5487],[78.2591,32.5431],[78.2491,32.5264],[78.2407,32.4809],[78.2446,32.4625],[78.2633,32.4489],[78.2782,32.4546],[78.2955,32.4846],[78.3301,32.5145],[78.4165,32.5152],[78.3933,32.539],[78.4207,32.5695],[78.4536,32.5814],[78.4835,32.5777],[78.5019,32.5839],[78.5147,32.6117],[78.5463,32.6134],[78.5581,32.6221],[78.5799,32.6209],[78.5855,32.642],[78.6273,32.6338],[78.6637,32.6574],[78.7105,32.6679],[78.7364,32.6941],[78.7494,32.6874],[78.7422,32.6555],[78.7512,32.6409],[78.7818,32.6164],[78.7773,32.5925],[78.7571,32.5666],[78.7713,32.5388],[78.7795,32.4792],[78.7959,32.4753],[78.8124,32.4342],[78.8319,32.4281],[78.8412,32.4112],[78.8687,32.4133],[78.8821,32.398],[78.9053,32.3892],[78.9137,32.3679],[78.9367,32.3596],[78.9676,32.3358],[78.9901,32.3709],[79.0119,32.3807],[79.0577,32.3871],[79.087,32.3724],[79.1049,32.3747],[79.1005,32.3938],[79.1144,32.4187],[79.1249,32.4191],[79.1196,32.4591],[79.1316,32.4808],[79.1492,32.4768],[79.1597,32.4966],[79.1837,32.4976],[79.1882,32.5163],[79.2215,32.5096],[79.223,32.5247],[79.2481,32.5168],[79.2575,32.5378],[79.276,32.5558],[79.2662,32.5624],[79.2892,32.5964],[79.3057,32.6031],[79.2902,32.6282],[79.2951,32.6406],[79.2782,32.6572],[79.268,32.6837],[79.2834,32.6942],[79.2792,32.708],[79.2953,32.722],[79.2744,32.7774],[79.2566,32.7896],[79.2225,32.7876],[79.2248,32.8318],[79.2354,32.8488],[79.2275,32.8575],[79.2339,32.8801],[79.2249,32.8927],[79.2322,32.907],[79.2189,32.9202],[79.2413,32.9436],[79.2193,32.9625],[79.2022,32.9676],[79.2013,32.9806],[79.1796,32.9831],[79.1696,33.0076],[79.1535,33.0085],[79.1412,33.0333],[79.1443,33.1109],[79.1593,33.1362],[79.1518,33.1604],[79.1641,33.1679],[79.1236,33.2022],[79.1031,33.2066],[79.0683,33.229],[79.0806,33.2447],[79.0328,33.2787],[79.0374,33.3064],[79.0266,33.321],[78.9799,33.327],[78.9621,33.339],[78.9363,33.3868],[78.8904,33.4151],[78.8448,33.4201],[78.7986,33.4926],[78.7329,33.5701],[78.7411,33.6015],[78.7542,33.6129],[78.7523,33.6281],[78.7171,33.6237],[78.7629,33.7192],[78.7764,33.7369],[78.7557,33.7813],[78.7642,33.8369],[78.7507,33.8857],[78.7617,33.8897],[78.7619,33.9153],[78.7377,33.9194],[78.7469,33.9923],[78.7193,34.0169],[78.6649,34.0252],[78.6526,34.0416],[78.6659,34.0642],[78.6669,34.0898],[78.6816,34.0788],[78.7059,34.0947],[78.7459,34.0909],[78.7943,34.1346],[78.8392,34.1258],[78.8412,34.1402],[78.8546,34.1361],[78.8601,34.166],[78.8904,34.148],[78.9228,34.1523],[78.9304,34.1659],[78.9441,34.2254],[78.9601,34.2388],[78.9823,34.3119],[79.0532,34.2959],[79.0531,34.3214],[79.033,34.3331],[79.038,34.3571],[79.0007,34.408],[78.967,34.3991],[78.9295,34.3802],[78.8991,34.4027],[78.8781,34.3918],[78.8709,34.4061],[78.8319,34.4185],[78.7966,34.4408],[78.7601,34.4421],[78.7406,34.4595],[78.7611,34.4698],[78.757,34.4862],[78.7191,34.5026],[78.7078,34.5263],[78.6391,34.5416],[78.6186,34.5375],[78.596,34.5232],[78.5827,34.5047],[78.5673,34.5078],[78.5601,34.5262],[78.5632,34.5499],[78.556,34.5663],[78.5386,34.5755],[78.4903,34.5807],[78.4637,34.5663],[78.4483,34.5416],[78.436,34.5416],[78.4329,34.5919],[78.3878,34.6104],[78.3478,34.6073],[78.3016,34.6155],[78.2729,34.6309],[78.2668,34.6566],[78.2791,34.6772],[78.2666,34.7084],[78.2298,34.7151],[78.2072,34.7264],[78.1878,34.7996],[78.2305,34.815],[78.2369,34.8825],[78.2154,34.8897],[78.2021,34.9164],[78.1816,34.9308],[78.204,34.956],[78.1975,34.9729],[78.1774,34.9872],[78.1506,34.9929],[78.1285,35.0491],[78.1428,35.0749],[78.1303,35.1012],[78.1134,35.106],[78.0866,35.1656],[78.0457,35.1868],[78.0304,35.2074],[78.0116,35.2194],[78.004,35.2469],[78.0235,35.3587],[78.0502,35.398],[78.1066,35.439],[78.1117,35.4688],[78.1042,35.4826],[78.0761,35.4945],[78.0636,35.4855],[78.0464,35.4929],[78.0297,35.4709],[78.0058,35.4906],[77.9804,35.4893],[77.964,35.4801],[77.9291,35.4914],[77.9127,35.4688],[77.8989,35.4714],[77.8656,35.5016],[77.8563,35.4903],[77.8184,35.5232],[77.8044,35.5],[77.7548,35.5006],[77.7322,35.4821],[77.7302,35.4606],[77.7067,35.4613],[77.6902,35.4513],[77.6818,35.4228],[77.6534,35.4075],[77.612,35.3714],[77.6074,35.3407],[77.5306,35.2992],[77.4976,35.2739],[77.4469,35.2511],[77.3748,35.1925],[77.232,35.1104],[77.1721,35.0597],[77.1214,35.0536],[77.0538,35.0374],[77.0324,35.0259],[76.9679,35.0029],[76.9502,34.9822],[76.8727,34.953],[76.8366,34.9353],[76.8182,34.9177],[76.7445,34.8785],[76.7007,34.8371],[76.6393,34.8102],[76.5664,34.7918],[76.4965,34.7987],[76.455,34.7711],[76.4474,34.7503],[76.4197,34.7281],[76.3529,34.6597],[76.3053,34.6382],[76.2815,34.6229],[76.1856,34.6014],[76.0796,34.6367],[76.0182,34.6713],[76.0059,34.6467],[75.9868,34.6367],[75.9261,34.5922],[75.9038,34.5446],[75.8885,34.5331],[75.8447,34.53],[75.8271,34.5139],[75.6536,34.5108],[75.6221,34.5146],[75.5591,34.53],[75.5338,34.5423],[75.4839,34.5384],[75.4578,34.5453],[75.4302,34.5446],[75.3588,34.5653],[75.3265,34.5691],[75.2966,34.5945],[75.2644,34.6068],[75.2644,34.6283],[75.2452,34.6421],[75.2137,34.6375],[75.2006,34.672],[75.1408,34.6927],[75.1077,34.6605],[75.077,34.6536],[75.0509,34.619],[75.0141,34.619],[74.9795,34.6352],[74.9527,34.6344],[74.9342,34.6521],[74.8951,34.6567],[74.8644,34.7027],[74.8222,34.748],[74.776,34.7622],[74.7629,34.7877],[74.7528,34.8228],[74.7279,34.8383],[74.7255,34.8555],[74.7029,34.8537],[74.6988,34.8691],[74.6839,34.8727],[74.6655,34.9],[74.6459,34.8965],[74.6186,34.9101],[74.599,34.9107],[74.5704,34.8965],[74.5728,34.9404],[74.5663,34.9482],[74.5752,34.9904],[74.5889,34.9987],[74.5734,35.0183],[74.5615,35.0094],[74.5348,35.0355],[74.5384,35.0682],[74.5164,35.0842],[74.5098,35.1015],[74.4873,35.1116],[74.4635,35.108],[74.4558,35.1318],[74.4439,35.1359],[74.4195,35.1068],[74.3631,35.0575],[74.3161,35.0664],[74.293,35.0622],[74.2823,35.0462],[74.2573,35.0397],[74.2431,35.0456],[74.2235,35.0813],[74.1902,35.0848],[74.1694,35.0789],[74.1286,35.1052],[74.0948,35.0911],[74.0767,35.0475],[74.1112,35.0176],[74.0971,35.0006],[74.0694,34.9967],[74.0603,34.982],[74.0716,34.9379],[74.0389,34.9141],[74.0451,34.8904],[74.0219,34.874],[73.9778,34.8661],[73.9682,34.8356],[73.9343,34.8316],[73.9275,34.8113],[73.8981,34.8197],[73.8653,34.809],[73.8382,34.8141],[73.8308,34.7915],[73.7777,34.7949],[73.728,34.7643],[73.7234,34.7468],[73.7037,34.7191],[73.6856,34.7055],[73.6867,34.692],[73.6635,34.6626],[73.6997,34.6479],[73.659,34.5993],[73.6658,34.5801],[73.6567,34.5625],[73.6364,34.5648],[73.6279,34.5772],[73.6059,34.5851],[73.5567,34.588],[73.5375,34.5716],[73.4957,34.5772],[73.4533,34.5693],[73.4482,34.536],[73.4357,34.5269],[73.4442,34.5054],[73.429,34.4693],[73.4329,34.4354],[73.421,34.3986],[73.3984,34.3783],[73.4011,34.3708],[73.4403,34.3263],[73.4516,34.3003],[73.4696,34.2799],[73.4804,34.2912],[73.4883,34.2793],[73.4736,34.2562],[73.499,34.2076],[73.4951,34.1872],[73.4951,34.1352],[73.503,34.0691],[73.5149,34.0369],[73.511,34.0187],[73.5347,33.9882],[73.5437,33.9543],[73.5691,33.9204],[73.5884,33.9074],[73.5946,33.8916],[73.5923,33.8627],[73.5669,33.7977],[73.5985,33.7395],[73.6008,33.6988],[73.5957,33.6807],[73.577,33.6666],[73.572,33.6304],[73.6019,33.6061],[73.6285,33.5677],[73.6257,33.5451],[73.6336,33.5264],[73.6121,33.5083],[73.6115,33.4919],[73.6302,33.4563],[73.6019,33.4349],[73.5827,33.4026],[73.576,33.3774],[73.5888,33.3418],[73.6083,33.3349],[73.6037,33.3191],[73.6183,33.289],[73.6247,33.2552],[73.6274,33.2415],[73.6703,33.211],[73.6703,33.1522],[73.6251,33.1319],[73.624,33.1144],[73.6341,33.0934],[73.6534,33.0804],[73.7297,33.064],[73.7461,33.0561]]]]}},{"type":"Feature","properties":{"map_unit_id":"ba_awaran","name":"Awaran","province_code":"BA","district_ids":["ba_awaran"],"in_census_tables":true},"geometry":{"type":"Polygon","coordinates":[[[65.1936,25.5857],[65.2068,25.5648],[65.2226,25.57],[65.2562,25.5614],[65.2703,25.5849],[65.3063,25.6021],[65.3055,25.6123],[65.3352,25.5958],[65.3501,25.5951],[65.3516,25.6162],[65.3727,25.6271],[65.4009,25.6271],[65.4385,25.6412],[65.4721,25.6655],[65.487,25.6655],[65.5323,25.6889],[65.5387,25.6827],[65.5309,25.6523],[65.5347,25.6397],[65.5041,25.62],[65.5151,25.6005],[65.5167,25.5708],[65.5456,25.5481],[65.5401,25.4707],[65.5042,25.4488],[65.4987,25.4394],[65.5229,25.4285],[65.5495,25.4339],[65.6113,25.4676],[65.6872,25.5028],[65.7396,25.5184],[65.8163,25.4887],[65.871,25.4856],[65.9054,25.4989],[65.9321,25.477],[65.9555,25.4777],[65.9751,25.4879],[66.0157,25.4597],[66.0462,25.4558],[66.0767,25.4785],[66.1323,25.5677],[66.1839,25.6702],[66.2598,25.8469],[66.2582,25.8751],[66.2457,25.9267],[66.2183,26.0738],[66.1933,26.1872],[66.1659,26.2396],[66.1612,26.2725],[66.1667,26.3367],[66.1808,26.3499],[66.2175,26.3687],[66.2301,26.396],[66.2301,26.4508],[66.2485,26.4844],[66.2225,26.5151],[66.2208,26.5365],[66.1872,26.5704],[66.1707,26.5703],[66.1267,26.5389],[66.1075,26.4989],[66.1139,26.4677],[66.1087,26.4273],[66.0821,26.4135],[66.0807,26.3831],[66.0909,26.3461],[66.0915,26.3197],[66.1087,26.2701],[66.1033,26.2703],[66.0365,26.3855],[65.9369,26.5365],[65.9235,26.5807],[65.9307,26.6155],[66.0009,26.8463],[66.0179,26.9137],[66.0237,26.9615],[66.0331,26.9897],[66.0493,27.0939],[66.0521,27.1761],[66.0347,27.1921],[66.0023,27.1471],[65.9737,27.1381],[65.9169,27.1339],[65.8803,27.1745],[65.8641,27.2245],[65.8637,27.2397],[65.8475,27.2737],[65.8214,27.3127],[65.7934,27.341],[65.7634,27.3642],[65.6869,27.3918],[65.6102,27.4122],[65.5989,27.4203],[65.5846,27.4102],[65.5815,27.34],[65.5663,27.2999],[65.5099,27.2204],[65.4646,27.1467],[65.4321,27.0997],[65.3644,27.0088],[65.3443,26.9714],[65.3358,26.8958],[65.3362,26.8848],[65.3297,26.8661],[65.2911,26.7897],[65.2744,26.7779],[65.1801,26.6767],[65.1342,26.6336],[65.0447,26.5596],[65.0268,26.5425],[64.9784,26.5108],[64.9402,26.4783],[64.9179,26.4527],[64.9195,26.4234],[64.9341,26.4015],[64.9337,26.3746],[64.8886,26.3632],[64.828,26.3669],[64.6951,26.3616],[64.591,26.373],[64.4629,26.3706],[64.4422,26.3624],[64.4251,26.3421],[64.4239,26.2925],[64.4479,26.2301],[64.4625,26.2213],[64.4873,26.1921],[64.5056,26.1624],[64.5194,26.1165],[64.517,26.0908],[64.5016,26.0624],[64.4601,26.038],[64.4133,26.0343],[64.3845,26.0136],[64.3694,25.9843],[64.3605,25.9327],[64.3536,25.9201],[64.3589,25.8579],[64.3324,25.8506],[64.3239,25.8294],[64.3284,25.788],[64.3141,25.7668],[64.2771,25.742],[64.2816,25.7147],[64.3019,25.6858],[64.3402,25.6702],[64.352,25.6584],[64.3559,25.6365],[64.3144,25.6185],[64.2902,25.6224],[64.2777,25.6131],[64.2448,25.631],[64.2378,25.6146],[64.2127,25.6107],[64.1715,25.5566],[64.1588,25.5247],[64.1256,25.4812],[64.1328,25.4699],[64.2581,25.4668],[64.2808,25.4637],[64.3418,25.4363],[64.3731,25.4331],[64.4028,25.4433],[64.4756,25.4887],[64.5022,25.4965],[64.6289,25.5121],[64.8064,25.5411],[64.8753,25.5434],[64.9199,25.5544],[64.9879,25.5591],[65.0606,25.5724],[65.149,25.5951],[65.1725,25.6037],[65.1936,25.5857]]]}},{"type":"Feature","properties":{"map_unit_id":"ba_barkhan","name":"Barkhan","province_code":"BA","district_ids":["ba_barkhan"],"in_census_tables":true},"geometry":{"type":"MultiPolygon","coordinates":[[[[69.6228,29.6393],[69.632,29.6657],[69.5872,29.6781],[69.552,29.6758],[69.4771,29.6279],[69.4472,29.5987],[69.4307,29.571],[69.4337,29.5381],[69.4622,29.5209],[69.4958,29.5186],[69.5071,29.4942],[69.596,29.5065],[69.6007,29.5259],[69.6062,29.6],[69.5928,29.6276],[69.6228,29.6393]]],[[[69.7647,30.3439],[69.7444,30.3569],[69.725,30.3347],[69.7278,30.3163],[69.6845,30.2496],[69.6469,30.2105],[69.6469,30.1821],[69.6079,30.1388],[69.5894,30.1374],[69.5617,30.1559],[69.5695,30.1921],[69.5795,30.1949],[69.5944,30.224],[69.5894,30.2332],[69.5532,30.2084],[69.5022,30.1567],[69.458,30.116],[69.4121,30.0653],[69.4165,30.0479],[69.4539,30.0441],[69.4666,30.0681],[69.5033,30.0658],[69.4936,30.0336],[69.4741,30.0134],[69.4831,30.0007],[69.4532,29.9588],[69.4292,29.9363],[69.4075,29.9281],[69.3918,29.8892],[69.3401,29.8847],[69.3274,29.8697],[69.2825,29.8607],[69.2076,29.8218],[69.1627,29.7904],[69.153,29.7709],[69.0864,29.7477],[69.0669,29.7335],[69.0894,29.6878],[69.1036,29.6773],[69.1523,29.6594],[69.1807,29.6354],[69.2518,29.6115],[69.2803,29.6107],[69.3109,29.6189],[69.3873,29.6511],[69.4127,29.6549],[69.4427,29.6796],[69.4756,29.6945],[69.537,29.705],[69.5969,29.7035],[69.6514,29.6846],[69.7049,29.7091],[69.738,29.7202],[69.7509,29.7385],[69.7895,29.7655],[69.8036,29.7857],[69.833,29.8513],[69.8788,29.8953],[69.8888,29.9046],[69.9127,29.9604],[69.9335,30.0254],[69.9721,30.0603],[69.9887,30.105],[69.9881,30.1393],[70.0052,30.1835],[70.0175,30.1835],[70.0218,30.2178],[70.0518,30.2258],[70.0739,30.2552],[70.0732,30.2742],[70.015,30.2785],[69.9924,30.2527],[69.9752,30.2619],[69.9868,30.2926],[69.9611,30.292],[69.965,30.322],[69.9294,30.3306],[69.8926,30.3295],[69.8704,30.3083],[69.8214,30.2894],[69.7835,30.2927],[69.7713,30.3039],[69.7647,30.3439]]]]}},{"type":"Feature","properties":{"map_unit_id":"ba_chagai","name":"Chagai","province_code":"BA","district_ids":["ba_chagai"],"in_census_tables":true},"geometry":{"type":"Polygon","coordinates":[[[62.7931,27.9523],[62.8034,27.8884],[62.821,27.8952],[62.8636,27.9258],[62.8977,27.9627],[62.9211,27.9818],[62.9353,28.0031],[62.9765,28.0351],[63.0467,28.0954],[63.1291,28.1579],[63.1745,28.1777],[63.1951,28.177],[63.2178,28.2068],[63.2306,28.2523],[63.2533,28.2728],[63.3739,28.265],[63.496,28.2913],[63.5549,28.2941],[63.7082,28.2913],[63.7601,28.3034],[63.7913,28.3169],[63.8183,28.3452],[63.8268,28.2991],[63.8566,28.3339],[63.9013,28.3687],[63.9269,28.3779],[63.9489,28.3765],[63.9914,28.3907],[64.0127,28.3836],[64.0511,28.4233],[64.0752,28.4283],[64.1306,28.4695],[64.2051,28.4702],[64.2228,28.4836],[64.2796,28.4971],[64.2855,28.5395],[64.3321,28.5241],[64.3648,28.5198],[64.4173,28.5269],[64.4386,28.5468],[64.4698,28.5922],[64.494,28.6107],[64.5202,28.6128],[64.6111,28.6462],[64.6664,28.6512],[64.746,28.6749],[64.7457,28.6783],[64.8097,28.6984],[64.9105,28.6871],[64.931,28.6899],[64.9772,28.7325],[65.0247,28.785],[65.0474,28.8056],[65.144,28.8141],[65.1717,28.8234],[65.2142,28.8603],[65.2455,28.8958],[65.2881,28.9149],[65.3647,28.9689],[65.403,28.9923],[65.4499,29.0278],[65.4701,29.0364],[65.4645,29.0712],[65.403,29.1809],[65.3622,29.249],[65.2666,29.4168],[65.2297,29.4604],[65.1709,29.5208],[65.1316,29.5525],[65.0702,29.5353],[64.9988,29.5379],[64.9628,29.553],[64.8717,29.5596],[64.8023,29.5681],[64.7256,29.5714],[64.6706,29.5799],[64.6194,29.5811],[64.4655,29.57],[64.4176,29.5445],[64.3633,29.5497],[64.3161,29.5301],[64.2673,29.5219],[64.2477,29.5029],[64.2181,29.4965],[64.1944,29.4696],[64.1569,29.4442],[64.1444,29.399],[64.111,29.3774],[64.0854,29.3866],[64.0481,29.4174],[63.9518,29.4338],[63.8581,29.4462],[63.594,29.4901],[63.5383,29.4901],[63.3844,29.477],[63.2952,29.4728],[63.2412,29.467],[63.2392,29.463],[63.1426,29.4527],[62.7197,29.4122],[62.6243,29.4023],[62.5224,29.3954],[62.4572,29.3852],[62.3137,29.4278],[62.22,29.4573],[62.1021,29.4894],[61.9769,29.5274],[61.6637,29.6172],[61.5464,29.6545],[60.8919,29.8517],[60.9023,29.8327],[60.9777,29.7423],[61.0302,29.6844],[61.0838,29.6178],[61.1304,29.5667],[61.1639,29.5359],[61.1847,29.5097],[61.2234,29.4756],[61.2568,29.4403],[61.3741,29.3459],[61.382,29.3315],[61.3544,29.2765],[61.3879,29.209],[61.4272,29.1926],[61.4138,29.1359],[61.4495,29.1244],[61.4781,29.102],[61.4789,29.0812],[61.5031,29.0573],[61.5038,29.0019],[61.521,28.9921],[61.5471,28.9633],[61.568,28.9207],[61.6165,28.8604],[61.629,28.8348],[61.6722,28.7785],[61.7148,28.7431],[61.7646,28.6913],[61.8033,28.6396],[61.8334,28.6258],[61.8622,28.6003],[61.9507,28.5485],[61.9802,28.542],[62.0254,28.5216],[62.0378,28.5066],[62.1171,28.4843],[62.1682,28.4876],[62.2167,28.4732],[62.2357,28.4633],[62.2868,28.4659],[62.3399,28.4443],[62.3687,28.4384],[62.4231,28.4135],[62.4715,28.3774],[62.4996,28.3315],[62.5522,28.2998],[62.594,28.2531],[62.7927,28.2816],[62.7954,28.2154],[62.7918,28.1533],[62.7709,28.0299],[62.7936,27.9786],[62.7931,27.9523]]]}},{"type":"Feature","properties":{"map_unit_id":"ba_chaman","name":"Chaman","province_code":"BA","district_ids":["ba_chaman"],"in_census_tables":true},"geometry":{"type":"Polygon","coordinates":[[[66.7402,31.0386],[66.686,31.0816],[66.6772,31.0665],[66.6454,31.0416],[66.622,31.0154],[66.5811,30.9842],[66.5523,30.9682],[66.5143,30.961],[66.4604,30.9566],[66.42,30.9453],[66.3974,30.9451],[66.3885,30.9296],[66.347,30.7615],[66.3374,30.7415],[66.3073,30.6334],[66.2961,30.6085],[66.2857,30.564],[66.302,30.5037],[66.3298,30.4867],[66.3613,30.5364],[66.3747,30.5472],[66.3936,30.5432],[66.4138,30.5526],[66.4232,30.5863],[66.4084,30.5863],[66.4044,30.6038],[66.4138,30.624],[66.4528,30.6509],[66.4811,30.6509],[66.4919,30.6644],[66.5283,30.6724],[66.5902,30.6724],[66.6293,30.7021],[66.6198,30.7492],[66.6239,30.795],[66.6562,30.8394],[66.7006,30.861],[66.776,30.9108],[66.8103,30.926],[66.8208,30.9441],[66.7765,30.9816],[66.7528,31.0115],[66.7402,31.0386]]]}},{"type":"Feature","properties":{"map_unit_id":"ba_dera_bugti","name":"Dera Bugti","province_code":"BA","district_ids":["ba_dera_bugti"],"in_census_tables":true},"geometry":{"type":"Polygon","coordinates":[[[69.2415,28.4512],[69.3608,28.4512],[69.3323,28.5263],[69.3188,28.552],[69.3494,28.5704],[69.4162,28.5974],[69.4806,28.6979],[69.518,28.7512],[69.5388,28.7929],[69.5229,28.8321],[69.4812,28.8505],[69.4935,28.8995],[69.5407,28.932],[69.5554,28.9547],[69.5774,28.959],[69.5909,28.9951],[69.6142,29.0276],[69.6528,29.0711],[69.6976,29.0883],[69.7491,29.1876],[69.7387,29.2243],[69.7626,29.2789],[69.7648,29.2936],[69.746,29.2979],[69.7,29.2599],[69.6841,29.2581],[69.6804,29.2881],[69.6633,29.3083],[69.6363,29.312],[69.6369,29.3255],[69.6651,29.3524],[69.67,29.3653],[69.646,29.3976],[69.4646,29.3616],[69.3856,29.3561],[69.3679,29.3981],[69.3506,29.3757],[69.3139,29.3539],[69.2638,29.3457],[69.2511,29.3375],[69.2046,29.2686],[69.141,29.2484],[69.0841,29.2536],[69.0317,29.2641],[69.0018,29.2604],[68.9763,29.2402],[68.9456,29.2274],[68.918,29.2244],[68.8446,29.2439],[68.7166,29.2626],[68.647,29.2671],[68.629,29.2604],[68.4806,29.2215],[68.467,29.207],[68.4049,29.2047],[68.3563,29.2086],[68.3196,29.2254],[68.2862,29.223],[68.2734,29.1943],[68.2758,29.1776],[68.3515,29.0923],[68.381,29.0525],[68.4112,28.9824],[68.4104,28.9091],[68.4192,28.8589],[68.4343,28.8163],[68.4395,28.7725],[68.4369,28.7214],[68.4462,28.6755],[68.475,28.643],[68.4909,28.6398],[68.5276,28.6135],[68.5913,28.5793],[68.6614,28.5355],[68.765,28.4885],[68.8359,28.4725],[68.9052,28.4677],[68.98,28.4685],[69.0398,28.4606],[69.082,28.4996],[69.1179,28.4789],[69.131,28.4398],[69.1751,28.4418],[69.2415,28.4512]]]}},{"type":"Feature","properties":{"map_unit_id":"ba_duki","name":"Duki","province_code":"BA","district_ids":["ba_duki"],"in_census_tables":true},"geometry":{"type":"Polygon","coordinates":[[[69.725,30.3347],[69.7444,30.3569],[69.7211,30.3697],[69.7067,30.3597],[69.6667,30.3785],[69.6499,30.3796],[69.6521,30.4097],[69.6299,30.4109],[69.6177,30.4263],[69.5745,30.4435],[69.5578,30.4395],[69.5142,30.3842],[69.4954,30.3771],[69.4754,30.3465],[69.44,30.3465],[69.3823,30.3382],[69.3093,30.3335],[69.2904,30.3383],[69.2221,30.3807],[69.1962,30.3842],[69.1715,30.3713],[69.1079,30.3512],[69.0761,30.3453],[69.0561,30.33],[69.0384,30.3289],[69.0113,30.3018],[68.9289,30.2924],[68.8711,30.2959],[68.8429,30.2865],[68.7769,30.277],[68.7628,30.2652],[68.7039,30.2699],[68.6839,30.2593],[68.6627,30.2699],[68.6215,30.2641],[68.5778,30.2655],[68.5484,30.2594],[68.5449,30.2347],[68.5119,30.2253],[68.4601,30.1852],[68.4271,30.1876],[68.3682,30.1758],[68.3376,30.1628],[68.3035,30.1605],[68.2669,30.1758],[68.221,30.1782],[68.2118,30.1713],[68.2174,30.1468],[68.2813,30.1091],[68.3806,30.058],[68.3941,30.0282],[68.4134,30.011],[68.4701,29.9593],[68.4957,29.9415],[68.5375,29.9273],[68.5645,29.911],[68.6852,29.9153],[68.7696,29.9273],[68.8349,29.9614],[68.8413,29.9756],[68.8811,30.0033],[68.94,30.0217],[68.9712,30.0097],[68.9854,29.9862],[69.0109,29.9855],[69.0471,29.9749],[69.0805,29.9898],[69.099,29.9848],[69.1501,29.9884],[69.1586,29.9976],[69.2253,30.0075],[69.3396,30.0082],[69.3595,30.026],[69.3964,30.0366],[69.4121,30.0653],[69.458,30.116],[69.5022,30.1567],[69.5532,30.2084],[69.5894,30.2332],[69.5944,30.224],[69.5795,30.1949],[69.5695,30.1921],[69.5617,30.1559],[69.5894,30.1374],[69.6079,30.1388],[69.6469,30.1821],[69.6469,30.2105],[69.6845,30.2496],[69.7278,30.3163],[69.725,30.3347]]]}},{"type":"Feature","properties":{"map_unit_id":"ba_gwadar","name":"Gwadar","province_code":"BA","district_ids":["ba_gwadar"],"in_census_tables":true},"geometry":{"type":"Polygon","coordinates":[[[61.766,25.7077],[61.7273,25.7189],[61.6986,25.6909],[61.6963,25.6675],[61.679,25.6586],[61.6603,25.4294],[61.6532,25.3117],[61.6183,25.1761],[61.6705,25.1692],[61.7089,25.1543],[61.7436,25.132],[61.7558,25.1316],[61.7676,25.0876],[61.7372,25.0731],[61.7438,25.0519],[61.7298,25.0419],[61.7318,25.023],[61.7805,25.0167],[61.7942,25.0259],[61.8509,25.0356],[61.8625,25.0863],[61.8782,25.1002],[61.9168,25.1104],[61.955,25.1117],[62.0893,25.1011],[62.0727,25.1184],[62.0753,25.1373],[62.0544,25.1517],[62.067,25.1862],[62.1013,25.2057],[62.1322,25.215],[62.1732,25.2199],[62.2228,25.2174],[62.2714,25.202],[62.3033,25.1768],[62.3154,25.1564],[62.3157,25.119],[62.2569,25.1065],[62.2689,25.099],[62.3079,25.0937],[62.36,25.0924],[62.3839,25.1047],[62.3327,25.1107],[62.3288,25.1433],[62.3386,25.1649],[62.3613,25.1884],[62.4177,25.2142],[62.4696,25.2217],[62.4587,25.2335],[62.4755,25.2577],[62.5403,25.2686],[62.599,25.2703],[62.7229,25.2538],[62.7558,25.2467],[62.807,25.2495],[62.979,25.2135],[63.0073,25.2111],[63.0258,25.2238],[63.0787,25.2347],[63.0905,25.2545],[63.1171,25.2585],[63.2782,25.235],[63.3852,25.2223],[63.4813,25.2058],[63.509,25.2244],[63.4773,25.2439],[63.4807,25.2631],[63.4691,25.2749],[63.4891,25.3163],[63.5149,25.3383],[63.595,25.3742],[63.6774,25.3853],[63.7166,25.3828],[63.7695,25.3729],[63.88,25.3444],[64.0475,25.3251],[64.0619,25.3285],[64.0679,25.3488],[64.0434,25.3865],[64.0425,25.4023],[64.0199,25.404],[64.0112,25.3851],[63.9935,25.3851],[63.9699,25.4209],[63.9981,25.4379],[64.0103,25.4586],[64.028,25.4697],[64.0819,25.4613],[64.1045,25.4698],[64.1562,25.4613],[64.1766,25.4522],[64.1477,25.3992],[64.1346,25.4051],[64.091,25.3905],[64.1309,25.3656],[64.1223,25.3538],[64.1005,25.3574],[64.1012,25.3235],[64.1384,25.3238],[64.2287,25.3107],[64.2286,25.3014],[64.2872,25.2873],[64.3394,25.2692],[64.3743,25.2529],[64.3787,25.2441],[64.411,25.2381],[64.4768,25.246],[64.474,25.2574],[64.5228,25.2735],[64.5754,25.2605],[64.5952,25.2484],[64.6149,25.2231],[64.6184,25.2077],[64.5759,25.1782],[64.5822,25.1567],[64.6946,25.1845],[64.6845,25.1994],[64.6464,25.2059],[64.6386,25.2166],[64.6406,25.2494],[64.6616,25.2832],[64.6891,25.3024],[64.7284,25.3145],[64.8056,25.3235],[64.8652,25.3264],[64.9437,25.3243],[65.0347,25.3179],[65.1175,25.3029],[65.1827,25.304],[65.2179,25.312],[65.2408,25.3501],[65.2076,25.3838],[65.2108,25.4887],[65.2068,25.5648],[65.1936,25.5857],[65.1725,25.6037],[65.149,25.5951],[65.0606,25.5724],[64.9879,25.5591],[64.9199,25.5544],[64.8753,25.5434],[64.8064,25.5411],[64.6289,25.5121],[64.5022,25.4965],[64.4756,25.4887],[64.4028,25.4433],[64.3731,25.4331],[64.3418,25.4363],[64.2808,25.4637],[64.2581,25.4668],[64.1328,25.4699],[64.1256,25.4812],[64.1588,25.5247],[64.1715,25.5566],[64.1262,25.5577],[64.1036,25.5711],[64.081,25.6009],[64.0532,25.6143],[64.0058,25.6143],[63.9307,25.5927],[63.8072,25.5649],[63.7753,25.5526],[63.7414,25.532],[63.5819,25.4682],[63.5242,25.4332],[63.4964,25.4229],[63.4563,25.3859],[63.412,25.3612],[63.4038,25.3735],[63.4357,25.4054],[63.4409,25.4178],[63.4265,25.426],[63.4172,25.4528],[63.3791,25.461],[63.3616,25.4898],[63.3472,25.498],[63.2752,25.4991],[63.2196,25.5124],[63.2083,25.5073],[63.1867,25.5166],[63.0992,25.5166],[63.0735,25.5289],[63.0333,25.532],[63.0148,25.5608],[62.9798,25.5937],[62.9634,25.5979],[62.9068,25.5824],[62.8913,25.5824],[62.845,25.5567],[62.8152,25.5649],[62.7822,25.566],[62.6701,25.5546],[62.6299,25.5567],[62.4756,25.5557],[62.4601,25.5515],[62.3943,25.5536],[62.349,25.5443],[62.2584,25.5135],[62.2173,25.5073],[62.1349,25.4754],[62.101,25.4836],[62.0917,25.5011],[62.066,25.5032],[62.0639,25.5443],[62.0763,25.5536],[62.1123,25.5577],[62.1144,25.5814],[62.0897,25.5968],[62.0742,25.6174],[62.0783,25.674],[62.0533,25.7118],[62.0502,25.7286],[62.0577,25.7633],[62.0333,25.7695],[62.0306,25.7468],[62.0115,25.71],[61.9907,25.6838],[61.9596,25.6612],[61.9209,25.6634],[61.8863,25.6873],[61.8536,25.6845],[61.8019,25.7039],[61.766,25.7077]]]}},{"type":"Feature","properties":{"map_unit_id":"ba_harnai","name":"Harnai","province_code":"BA","district_ids":["ba_harnai"],"in_census_tables":true},"geometry":{"type":"Polygon","coordinates":[[[68.2174,30.1468],[68.2118,30.1713],[68.1848,30.1828],[68.1592,30.2048],[68.1415,30.2077],[68.1323,30.2233],[68.1024,30.2418],[68.0911,30.2645],[68.0087,30.2794],[67.9889,30.2978],[67.9527,30.3099],[67.9406,30.3198],[67.8959,30.3255],[67.8789,30.3354],[67.8668,30.3631],[67.8185,30.3745],[67.7546,30.3844],[67.7433,30.3781],[67.7582,30.3461],[67.744,30.3255],[67.6695,30.2949],[67.6404,30.2978],[67.617,30.2928],[67.5793,30.2737],[67.5481,30.28],[67.5211,30.2936],[67.4949,30.3155],[67.4551,30.3141],[67.4372,30.3056],[67.3927,30.317],[67.3423,30.3198],[67.3089,30.3389],[67.2871,30.3299],[67.2926,30.2964],[67.2692,30.2709],[67.2308,30.2467],[67.2213,30.2313],[67.2528,30.2268],[67.2741,30.2531],[67.2841,30.241],[67.2819,30.2041],[67.3018,30.1772],[67.3189,30.1729],[67.3834,30.1743],[67.4067,30.1831],[67.4175,30.1679],[67.4381,30.0863],[67.4307,30.0536],[67.4591,30.032],[67.4991,30.0273],[67.5356,30.0379],[67.5403,30.0603],[67.5615,30.0732],[67.5662,30.0956],[67.611,30.1038],[67.6227,30.118],[67.6863,30.1239],[67.7005,30.1086],[67.7464,30.0932],[67.7841,30.0662],[67.7935,30.0473],[67.7641,30.0249],[67.7794,30.0132],[67.8642,30.0167],[67.8948,30.0297],[67.9478,30.0261],[67.9773,30.012],[67.9996,29.9849],[68.0126,29.9602],[68.0126,29.9154],[68.0043,29.8871],[67.9643,29.82],[67.9455,29.8118],[67.9278,29.7753],[67.9113,29.7588],[67.8889,29.7199],[67.883,29.6999],[67.8948,29.6905],[67.9184,29.7105],[67.9466,29.7258],[67.9796,29.7588],[67.9737,29.7941],[68.0173,29.8059],[68.0267,29.82],[68.0562,29.8424],[68.0632,29.8883],[68.0797,29.8966],[68.1504,29.9013],[68.2517,29.9307],[68.3518,29.9319],[68.4001,29.9354],[68.4036,29.9784],[68.4134,30.011],[68.3941,30.0282],[68.3806,30.058],[68.2813,30.1091],[68.2174,30.1468]]]}},{"type":"Feature","properties":{"map_unit_id":"ba_jaffarabad","name":"Jaffarabad","province_code":"BA","district_ids":["ba_jaffarabad"],"in_census_tables":true},"geometry":{"type":"Polygon","coordinates":[[[67.8686,28.0055],[67.9136,28.0007],[67.9231,28.0363],[67.9705,28.0766],[68.0156,28.0956],[68.0654,28.1382],[68.2005,28.2426],[68.3547,28.2924],[68.395,28.3896],[68.4638,28.4323],[68.4365,28.4523],[68.449,28.4778],[68.4306,28.5143],[68.4332,28.5288],[68.4572,28.5567],[68.4516,28.5731],[68.4556,28.6115],[68.4104,28.6231],[68.3791,28.618],[68.3794,28.541],[68.3865,28.5187],[68.3865,28.4765],[68.3746,28.4423],[68.3618,28.4383],[68.2798,28.4439],[68.2025,28.4407],[68.1483,28.4303],[68.0886,28.4],[68.0758,28.3889],[68.0719,28.3475],[68.0615,28.3347],[68.0026,28.2861],[67.9818,28.2582],[67.9564,28.2439],[67.8759,28.2208],[67.8011,28.2065],[67.7221,28.1849],[67.6497,28.1547],[67.6265,28.1499],[67.6361,28.1029],[67.6329,28.0543],[67.6608,28.0232],[67.6727,27.9842],[67.672,27.9374],[67.7382,27.9414],[67.7856,27.9509],[67.7879,27.9817],[67.833,27.9912],[67.8686,28.0055]]]}},{"type":"Feature","properties":{"map_unit_id":"ba_jhal_magsi","name":"Jhal Magsi","province_code":"BA","district_ids":["ba_jhal_magsi"],"in_census_tables":true},"geometry":{"type":"Polygon","coordinates":[[[67.6599,27.9367],[67.672,27.9374],[67.6727,27.9842],[67.6608,28.0232],[67.6329,28.0543],[67.6361,28.1029],[67.6265,28.1499],[67.6497,28.1547],[67.7221,28.1849],[67.8011,28.2065],[67.7931,28.2678],[67.7811,28.2909],[67.7525,28.3905],[67.7381,28.4231],[67.7413,28.4662],[67.7533,28.4972],[67.7867,28.5466],[67.7716,28.6056],[67.7748,28.61],[67.753,28.6607],[67.7382,28.7114],[67.7055,28.7465],[67.7008,28.7902],[67.7343,28.8167],[67.7148,28.8331],[67.6617,28.8424],[67.6259,28.8362],[67.6017,28.8261],[67.5814,28.8276],[67.5682,28.8534],[67.5353,28.8307],[67.5237,28.8027],[67.526,28.734],[67.5167,28.7122],[67.4956,28.7153],[67.4582,28.7598],[67.4417,28.7605],[67.4028,28.7426],[67.3434,28.7207],[67.3224,28.7036],[67.2741,28.7028],[67.2323,28.7147],[67.2311,28.6903],[67.2038,28.5476],[67.1695,28.5226],[67.1602,28.4976],[67.2046,28.4984],[67.2451,28.4656],[67.2608,28.4399],[67.2897,28.4305],[67.3037,28.4329],[67.3239,28.4103],[67.3239,28.3713],[67.3481,28.3463],[67.3505,28.3167],[67.384,28.2636],[67.3918,28.2378],[67.3941,28.1653],[67.4004,28.0904],[67.3879,28.0343],[67.3887,27.9555],[67.3976,27.9123],[67.4201,27.8951],[67.5014,27.9029],[67.5329,27.9124],[67.5437,27.9059],[67.6599,27.9367]]]}},{"type":"Feature","properties":{"map_unit_id":"ba_kachhi","name":"Kachhi","province_code":"BA","district_ids":["ba_kachhi"],"in_census_tables":true},"geometry":{"type":"Polygon","coordinates":[[[68.0328,28.7354],[68.0192,28.7756],[67.9973,28.7771],[67.9543,28.8124],[67.9465,28.8467],[68.0018,28.8588],[68.0294,28.8765],[68.0095,28.9151],[67.9874,28.9306],[67.9786,28.9461],[67.9598,28.9527],[67.9333,28.9913],[67.9256,29.0267],[67.9245,29.0642],[67.93,29.0929],[67.9697,29.0929],[67.9753,29.1051],[67.9797,29.1548],[67.9786,29.2056],[67.973,29.2277],[67.9675,29.3293],[67.9808,29.3525],[67.9798,29.3696],[67.9351,29.3375],[67.9059,29.3292],[67.8745,29.3285],[67.8715,29.3427],[67.8849,29.3539],[67.8902,29.3742],[67.8775,29.4333],[67.8617,29.4445],[67.8146,29.458],[67.8153,29.4827],[67.8078,29.5029],[67.8056,29.5403],[67.7906,29.562],[67.7876,29.5838],[67.7757,29.5995],[67.7263,29.5995],[67.6918,29.604],[67.6731,29.6466],[67.6417,29.6601],[67.5738,29.6668],[67.5506,29.6758],[67.5371,29.6964],[67.5185,29.7048],[67.5017,29.7344],[67.4985,29.7826],[67.487,29.8212],[67.4606,29.8733],[67.4419,29.8945],[67.4156,29.9106],[67.3734,29.9216],[67.343,29.9075],[67.3189,29.9429],[67.3032,29.9238],[67.2791,29.9266],[67.2777,29.9408],[67.2493,29.9706],[67.2301,29.9742],[67.2188,29.9607],[67.1918,29.9827],[67.167,29.9727],[67.1265,29.9408],[67.1194,29.9188],[67.1471,29.8521],[67.1471,29.818],[67.1542,29.7854],[67.1776,29.752],[67.1954,29.7371],[67.2472,29.7165],[67.2592,29.703],[67.2756,29.7037],[67.2706,29.6796],[67.2245,29.6562],[67.1975,29.6179],[67.1925,29.5781],[67.1265,29.5313],[67.1277,29.5106],[67.1663,29.5044],[67.2315,29.5044],[67.2577,29.4999],[67.2839,29.5074],[67.319,29.5254],[67.3355,29.5209],[67.346,29.5044],[67.3527,29.4498],[67.3722,29.4251],[67.4134,29.3974],[67.4358,29.3929],[67.4463,29.3794],[67.4448,29.339],[67.4508,29.3188],[67.465,29.2192],[67.459,29.1728],[67.4396,29.1264],[67.4171,29.1096],[67.3924,29.0813],[67.3623,29.0009],[67.3504,28.9781],[67.3266,28.8977],[67.3065,28.8657],[67.2883,28.8511],[67.266,28.8574],[67.242,28.8315],[67.2225,28.7902],[67.2319,28.7535],[67.2323,28.7147],[67.2741,28.7028],[67.3224,28.7036],[67.3434,28.7207],[67.4028,28.7426],[67.4417,28.7605],[67.4582,28.7598],[67.4956,28.7153],[67.5167,28.7122],[67.526,28.734],[67.5237,28.8027],[67.5353,28.8307],[67.5682,28.8534],[67.5814,28.8276],[67.6017,28.8261],[67.6259,28.8362],[67.6617,28.8424],[67.7148,28.8331],[67.7343,28.8167],[67.7008,28.7902],[67.7055,28.7465],[67.7382,28.7114],[67.753,28.6607],[67.7748,28.61],[67.7787,28.6151],[67.8329,28.6199],[67.8687,28.6135],[67.8878,28.6486],[67.8631,28.6669],[67.9046,28.7115],[67.9117,28.7275],[67.9524,28.784],[67.9643,28.7872],[67.9675,28.7665],[67.9635,28.7067],[67.9715,28.7012],[68.0002,28.7099],[68.0328,28.7354]]]}},{"type":"Feature","properties":{"map_unit_id":"ba_kalat","name":"Kalat","province_code":"BA","district_ids":["ba_kalat"],"in_census_tables":true},"geometry":{"type":"Polygon","coordinates":[[[66.4177,28.5617],[66.5104,28.5481],[66.5969,28.5661],[66.6316,28.5972],[66.6453,28.6209],[66.669,28.6465],[66.6791,28.6748],[66.6973,28.7004],[66.7056,28.726],[66.743,28.7844],[66.7713,28.8164],[66.8152,28.8319],[66.8508,28.8301],[66.9001,28.8365],[67.0161,28.842],[67.1111,28.8383],[67.196,28.8447],[67.266,28.8574],[67.2883,28.8511],[67.3065,28.8657],[67.3266,28.8977],[67.3504,28.9781],[67.3623,29.0009],[67.3924,29.0813],[67.4171,29.1096],[67.4396,29.1264],[67.459,29.1728],[67.465,29.2192],[67.4508,29.3188],[67.4448,29.339],[67.4463,29.3794],[67.4358,29.3929],[67.4134,29.3974],[67.3722,29.4251],[67.3527,29.4498],[67.346,29.5044],[67.3355,29.5209],[67.319,29.5254],[67.2839,29.5074],[67.2577,29.4999],[67.2315,29.5044],[67.1663,29.5044],[67.1277,29.5106],[67.1166,29.4858],[67.0917,29.4582],[67.0782,29.4567],[67.0726,29.4326],[67.0215,29.4347],[66.9505,29.4418],[66.8845,29.4269],[66.8369,29.422],[66.817,29.4312],[66.8199,29.4433],[66.8582,29.488],[66.8717,29.5277],[66.8674,29.544],[66.8206,29.5625],[66.8021,29.5646],[66.7666,29.5426],[66.7461,29.5171],[66.7099,29.4922],[66.6687,29.4461],[66.6304,29.4468],[66.619,29.4603],[66.619,29.4929],[66.6453,29.5682],[66.6453,29.6015],[66.629,29.6193],[66.6084,29.6271],[66.5821,29.6221],[66.5495,29.6015],[66.4842,29.5419],[66.4331,29.4787],[66.3961,29.4113],[66.3862,29.3574],[66.3756,29.3453],[66.3131,29.3361],[66.2641,29.3474],[66.2464,29.3623],[66.1946,29.383],[66.1747,29.3439],[66.156,29.3314],[66.1442,29.2786],[66.125,29.2403],[66.1044,29.1778],[66.1023,29.1544],[66.1165,29.1104],[66.1406,29.087],[66.1406,29.0295],[66.1243,28.9819],[66.1186,28.9344],[66.098,28.9017],[66.0704,28.8357],[66.0342,28.8265],[66.0171,28.7775],[66.015,28.7285],[66.0384,28.7115],[66.0597,28.7143],[66.0689,28.7285],[66.0882,28.7239],[66.1682,28.7171],[66.2552,28.6943],[66.2808,28.6943],[66.3378,28.6715],[66.3663,28.6373],[66.3678,28.6045],[66.3763,28.5845],[66.4177,28.5617]]]}},{"type":"Feature","properties":{"map_unit_id":"ba_kech","name":"Kech","province_code":"BA","district_ids":["ba_kech"],"in_census_tables":true},"geometry":{"type":"Polygon","coordinates":[[[61.7373,25.7411],[61.7273,25.7189],[61.766,25.7077],[61.8019,25.7039],[61.8536,25.6845],[61.8863,25.6873],[61.9209,25.6634],[61.9596,25.6612],[61.9907,25.6838],[62.0115,25.71],[62.0306,25.7468],[62.0333,25.7695],[62.0577,25.7633],[62.0502,25.7286],[62.0533,25.7118],[62.0783,25.674],[62.0742,25.6174],[62.0897,25.5968],[62.1144,25.5814],[62.1123,25.5577],[62.0763,25.5536],[62.0639,25.5443],[62.066,25.5032],[62.0917,25.5011],[62.101,25.4836],[62.1349,25.4754],[62.2173,25.5073],[62.2584,25.5135],[62.349,25.5443],[62.3943,25.5536],[62.4601,25.5515],[62.4756,25.5557],[62.6299,25.5567],[62.6701,25.5546],[62.7822,25.566],[62.8152,25.5649],[62.845,25.5567],[62.8913,25.5824],[62.9068,25.5824],[62.9634,25.5979],[62.9798,25.5937],[63.0148,25.5608],[63.0333,25.532],[63.0735,25.5289],[63.0992,25.5166],[63.1867,25.5166],[63.2083,25.5073],[63.2196,25.5124],[63.2752,25.4991],[63.3472,25.498],[63.3616,25.4898],[63.3791,25.461],[63.4172,25.4528],[63.4265,25.426],[63.4409,25.4178],[63.4357,25.4054],[63.4038,25.3735],[63.412,25.3612],[63.4563,25.3859],[63.4964,25.4229],[63.5242,25.4332],[63.5819,25.4682],[63.7414,25.532],[63.7753,25.5526],[63.8072,25.5649],[63.9307,25.5927],[64.0058,25.6143],[64.0532,25.6143],[64.081,25.6009],[64.1036,25.5711],[64.1262,25.5577],[64.1715,25.5566],[64.2127,25.6107],[64.2378,25.6146],[64.2448,25.631],[64.2777,25.6131],[64.2902,25.6224],[64.3144,25.6185],[64.3559,25.6365],[64.352,25.6584],[64.3402,25.6702],[64.3019,25.6858],[64.2816,25.7147],[64.2771,25.742],[64.3141,25.7668],[64.3284,25.788],[64.3239,25.8294],[64.3324,25.8506],[64.3589,25.8579],[64.3536,25.9201],[64.3605,25.9327],[64.3694,25.9843],[64.3845,26.0136],[64.4133,26.0343],[64.4601,26.038],[64.5016,26.0624],[64.517,26.0908],[64.5194,26.1165],[64.5056,26.1624],[64.4873,26.1921],[64.4625,26.2213],[64.4479,26.2301],[64.4034,26.246],[64.3678,26.2663],[64.3611,26.2295],[64.3225,26.2062],[64.2857,26.1939],[64.2581,26.1712],[64.2317,26.1669],[64.1766,26.1712],[64.0791,26.1491],[64.0601,26.151],[64.0294,26.1694],[63.9166,26.281],[63.8908,26.3018],[63.8504,26.3165],[63.7915,26.3135],[63.7437,26.292],[63.729,26.2779],[63.7087,26.273],[63.6879,26.281],[63.6125,26.2614],[63.5953,26.2693],[63.5873,26.3024],[63.5959,26.3441],[63.591,26.365],[63.569,26.3766],[63.5273,26.3686],[63.5138,26.3754],[63.5168,26.395],[63.5352,26.3907],[63.5358,26.4048],[63.5616,26.4159],[63.5726,26.411],[63.6045,26.4195],[63.5959,26.43],[63.5119,26.4698],[63.4163,26.5029],[63.3721,26.5005],[63.3022,26.4729],[63.1925,26.4367],[63.141,26.4422],[63.1318,26.452],[63.1569,26.4729],[63.1569,26.4949],[63.1208,26.4851],[63.1226,26.5066],[63.0895,26.5103],[63.0926,26.5213],[63.13,26.5575],[63.133,26.5771],[63.1036,26.6053],[63.0748,26.6417],[63.0517,26.6353],[62.9859,26.653],[62.9224,26.6458],[62.8521,26.644],[62.8299,26.6508],[62.7765,26.6527],[62.7476,26.644],[62.7253,26.6208],[62.6938,26.6131],[62.6629,26.6136],[62.6019,26.5841],[62.5463,26.5791],[62.5051,26.58],[62.4629,26.5664],[62.4348,26.5664],[62.398,26.5365],[62.364,26.5378],[62.3074,26.5209],[62.2982,26.4929],[62.3104,26.4716],[62.2796,26.4448],[62.2587,26.4457],[62.2798,26.3778],[62.2554,26.3616],[62.2514,26.3455],[62.2729,26.3298],[62.2491,26.3199],[62.2289,26.3304],[62.2347,26.3166],[62.2194,26.2956],[62.2154,26.2698],[62.1408,26.271],[62.1047,26.2832],[62.0985,26.3039],[62.0737,26.3253],[62.035,26.3337],[62.0304,26.3142],[62.0055,26.286],[61.9849,26.2809],[61.9638,26.2619],[61.9216,26.2539],[61.9,26.2623],[61.895,26.2323],[61.8613,26.1757],[61.8431,26.0667],[61.8437,26.037],[61.8333,26.0289],[61.8484,26.0189],[61.8396,26.0097],[61.8271,25.9612],[61.834,25.9109],[61.8584,25.9151],[61.8752,25.8941],[61.8931,25.8901],[61.8816,25.8799],[61.8446,25.8781],[61.8252,25.8406],[61.8451,25.8397],[61.849,25.8047],[61.8422,25.7448],[61.8124,25.7385],[61.8005,25.7179],[61.7761,25.7309],[61.7479,25.7327],[61.7373,25.7411]]]}},{"type":"Feature","properties":{"map_unit_id":"ba_kharan","name":"Kharan","province_code":"BA","district_ids":["ba_kharan"],"in_census_tables":true},"geometry":{"type":"Polygon","coordinates":[[[64.7457,28.6783],[64.746,28.6749],[64.7616,28.6165],[64.754,28.5255],[64.7392,28.3967],[64.7807,28.3319],[64.8107,28.3041],[64.8407,28.2531],[64.9811,28.1465],[65.048,28.0215],[65.0619,28.0122],[65.2298,28.0603],[65.2778,28.0563],[65.2946,28.0691],[65.3869,28.1266],[65.4422,28.1685],[65.4585,28.1848],[65.5182,28.2125],[65.6076,28.2594],[65.641,28.2807],[65.6814,28.2984],[65.7048,28.2977],[65.7765,28.3261],[65.8574,28.3481],[65.8834,28.3579],[65.9,28.3772],[65.9249,28.4183],[65.971,28.4538],[66.0072,28.5042],[66.0171,28.5241],[66.059,28.5773],[66.0888,28.6675],[66.0882,28.7239],[66.0689,28.7285],[66.0597,28.7143],[66.0384,28.7115],[66.015,28.7285],[66.0171,28.7775],[66.0342,28.8265],[66.0704,28.8357],[66.098,28.9017],[66.1186,28.9344],[66.1243,28.9819],[66.1406,29.0295],[66.1406,29.087],[66.1165,29.1104],[66.1023,29.1544],[66.1044,29.1778],[66.125,29.2403],[66.1442,29.2786],[66.156,29.3314],[66.1357,29.3226],[66.1172,29.3269],[66.0988,29.346],[66.0796,29.3332],[66.0604,29.3091],[66.0491,29.2829],[66.0484,29.253],[66.0349,29.2417],[66.0058,29.1948],[65.9518,29.1664],[65.9107,29.153],[65.8645,29.1302],[65.8212,29.1466],[65.7495,29.1452],[65.7261,29.1409],[65.6977,29.1267],[65.6885,29.0891],[65.6303,29.0671],[65.5962,29.033],[65.5409,29.038],[65.4701,29.0364],[65.4499,29.0278],[65.403,28.9923],[65.3647,28.9689],[65.2881,28.9149],[65.2455,28.8958],[65.2142,28.8603],[65.1717,28.8234],[65.144,28.8141],[65.0474,28.8056],[65.0247,28.785],[64.9772,28.7325],[64.931,28.6899],[64.9105,28.6871],[64.8097,28.6984],[64.7457,28.6783]]]}},{"type":"Feature","properties":{"map_unit_id":"ba_khuzdar","name":"Khuzdar","province_code":"BA","district_ids":["ba_khuzdar"],"in_census_tables":true},"geometry":{"type":"Polygon","coordinates":[[[66.2225,26.5151],[66.2485,26.4844],[66.2868,26.4981],[66.32,26.4729],[66.3601,26.4694],[66.4154,26.4566],[66.4341,26.4373],[66.4603,26.4279],[66.498,26.448],[66.5305,26.4501],[66.5637,26.4601],[66.591,26.439],[66.6111,26.4083],[66.6385,26.4405],[66.6885,26.4495],[66.7013,26.4435],[66.7051,26.4591],[66.7307,26.4605],[66.7487,26.4709],[66.7609,26.4533],[66.7621,26.4267],[66.7753,26.3845],[66.7791,26.3373],[66.7939,26.3029],[66.8313,26.2561],[66.8525,26.1703],[66.8805,26.0857],[66.8819,26.0615],[66.8959,26.0093],[66.9323,25.9401],[66.9471,25.8973],[66.9541,25.8607],[66.9745,25.8005],[66.9793,25.7707],[66.972,25.7451],[66.9859,25.7368],[67.0353,25.7455],[67.0619,25.7441],[67.1027,25.7524],[67.1228,25.7852],[67.1193,25.8381],[67.1366,25.8616],[67.1269,25.9598],[67.1186,26.01],[67.138,26.0639],[67.1414,26.1213],[67.1411,26.1738],[67.148,26.189],[67.1477,26.2734],[67.1086,26.2955],[67.0992,26.3166],[67.0847,26.3771],[67.0636,26.3944],[67.0405,26.4366],[67.0228,26.4542],[66.999,26.4967],[66.9869,26.5061],[66.9779,26.5438],[66.9627,26.5673],[66.9741,26.5833],[67.1031,26.6506],[67.1275,26.6551],[67.134,26.6719],[67.1257,26.7389],[67.147,26.7662],[67.1343,26.8729],[67.1317,26.9236],[67.1443,26.9552],[67.138,26.9962],[67.1636,27.0656],[67.1585,27.0747],[67.1557,27.1269],[67.1403,27.214],[67.1234,27.2759],[67.1273,27.3091],[67.1372,27.3316],[67.1632,27.3675],[67.174,27.4479],[67.1778,27.5198],[67.1853,27.5403],[67.2236,27.5687],[67.2524,27.6591],[67.3309,27.7194],[67.355,27.7577],[67.3581,27.8039],[67.368,27.8366],[67.385,27.8709],[67.3976,27.9123],[67.3887,27.9555],[67.3879,28.0343],[67.4004,28.0904],[67.3941,28.1653],[67.3918,28.2378],[67.384,28.2636],[67.3505,28.3167],[67.3481,28.3463],[67.3239,28.3713],[67.3239,28.4103],[67.3037,28.4329],[67.2897,28.4305],[67.2608,28.4399],[67.2451,28.4656],[67.2046,28.4984],[67.1602,28.4976],[67.1695,28.5226],[67.2038,28.5476],[67.2311,28.6903],[67.2323,28.7147],[67.2319,28.7535],[67.2225,28.7902],[67.242,28.8315],[67.266,28.8574],[67.196,28.8447],[67.1111,28.8383],[67.0161,28.842],[66.9001,28.8365],[66.8508,28.8301],[66.8152,28.8319],[66.7713,28.8164],[66.743,28.7844],[66.7056,28.726],[66.6973,28.7004],[66.6791,28.6748],[66.669,28.6465],[66.6453,28.6209],[66.6316,28.5972],[66.5969,28.5661],[66.5104,28.5481],[66.479,28.5278],[66.4544,28.4986],[66.4516,28.4775],[66.4398,28.4629],[66.4233,28.4227],[66.4398,28.3762],[66.4553,28.3506],[66.5093,28.3059],[66.5165,28.2867],[66.5183,28.2383],[66.5047,28.1735],[66.4699,28.1515],[66.3795,28.1131],[66.3403,28.0913],[66.3101,28.0813],[66.2563,28.0529],[66.1969,28.0163],[66.1429,27.9743],[66.1283,27.9587],[66.0759,27.9385],[66.0133,27.9333],[65.9556,27.9354],[65.9247,27.9167],[65.8881,27.8619],[65.7969,27.8027],[65.7713,27.7533],[65.7703,27.7177],[65.7539,27.6967],[65.7347,27.6875],[65.7119,27.6583],[65.7037,27.6209],[65.6899,27.5843],[65.6909,27.5643],[65.7037,27.5287],[65.6689,27.4921],[65.6105,27.4409],[65.5989,27.4203],[65.6102,27.4122],[65.6869,27.3918],[65.7634,27.3642],[65.7934,27.341],[65.8214,27.3127],[65.8475,27.2737],[65.8637,27.2397],[65.8641,27.2245],[65.8803,27.1745],[65.9169,27.1339],[65.9737,27.1381],[66.0023,27.1471],[66.0347,27.1921],[66.0521,27.1761],[66.0493,27.0939],[66.0331,26.9897],[66.0237,26.9615],[66.0179,26.9137],[66.0009,26.8463],[65.9307,26.6155],[65.9235,26.5807],[65.9369,26.5365],[66.0365,26.3855],[66.1033,26.2703],[66.1087,26.2701],[66.0915,26.3197],[66.0909,26.3461],[66.0807,26.3831],[66.0821,26.4135],[66.1087,26.4273],[66.1139,26.4677],[66.1075,26.4989],[66.1267,26.5389],[66.1707,26.5703],[66.1872,26.5704],[66.2208,26.5365],[66.2225,26.5151]]]}},{"type":"Feature","properties":{"map_unit_id":"ba_killa_abdullah","name":"Killa Abdullah","province_code":"BA","district_ids":["ba_killa_abdullah"],"in_census_tables":true},"geometry":{"type":"Polygon","coordinates":[[[66.9102,30.4686],[66.9249,30.465],[66.8999,30.5151],[66.8555,30.5749],[66.8369,30.6049],[66.773,30.7339],[66.7693,30.7557],[66.8039,30.8082],[66.8381,30.8537],[66.8453,30.8845],[66.8443,30.9145],[66.8277,30.932],[66.8555,30.9516],[66.8773,30.9465],[66.8897,30.9249],[66.9123,30.9175],[66.9341,30.9217],[66.9475,30.9363],[66.9649,30.9351],[66.9659,30.9599],[66.9845,30.9713],[67.0187,30.9733],[67.0537,30.9485],[67.0619,30.9361],[67.0764,30.9392],[67.1703,30.9991],[67.2167,31.0146],[67.2198,31.028],[67.2095,31.0569],[67.2312,31.1188],[67.257,31.1353],[67.2508,31.1663],[67.2613,31.2035],[67.2367,31.2163],[67.1951,31.2153],[67.1814,31.2327],[67.161,31.2382],[67.1041,31.2352],[67.093,31.2281],[67.0549,31.2264],[67.0339,31.2349],[67.0378,31.2645],[67.049,31.2669],[67.0496,31.2972],[67.0291,31.3099],[66.9595,31.3094],[66.9186,31.2986],[66.8598,31.2746],[66.8414,31.2634],[66.8153,31.224],[66.7764,31.2061],[66.7309,31.2086],[66.7194,31.1949],[66.7115,31.1596],[66.6925,31.1157],[66.686,31.0816],[66.7402,31.0386],[66.7528,31.0115],[66.7765,30.9816],[66.8208,30.9441],[66.8103,30.926],[66.776,30.9108],[66.7006,30.861],[66.6562,30.8394],[66.6239,30.795],[66.6198,30.7492],[66.6293,30.7021],[66.5902,30.6724],[66.5283,30.6724],[66.4919,30.6644],[66.4811,30.6509],[66.4528,30.6509],[66.4138,30.624],[66.4044,30.6038],[66.4084,30.5863],[66.4232,30.5863],[66.4138,30.5526],[66.3936,30.5432],[66.3747,30.5472],[66.3613,30.5364],[66.3298,30.4867],[66.3421,30.4837],[66.3413,30.4526],[66.3564,30.4165],[66.3374,30.3785],[66.3381,30.3156],[66.3197,30.2488],[66.3228,30.2412],[66.2889,30.1892],[66.2875,30.1538],[66.2706,30.1361],[66.2411,30.066],[66.2817,30.0991],[66.3085,30.1394],[66.355,30.1796],[66.3725,30.1796],[66.389,30.1662],[66.4293,30.1569],[66.4767,30.158],[66.5108,30.1642],[66.5263,30.2189],[66.548,30.2158],[66.5676,30.2023],[66.5882,30.2054],[66.615,30.1838],[66.6481,30.1683],[66.6904,30.1786],[66.711,30.191],[66.7224,30.2168],[66.7358,30.2271],[66.7441,30.2591],[66.7575,30.2643],[66.7564,30.2797],[66.7812,30.2963],[66.8018,30.3262],[66.8194,30.3675],[66.8132,30.383],[66.8307,30.3912],[66.8277,30.4077],[66.8524,30.4397],[66.8607,30.4614],[66.8731,30.4562],[66.9102,30.4686]]]}},{"type":"Feature","properties":{"map_unit_id":"ba_killa_saifullah","name":"Killa Saifullah","province_code":"BA","district_ids":["ba_killa_saifullah"],"in_census_tables":true},"geometry":{"type":"Polygon","coordinates":[[[67.6843,30.6595],[67.6928,30.6171],[67.739,30.6224],[67.8071,30.611],[67.8577,30.6307],[67.9382,30.6575],[67.9609,30.5966],[67.9918,30.5842],[68.0145,30.6038],[68.1054,30.611],[68.1466,30.609],[68.1848,30.5574],[68.2261,30.5471],[68.2622,30.545],[68.3644,30.5842],[68.3943,30.578],[68.4088,30.5625],[68.4336,30.5543],[68.447,30.5378],[68.4686,30.5357],[68.5017,30.5543],[68.5832,30.5563],[68.6317,30.5718],[68.6782,30.5646],[68.6957,30.5687],[68.7174,30.5522],[68.7494,30.5409],[68.7649,30.5068],[68.7958,30.5058],[68.8371,30.5161],[68.9021,30.544],[68.9424,30.5708],[69.0425,30.5987],[69.0796,30.6379],[69.1054,30.6534],[69.1581,30.6647],[69.1547,30.6841],[69.1277,30.7002],[69.0843,30.6902],[69.0821,30.708],[69.0587,30.7526],[69.1066,30.7737],[69.1522,30.8038],[69.2257,30.8227],[69.2546,30.8361],[69.2758,30.8784],[69.2858,30.9085],[69.2847,30.943],[69.3081,30.9853],[69.3482,30.9953],[69.3805,31.0387],[69.3793,31.0599],[69.3615,31.0599],[69.3206,31.0275],[69.2992,31.0209],[69.2624,31.032],[69.229,31.0677],[69.2168,31.0877],[69.1633,31.1],[69.1032,31.1423],[69.0754,31.1311],[69.0409,31.1367],[69.0097,31.1167],[68.9941,31.1412],[68.9574,31.1122],[68.9262,31.1144],[68.924,31.1345],[68.905,31.14],[68.8794,31.1345],[68.846,31.1478],[68.8004,31.1467],[68.7781,31.1211],[68.7436,31.0977],[68.7046,31.0977],[68.6935,31.1044],[68.689,31.1456],[68.6701,31.1723],[68.6846,31.2035],[68.6679,31.2369],[68.6556,31.2469],[68.6601,31.3104],[68.6545,31.3271],[68.5822,31.3538],[68.5655,31.346],[68.4797,31.3204],[68.4018,31.2814],[68.3639,31.2848],[68.2448,31.3204],[68.1769,31.3594],[68.1557,31.3816],[68.0667,31.4585],[68.0221,31.493],[67.9776,31.5153],[67.9197,31.5353],[67.8685,31.5576],[67.8351,31.5776],[67.8216,31.5947],[67.8134,31.5829],[67.7633,31.5508],[67.749,31.5323],[67.7199,31.5159],[67.6519,31.5139],[67.6202,31.5303],[67.5548,31.5284],[67.5791,31.497],[67.6013,31.457],[67.5981,31.4295],[67.642,31.3915],[67.6795,31.4003],[67.748,31.4106],[67.7633,31.4055],[67.7822,31.3843],[67.79,31.3515],[67.7868,31.3397],[67.7597,31.3231],[67.6989,31.3134],[67.6677,31.2914],[67.6161,31.271],[67.5884,31.271],[67.5306,31.2559],[67.4944,31.2378],[67.4514,31.2336],[67.4675,31.2065],[67.4779,31.2024],[67.5532,31.2065],[67.579,31.1838],[67.5904,31.1539],[67.6265,31.1611],[67.6585,31.1498],[67.7379,31.1426],[67.8236,31.1436],[67.8061,31.0992],[67.7864,31.0817],[67.7617,31.0796],[67.7648,31.0559],[67.7431,31.0239],[67.6698,30.9754],[67.6337,30.9454],[67.6203,30.9238],[67.5893,30.9],[67.5057,30.8732],[67.4706,30.867],[67.4417,30.8247],[67.4717,30.8175],[67.4871,30.804],[67.4675,30.7628],[67.4613,30.7339],[67.4324,30.7173],[67.4314,30.7019],[67.4696,30.7081],[67.483,30.6719],[67.5119,30.6647],[67.5625,30.6699],[67.5996,30.6792],[67.6296,30.6781],[67.6502,30.6854],[67.6678,30.6802],[67.6843,30.6595]]]}},{"type":"Feature","properties":{"map_unit_id":"ba_kohlu","name":"Kohlu","province_code":"BA","district_ids":["ba_kohlu"],"in_census_tables":true},"geometry":{"type":"Polygon","coordinates":[[[69.5738,29.4781],[69.596,29.5065],[69.5071,29.4942],[69.4958,29.5186],[69.4622,29.5209],[69.4337,29.5381],[69.4307,29.571],[69.4472,29.5987],[69.4771,29.6279],[69.552,29.6758],[69.5872,29.6781],[69.632,29.6657],[69.6514,29.6846],[69.5969,29.7035],[69.537,29.705],[69.4756,29.6945],[69.4427,29.6796],[69.4127,29.6549],[69.3873,29.6511],[69.3109,29.6189],[69.2803,29.6107],[69.2518,29.6115],[69.1807,29.6354],[69.1523,29.6594],[69.1036,29.6773],[69.0894,29.6878],[69.0669,29.7335],[69.0864,29.7477],[69.153,29.7709],[69.1627,29.7904],[69.2076,29.8218],[69.2825,29.8607],[69.3274,29.8697],[69.3401,29.8847],[69.3918,29.8892],[69.4075,29.9281],[69.4292,29.9363],[69.4532,29.9588],[69.4831,30.0007],[69.4741,30.0134],[69.4936,30.0336],[69.5033,30.0658],[69.4666,30.0681],[69.4539,30.0441],[69.4165,30.0479],[69.4121,30.0653],[69.3964,30.0366],[69.3595,30.026],[69.3396,30.0082],[69.2253,30.0075],[69.1586,29.9976],[69.1501,29.9884],[69.099,29.9848],[69.0805,29.9898],[69.0471,29.9749],[69.0109,29.9855],[68.9854,29.9862],[68.9712,30.0097],[68.94,30.0217],[68.8811,30.0033],[68.8413,29.9756],[68.8349,29.9614],[68.7696,29.9273],[68.6852,29.9153],[68.5645,29.911],[68.5375,29.9273],[68.4957,29.9415],[68.4701,29.9593],[68.4134,30.011],[68.4036,29.9784],[68.4001,29.9354],[68.4022,29.9125],[68.4134,29.8978],[68.4562,29.874],[68.5248,29.8417],[68.5746,29.8256],[68.5788,29.8144],[68.5648,29.7696],[68.5753,29.7401],[68.5543,29.7016],[68.5073,29.675],[68.4681,29.6624],[68.4366,29.6245],[68.4127,29.6203],[68.3224,29.6273],[68.2628,29.628],[68.2306,29.5916],[68.1976,29.5881],[68.1276,29.4543],[68.1059,29.4318],[68.1073,29.4157],[68.129,29.4185],[68.1528,29.401],[68.1799,29.3719],[68.2121,29.3472],[68.3236,29.2739],[68.4449,29.223],[68.4806,29.2215],[68.629,29.2604],[68.647,29.2671],[68.7166,29.2626],[68.8446,29.2439],[68.918,29.2244],[68.9456,29.2274],[68.9763,29.2402],[69.0018,29.2604],[69.0317,29.2641],[69.0841,29.2536],[69.141,29.2484],[69.2046,29.2686],[69.2511,29.3375],[69.2638,29.3457],[69.3139,29.3539],[69.3506,29.3757],[69.3679,29.3981],[69.3856,29.3561],[69.4646,29.3616],[69.646,29.3976],[69.6295,29.4162],[69.6124,29.4229],[69.5817,29.4033],[69.567,29.4076],[69.5639,29.4517],[69.5738,29.4781]]]}},{"type":"Feature","properties":{"map_unit_id":"ba_lasbela","name":"Lasbela","province_code":"BA","district_ids":["ba_lasbela"],"in_census_tables":true},"geometry":{"type":"Polygon","coordinates":[[[66.6778,24.9333],[66.6912,24.8972],[66.729,24.9194],[66.7683,24.9531],[66.8787,25.0059],[66.915,25.0107],[66.9399,25.0296],[66.9959,25.0857],[67.0062,25.0889],[67.0121,25.1125],[67.0094,25.1598],[67.0429,25.2099],[67.0879,25.2405],[67.1151,25.2709],[67.1407,25.3106],[67.1384,25.3362],[67.1439,25.3619],[67.164,25.3911],[67.162,25.4526],[67.1869,25.4696],[67.1956,25.4893],[67.222,25.5126],[67.2485,25.5264],[67.2638,25.5742],[67.2966,25.5852],[67.3239,25.6426],[67.336,25.6977],[67.3499,25.7332],[67.3743,25.7529],[67.3723,25.7624],[67.3996,25.7841],[67.4165,25.8251],[67.4157,25.8421],[67.3992,25.8827],[67.4051,25.9044],[67.4063,25.966],[67.4165,26.024],[67.4303,26.0768],[67.417,26.0965],[67.3917,26.1356],[67.3593,26.1546],[67.3435,26.2031],[67.2656,26.3472],[67.2552,26.3708],[67.2153,26.4284],[67.1774,26.4773],[67.162,26.514],[67.1417,26.5969],[67.1289,26.634],[67.1275,26.6551],[67.1031,26.6506],[66.9741,26.5833],[66.9627,26.5673],[66.9779,26.5438],[66.9869,26.5061],[66.999,26.4967],[67.0228,26.4542],[67.0405,26.4366],[67.0636,26.3944],[67.0847,26.3771],[67.0992,26.3166],[67.1086,26.2955],[67.1477,26.2734],[67.148,26.189],[67.1411,26.1738],[67.1414,26.1213],[67.138,26.0639],[67.1186,26.01],[67.1269,25.9598],[67.1366,25.8616],[67.1193,25.8381],[67.1228,25.7852],[67.1027,25.7524],[67.0619,25.7441],[67.0353,25.7455],[66.9859,25.7368],[66.972,25.7451],[66.9793,25.7707],[66.9745,25.8005],[66.9541,25.8607],[66.9471,25.8973],[66.9323,25.9401],[66.8959,26.0093],[66.8819,26.0615],[66.8805,26.0857],[66.8525,26.1703],[66.8313,26.2561],[66.7939,26.3029],[66.7791,26.3373],[66.7753,26.3845],[66.7621,26.4267],[66.7609,26.4533],[66.7487,26.4709],[66.7307,26.4605],[66.7051,26.4591],[66.7013,26.4435],[66.6885,26.4495],[66.6385,26.4405],[66.6111,26.4083],[66.591,26.439],[66.5637,26.4601],[66.5305,26.4501],[66.498,26.448],[66.4603,26.4279],[66.4341,26.4373],[66.4154,26.4566],[66.3601,26.4694],[66.32,26.4729],[66.2868,26.4981],[66.2485,26.4844],[66.2301,26.4508],[66.2301,26.396],[66.2175,26.3687],[66.1808,26.3499],[66.1667,26.3367],[66.1612,26.2725],[66.1659,26.2396],[66.1933,26.1872],[66.2183,26.0738],[66.2457,25.9267],[66.2582,25.8751],[66.2598,25.8469],[66.1839,25.6702],[66.1323,25.5677],[66.0767,25.4785],[66.0462,25.4558],[66.0157,25.4597],[65.9751,25.4879],[65.9555,25.4777],[65.9321,25.477],[65.9054,25.4989],[65.871,25.4856],[65.8163,25.4887],[65.7396,25.5184],[65.6872,25.5028],[65.6113,25.4676],[65.5495,25.4339],[65.5229,25.4285],[65.4987,25.4394],[65.5042,25.4488],[65.5401,25.4707],[65.5456,25.5481],[65.5167,25.5708],[65.5151,25.6005],[65.5041,25.62],[65.5347,25.6397],[65.5309,25.6523],[65.5387,25.6827],[65.5323,25.6889],[65.487,25.6655],[65.4721,25.6655],[65.4385,25.6412],[65.4009,25.6271],[65.3727,25.6271],[65.3516,25.6162],[65.3501,25.5951],[65.3352,25.5958],[65.3055,25.6123],[65.3063,25.6021],[65.2703,25.5849],[65.2562,25.5614],[65.2226,25.57],[65.2068,25.5648],[65.2108,25.4887],[65.2076,25.3838],[65.2408,25.3501],[65.2536,25.3749],[65.2918,25.3804],[65.3374,25.3768],[65.3668,25.3834],[65.4151,25.376],[65.4574,25.39],[65.6254,25.3538],[65.6685,25.3649],[65.7096,25.3688],[65.718,25.3749],[65.77,25.3829],[65.8064,25.4111],[65.8399,25.4183],[65.9466,25.4144],[66.0227,25.4227],[66.1264,25.4493],[66.219,25.4593],[66.2722,25.4675],[66.3027,25.4685],[66.3514,25.4619],[66.412,25.4423],[66.4851,25.406],[66.5112,25.3985],[66.5284,25.4158],[66.4984,25.4322],[66.4965,25.4588],[66.5135,25.4741],[66.5174,25.4921],[66.4957,25.4994],[66.4683,25.4987],[66.4265,25.4826],[66.4042,25.4962],[66.4058,25.5063],[66.3883,25.526],[66.3636,25.5228],[66.3428,25.5514],[66.3264,25.5528],[66.314,25.5377],[66.2898,25.5434],[66.2623,25.5187],[66.2237,25.4991],[66.1497,25.4774],[66.122,25.4742],[66.1157,25.4867],[66.1008,25.475],[66.0957,25.486],[66.1128,25.4893],[66.1342,25.5117],[66.1319,25.5383],[66.1807,25.5832],[66.1846,25.5945],[66.2104,25.6022],[66.2236,25.5917],[66.3001,25.6236],[66.3105,25.6101],[66.3414,25.6178],[66.3641,25.6162],[66.3725,25.599],[66.3991,25.5835],[66.4454,25.5973],[66.4594,25.6139],[66.4707,25.5889],[66.5028,25.5774],[66.5302,25.6403],[66.5422,25.6412],[66.5327,25.6216],[66.543,25.6145],[66.5347,25.5901],[66.5159,25.5635],[66.5289,25.5422],[66.5586,25.5319],[66.555,25.4803],[66.56,25.453],[66.5942,25.425],[66.5783,25.4115],[66.582,25.3853],[66.5736,25.3687],[66.5553,25.3922],[66.5491,25.3622],[66.5547,25.3513],[66.5982,25.3251],[66.6624,25.2766],[66.7103,25.2317],[66.7389,25.1954],[66.7486,25.1679],[66.7352,25.1244],[66.7156,25.1142],[66.711,25.0905],[66.7018,25.0869],[66.7126,25.0496],[66.7114,25.0131],[66.7011,24.9977],[66.7011,24.9525],[66.6778,24.9333]]]}},{"type":"Feature","properties":{"map_unit_id":"ba_loralai","name":"Loralai","province_code":"BA","district_ids":["ba_loralai"],"in_census_tables":true},"geometry":{"type":"Polygon","coordinates":[[[68.5638,30.2935],[68.5778,30.2655],[68.6215,30.2641],[68.6627,30.2699],[68.6839,30.2593],[68.7039,30.2699],[68.7628,30.2652],[68.7769,30.277],[68.8429,30.2865],[68.8711,30.2959],[68.9289,30.2924],[69.0113,30.3018],[69.0384,30.3289],[69.0561,30.33],[69.0761,30.3453],[69.1079,30.3512],[69.1715,30.3713],[69.1962,30.3842],[69.2221,30.3807],[69.2904,30.3383],[69.3093,30.3335],[69.3823,30.3382],[69.44,30.3465],[69.4754,30.3465],[69.4954,30.3771],[69.5142,30.3842],[69.5578,30.4395],[69.5745,30.4435],[69.5621,30.4465],[69.5363,30.4743],[69.4684,30.5188],[69.4295,30.5355],[69.3716,30.5722],[69.3448,30.6112],[69.3248,30.619],[69.2981,30.6167],[69.2702,30.6234],[69.229,30.6223],[69.2123,30.6769],[69.1934,30.6835],[69.1547,30.6841],[69.1581,30.6647],[69.1054,30.6534],[69.0796,30.6379],[69.0425,30.5987],[68.9424,30.5708],[68.9021,30.544],[68.8371,30.5161],[68.7958,30.5058],[68.7649,30.5068],[68.7494,30.5409],[68.7174,30.5522],[68.6957,30.5687],[68.6782,30.5646],[68.6317,30.5718],[68.5832,30.5563],[68.5017,30.5543],[68.4686,30.5357],[68.447,30.5378],[68.4336,30.5543],[68.4088,30.5625],[68.3943,30.578],[68.3644,30.5842],[68.2622,30.545],[68.2261,30.5471],[68.1848,30.5574],[68.1466,30.609],[68.1054,30.611],[68.0145,30.6038],[67.9918,30.5842],[67.9609,30.5966],[67.9382,30.6575],[67.8577,30.6307],[67.8071,30.611],[67.739,30.6224],[67.6928,30.6171],[67.6992,30.5914],[67.7266,30.5543],[67.7803,30.5182],[67.7848,30.4993],[67.8677,30.4984],[67.9231,30.4925],[67.9608,30.4748],[67.9855,30.5137],[68.0079,30.5184],[68.0173,30.5326],[68.0409,30.5384],[68.0703,30.5349],[68.1256,30.542],[68.148,30.5267],[68.2116,30.5302],[68.2305,30.5114],[68.2305,30.4737],[68.254,30.4548],[68.3011,30.4513],[68.3164,30.4372],[68.3176,30.3912],[68.3424,30.3759],[68.4154,30.3747],[68.4578,30.3865],[68.5096,30.3877],[68.5237,30.3736],[68.4849,30.3429],[68.499,30.3052],[68.5143,30.2946],[68.5638,30.2935]]]}},{"type":"Feature","properties":{"map_unit_id":"ba_mastung","name":"Mastung","province_code":"BA","district_ids":["ba_mastung"],"in_census_tables":true},"geometry":{"type":"Polygon","coordinates":[[[66.2237,29.4127],[66.1946,29.383],[66.2464,29.3623],[66.2641,29.3474],[66.3131,29.3361],[66.3756,29.3453],[66.3862,29.3574],[66.3961,29.4113],[66.4331,29.4787],[66.4842,29.5419],[66.5495,29.6015],[66.5821,29.6221],[66.6084,29.6271],[66.629,29.6193],[66.6453,29.6015],[66.6453,29.5682],[66.619,29.4929],[66.619,29.4603],[66.6304,29.4468],[66.6687,29.4461],[66.7099,29.4922],[66.7461,29.5171],[66.7666,29.5426],[66.8021,29.5646],[66.8206,29.5625],[66.8674,29.544],[66.8717,29.5277],[66.8582,29.488],[66.8199,29.4433],[66.817,29.4312],[66.8369,29.422],[66.8845,29.4269],[66.9505,29.4418],[67.0215,29.4347],[67.0726,29.4326],[67.0782,29.4567],[67.0917,29.4582],[67.1166,29.4858],[67.1277,29.5106],[67.1265,29.5313],[67.1925,29.5781],[67.1975,29.6179],[67.2245,29.6562],[67.2706,29.6796],[67.2756,29.7037],[67.2592,29.703],[67.2472,29.7165],[67.1954,29.7371],[67.1776,29.752],[67.1542,29.7854],[67.1471,29.818],[67.1471,29.8521],[67.1194,29.9188],[67.1265,29.9408],[67.167,29.9727],[67.1918,29.9827],[67.2188,29.9607],[67.2301,29.9742],[67.2493,29.9706],[67.2777,29.9408],[67.2791,29.9266],[67.3032,29.9238],[67.3189,29.9429],[67.343,29.9075],[67.3734,29.9216],[67.3678,29.9614],[67.3551,29.9955],[67.365,30.0061],[67.4076,30.0153],[67.4125,30.0338],[67.3962,30.043],[67.4307,30.0536],[67.4381,30.0863],[67.4175,30.1679],[67.4067,30.1831],[67.3834,30.1743],[67.3189,30.1729],[67.3018,30.1772],[67.2819,30.2041],[67.2841,30.241],[67.2741,30.2531],[67.2528,30.2268],[67.2213,30.2313],[67.1911,30.2134],[67.1485,30.1807],[67.1279,30.1715],[67.0704,30.1665],[67.0378,30.136],[67.0506,30.1055],[67.0357,30.1033],[67.0264,30.053],[67.0186,30.0437],[66.9171,30.0444],[66.8972,30.0537],[66.849,30.026],[66.8312,30.0203],[66.8107,30.0267],[66.8135,30.0459],[66.8376,30.0636],[66.7979,30.0877],[66.7993,30.1112],[66.7468,30.1268],[66.729,30.1481],[66.6943,30.1488],[66.6559,30.0771],[66.6176,29.9969],[66.6119,29.9607],[66.5779,29.9216],[66.5658,29.8627],[66.5495,29.8258],[66.5289,29.8088],[66.4806,29.8123],[66.4359,29.8514],[66.3649,29.8471],[66.2877,29.8576],[66.3074,29.8379],[66.3046,29.8145],[66.2826,29.7847],[66.2805,29.7435],[66.2904,29.7165],[66.2968,29.6477],[66.3152,29.6313],[66.3003,29.6015],[66.2989,29.5739],[66.2677,29.5362],[66.2641,29.4965],[66.2428,29.4511],[66.2279,29.4355],[66.2237,29.4127]]]}},{"type":"Feature","properties":{"map_unit_id":"ba_musakhel","name":"Musakhel","province_code":"BA","district_ids":["ba_musakhel"],"in_census_tables":true},"geometry":{"type":"Polygon","coordinates":[[[69.7211,30.3697],[69.7444,30.3569],[69.7647,30.3439],[69.7713,30.3039],[69.7835,30.2927],[69.8214,30.2894],[69.8704,30.3083],[69.8926,30.3295],[69.9294,30.3306],[69.965,30.322],[69.9985,30.3839],[69.9991,30.4341],[70.0047,30.4531],[70.0439,30.4979],[70.0519,30.5201],[70.0881,30.5873],[70.0959,30.6266],[70.0887,30.6891],[70.1109,30.7353],[70.1547,30.7333],[70.1683,30.7743],[70.2027,30.7755],[70.2185,30.7839],[70.2229,30.8265],[70.2295,30.838],[70.2694,30.8405],[70.2731,30.8607],[70.2535,30.8767],[70.2689,30.9414],[70.2687,31.0354],[70.2877,31.0611],[70.2945,31.0862],[70.2957,31.1501],[70.2888,31.1624],[70.2691,31.1847],[70.2595,31.2346],[70.2733,31.2411],[70.2673,31.3177],[70.2715,31.3669],[70.2781,31.3735],[70.2795,31.4217],[70.2673,31.462],[70.2661,31.4885],[70.2559,31.5053],[70.2229,31.4807],[70.2037,31.4765],[70.1723,31.4391],[70.1169,31.4253],[70.1169,31.4427],[70.0941,31.4421],[70.0965,31.4205],[70.0719,31.3845],[70.0562,31.385],[70.0487,31.3787],[70.0507,31.3333],[70.0195,31.3191],[69.9843,31.3181],[69.9499,31.2775],[69.9145,31.2837],[69.8539,31.3181],[69.8229,31.3167],[69.7837,31.2913],[69.7678,31.289],[69.7531,31.3129],[69.7379,31.3079],[69.7221,31.2899],[69.7211,31.2655],[69.7011,31.2489],[69.6986,31.2351],[69.7158,31.2197],[69.6977,31.181],[69.7077,31.1457],[69.7011,31.1023],[69.7249,31.0979],[69.7059,31.0713],[69.7097,31.0477],[69.7321,31.0325],[69.7159,30.9743],[69.6839,30.9389],[69.6585,30.8807],[69.6222,30.8243],[69.5835,30.7951],[69.5769,30.7747],[69.5391,30.7517],[69.5345,30.7183],[69.5321,30.6519],[69.5143,30.6299],[69.4847,30.6095],[69.4685,30.5874],[69.4661,30.5592],[69.4767,30.5367],[69.4923,30.5301],[69.5291,30.5377],[69.5396,30.5],[69.5558,30.5],[69.5621,30.4857],[69.5363,30.4743],[69.5621,30.4465],[69.5745,30.4435],[69.6177,30.4263],[69.6299,30.4109],[69.6521,30.4097],[69.6499,30.3796],[69.6667,30.3785],[69.7067,30.3597],[69.7211,30.3697]]]}},{"type":"Feature","properties":{"map_unit_id":"ba_nasirabad","name":"Nasirabad","province_code":"BA","district_ids":["ba_nasirabad"],"in_census_tables":true},"geometry":{"type":"Polygon","coordinates":[[[67.7931,28.2678],[67.8011,28.2065],[67.8759,28.2208],[67.9564,28.2439],[67.9818,28.2582],[68.0026,28.2861],[68.0615,28.3347],[68.0719,28.3475],[68.0758,28.3889],[68.0886,28.4],[68.1483,28.4303],[68.2025,28.4407],[68.2798,28.4439],[68.3618,28.4383],[68.3746,28.4423],[68.3865,28.4765],[68.3865,28.5187],[68.3794,28.541],[68.3791,28.618],[68.3794,28.643],[68.4073,28.6637],[68.4462,28.6755],[68.4369,28.7214],[68.4395,28.7725],[68.4343,28.8163],[68.4192,28.8589],[68.4104,28.9091],[68.4112,28.9824],[68.381,29.0525],[68.3674,29.0382],[68.3172,29.0047],[68.2599,28.9888],[68.2232,28.9529],[68.2256,28.9426],[68.2487,28.9402],[68.2535,28.9187],[68.2312,28.8533],[68.1802,28.8358],[68.0942,28.7944],[68.0192,28.7756],[68.0328,28.7354],[68.0002,28.7099],[67.9715,28.7012],[67.9635,28.7067],[67.9675,28.7665],[67.9643,28.7872],[67.9524,28.784],[67.9117,28.7275],[67.9046,28.7115],[67.8631,28.6669],[67.8878,28.6486],[67.8687,28.6135],[67.8329,28.6199],[67.7787,28.6151],[67.7748,28.61],[67.7716,28.6056],[67.7867,28.5466],[67.7533,28.4972],[67.7413,28.4662],[67.7381,28.4231],[67.7525,28.3905],[67.7811,28.2909],[67.7931,28.2678]]]}},{"type":"Feature","properties":{"map_unit_id":"ba_nushki","name":"Nushki","province_code":"BA","district_ids":["ba_nushki"],"in_census_tables":true},"geometry":{"type":"Polygon","coordinates":[[[66.2877,29.8576],[66.2655,29.8642],[66.254,29.8525],[66.2108,29.8409],[66.1567,29.821],[66.1051,29.8092],[65.8914,29.7551],[65.8008,29.7246],[65.5816,29.6712],[65.4278,29.6299],[65.3792,29.6146],[65.3349,29.6059],[65.1744,29.5608],[65.1316,29.5525],[65.1709,29.5208],[65.2297,29.4604],[65.2666,29.4168],[65.3622,29.249],[65.403,29.1809],[65.4645,29.0712],[65.4701,29.0364],[65.5409,29.038],[65.5962,29.033],[65.6303,29.0671],[65.6885,29.0891],[65.6977,29.1267],[65.7261,29.1409],[65.7495,29.1452],[65.8212,29.1466],[65.8645,29.1302],[65.9107,29.153],[65.9518,29.1664],[66.0058,29.1948],[66.0349,29.2417],[66.0484,29.253],[66.0491,29.2829],[66.0604,29.3091],[66.0796,29.3332],[66.0988,29.346],[66.1172,29.3269],[66.1357,29.3226],[66.156,29.3314],[66.1747,29.3439],[66.1946,29.383],[66.2237,29.4127],[66.2279,29.4355],[66.2428,29.4511],[66.2641,29.4965],[66.2677,29.5362],[66.2989,29.5739],[66.3003,29.6015],[66.3152,29.6313],[66.2968,29.6477],[66.2904,29.7165],[66.2805,29.7435],[66.2826,29.7847],[66.3046,29.8145],[66.3074,29.8379],[66.2877,29.8576]]]}},{"type":"Feature","properties":{"map_unit_id":"ba_panjgur","name":"Panjgur","province_code":"BA","district_ids":["ba_panjgur"],"in_census_tables":true},"geometry":{"type":"Polygon","coordinates":[[[64.4034,26.246],[64.4479,26.2301],[64.4239,26.2925],[64.4251,26.3421],[64.4422,26.3624],[64.4629,26.3706],[64.591,26.373],[64.6951,26.3616],[64.828,26.3669],[64.8886,26.3632],[64.9337,26.3746],[64.9341,26.4015],[64.9195,26.4234],[64.9179,26.4527],[64.9402,26.4783],[64.9784,26.5108],[65.0268,26.5425],[65.0447,26.5596],[65.1342,26.6336],[65.1801,26.6767],[65.2744,26.7779],[65.2911,26.7897],[65.3297,26.8661],[65.3362,26.8848],[65.3358,26.8958],[65.2956,26.8888],[65.2686,26.8916],[65.2237,26.9375],[65.2164,26.9811],[65.2005,27.0067],[65.1663,27.0257],[65.0944,27.0236],[65.0885,27.0548],[65.0764,27.0658],[65.074,27.0873],[65.0567,27.107],[65.0518,27.1505],[65.0145,27.183],[64.9993,27.1709],[64.963,27.1595],[64.9039,27.1208],[64.7746,27.0406],[64.7099,27.0067],[64.6722,27.0053],[64.665,27.0167],[64.6359,27.0243],[64.5996,27.0582],[64.4918,27.1139],[64.5001,27.1377],[64.5001,27.1682],[64.4921,27.173],[64.4848,27.2055],[64.4561,27.2266],[64.4537,27.2518],[64.4458,27.2501],[64.4257,27.293],[64.4081,27.2992],[64.3894,27.2864],[64.3704,27.2546],[64.3286,27.239],[64.272,27.1762],[64.2552,27.1644],[64.2375,27.1732],[64.2208,27.1476],[64.1951,27.1299],[64.1498,27.126],[64.1144,27.1132],[64.1114,27.0954],[64.1223,27.0787],[64.1213,27.0383],[64.1075,27.0088],[64.076,26.9852],[64.0789,27.0108],[64.1036,27.0374],[64.1085,27.06],[64.1006,27.0797],[63.9972,27.0856],[63.9076,27.1437],[63.8948,27.1624],[63.8958,27.188],[63.8702,27.2146],[63.8367,27.2392],[63.8229,27.2599],[63.7953,27.2599],[63.754,27.2392],[63.6624,27.2313],[63.6338,27.2313],[63.6023,27.2412],[63.5876,27.2205],[63.5482,27.2097],[63.4605,27.2077],[63.4261,27.1949],[63.3847,27.2028],[63.3369,27.1999],[63.2949,27.2116],[63.2509,27.2069],[63.293,27.1834],[63.3175,27.1339],[63.2619,27.0868],[63.2554,27.0631],[63.2568,26.9275],[63.2813,26.8812],[63.2781,26.8622],[63.2118,26.8526],[63.1967,26.8458],[63.1923,26.8145],[63.2023,26.7655],[63.2023,26.7429],[63.1756,26.6685],[63.1706,26.6453],[63.0748,26.6417],[63.1036,26.6053],[63.133,26.5771],[63.13,26.5575],[63.0926,26.5213],[63.0895,26.5103],[63.1226,26.5066],[63.1208,26.4851],[63.1569,26.4949],[63.1569,26.4729],[63.1318,26.452],[63.141,26.4422],[63.1925,26.4367],[63.3022,26.4729],[63.3721,26.5005],[63.4163,26.5029],[63.5119,26.4698],[63.5959,26.43],[63.6045,26.4195],[63.5726,26.411],[63.5616,26.4159],[63.5358,26.4048],[63.5352,26.3907],[63.5168,26.395],[63.5138,26.3754],[63.5273,26.3686],[63.569,26.3766],[63.591,26.365],[63.5959,26.3441],[63.5873,26.3024],[63.5953,26.2693],[63.6125,26.2614],[63.6879,26.281],[63.7087,26.273],[63.729,26.2779],[63.7437,26.292],[63.7915,26.3135],[63.8504,26.3165],[63.8908,26.3018],[63.9166,26.281],[64.0294,26.1694],[64.0601,26.151],[64.0791,26.1491],[64.1766,26.1712],[64.2317,26.1669],[64.2581,26.1712],[64.2857,26.1939],[64.3225,26.2062],[64.3611,26.2295],[64.3678,26.2663],[64.4034,26.246]]]}},{"type":"Feature","properties":{"map_unit_id":"ba_pishin","name":"Pishin","province_code":"BA","district_ids":["ba_pishin"],"in_census_tables":true},"geometry":{"type":"Polygon","coordinates":[[[67.6992,30.5914],[67.6928,30.6171],[67.6843,30.6595],[67.6678,30.6802],[67.6502,30.6854],[67.6296,30.6781],[67.5996,30.6792],[67.5625,30.6699],[67.5119,30.6647],[67.483,30.6719],[67.4696,30.7081],[67.4314,30.7019],[67.4324,30.7173],[67.4613,30.7339],[67.4675,30.7628],[67.4871,30.804],[67.4717,30.8175],[67.4417,30.8247],[67.4706,30.867],[67.5057,30.8732],[67.5893,30.9],[67.6203,30.9238],[67.6337,30.9454],[67.6698,30.9754],[67.7431,31.0239],[67.7648,31.0559],[67.7617,31.0796],[67.7864,31.0817],[67.8061,31.0992],[67.8236,31.1436],[67.7379,31.1426],[67.6585,31.1498],[67.6265,31.1611],[67.5904,31.1539],[67.579,31.1838],[67.5532,31.2065],[67.4779,31.2024],[67.4675,31.2065],[67.4514,31.2336],[67.4177,31.2163],[67.3476,31.2158],[67.2613,31.2035],[67.2508,31.1663],[67.257,31.1353],[67.2312,31.1188],[67.2095,31.0569],[67.2198,31.028],[67.2167,31.0146],[67.1703,30.9991],[67.0764,30.9392],[67.0619,30.9361],[67.0537,30.9485],[67.0187,30.9733],[66.9845,30.9713],[66.9659,30.9599],[66.9649,30.9351],[66.9475,30.9363],[66.9341,30.9217],[66.9123,30.9175],[66.8897,30.9249],[66.8773,30.9465],[66.8555,30.9516],[66.8277,30.932],[66.8443,30.9145],[66.8453,30.8845],[66.8381,30.8537],[66.8039,30.8082],[66.7693,30.7557],[66.773,30.7339],[66.8369,30.6049],[66.8555,30.5749],[66.8999,30.5151],[66.9249,30.465],[66.9614,30.3958],[66.9835,30.3793],[67.0133,30.3809],[67.0205,30.3743],[67.0553,30.3716],[67.1237,30.4356],[67.1424,30.4311],[67.1866,30.4527],[67.2172,30.4379],[67.2322,30.4748],[67.2849,30.5357],[67.3189,30.546],[67.3633,30.578],[67.3922,30.5925],[67.4118,30.5935],[67.4572,30.578],[67.4675,30.5543],[67.5109,30.5161],[67.5284,30.5161],[67.5387,30.5378],[67.5553,30.5419],[67.5635,30.5729],[67.5934,30.5842],[67.6992,30.5914]]]}},{"type":"Feature","properties":{"map_unit_id":"ba_quetta","name":"Quetta","province_code":"BA","district_ids":["ba_quetta"],"in_census_tables":true},"geometry":{"type":"Polygon","coordinates":[[[66.2655,29.8642],[66.2877,29.8576],[66.3649,29.8471],[66.4359,29.8514],[66.4806,29.8123],[66.5289,29.8088],[66.5495,29.8258],[66.5658,29.8627],[66.5779,29.9216],[66.6119,29.9607],[66.6176,29.9969],[66.6559,30.0771],[66.6943,30.1488],[66.729,30.1481],[66.7468,30.1268],[66.7993,30.1112],[66.7979,30.0877],[66.8376,30.0636],[66.8135,30.0459],[66.8107,30.0267],[66.8312,30.0203],[66.849,30.026],[66.8972,30.0537],[66.9171,30.0444],[67.0186,30.0437],[67.0264,30.053],[67.0357,30.1033],[67.0506,30.1055],[67.0378,30.136],[67.0704,30.1665],[67.1279,30.1715],[67.1485,30.1807],[67.1911,30.2134],[67.2213,30.2313],[67.2308,30.2467],[67.2692,30.2709],[67.2926,30.2964],[67.2871,30.3299],[67.2632,30.319],[67.2415,30.3272],[67.2116,30.3489],[67.194,30.3695],[67.1899,30.3964],[67.2172,30.4379],[67.1866,30.4527],[67.1424,30.4311],[67.1237,30.4356],[67.0553,30.3716],[67.0205,30.3743],[67.0133,30.3809],[66.9835,30.3793],[66.9614,30.3958],[66.9249,30.465],[66.9102,30.4686],[66.8731,30.4562],[66.8607,30.4614],[66.8524,30.4397],[66.8277,30.4077],[66.8307,30.3912],[66.8132,30.383],[66.8194,30.3675],[66.8018,30.3262],[66.7812,30.2963],[66.7564,30.2797],[66.7575,30.2643],[66.7441,30.2591],[66.7358,30.2271],[66.7224,30.2168],[66.711,30.191],[66.6904,30.1786],[66.6481,30.1683],[66.615,30.1838],[66.5882,30.2054],[66.5676,30.2023],[66.548,30.2158],[66.5263,30.2189],[66.5108,30.1642],[66.4767,30.158],[66.4293,30.1569],[66.389,30.1662],[66.3725,30.1796],[66.355,30.1796],[66.3085,30.1394],[66.2817,30.0991],[66.2411,30.066],[66.2509,30.045],[66.3066,30.0057],[66.3584,29.9743],[66.3689,29.9616],[66.3531,29.9515],[66.3356,29.9198],[66.3072,29.9021],[66.2655,29.8642]]]}},{"type":"Feature","properties":{"map_unit_id":"ba_sherani","name":"Sherani","province_code":"BA","district_ids":["ba_sherani"],"in_census_tables":true},"geometry":{"type":"Polygon","coordinates":[[[70.0487,31.3787],[70.0562,31.385],[70.0459,31.4301],[70.023,31.4921],[70.011,31.5107],[69.9707,31.5095],[69.9448,31.5402],[69.9442,31.5697],[69.952,31.7279],[69.9466,31.7665],[69.9575,31.7827],[69.9412,31.7989],[69.9388,31.8507],[69.9568,31.873],[69.9596,31.8962],[69.9629,31.9319],[69.9388,31.9313],[69.9238,31.9211],[69.9075,31.8928],[69.881,31.8802],[69.854,31.8844],[69.851,31.9205],[69.8738,31.9464],[69.8798,31.9789],[69.8058,32.0113],[69.8022,32.0216],[69.8203,32.0354],[69.851,32.0914],[69.8491,32.0986],[69.7619,32.0848],[69.7445,32.0763],[69.6909,32.0685],[69.6578,32.0565],[69.6283,32.0011],[69.6031,31.9903],[69.5874,31.9722],[69.5724,31.9704],[69.5533,31.9545],[69.5877,31.8987],[69.6051,31.8821],[69.6217,31.8214],[69.6226,31.7973],[69.5951,31.7308],[69.581,31.7041],[69.581,31.6576],[69.5719,31.6301],[69.5627,31.5744],[69.5361,31.5304],[69.5353,31.4796],[69.5419,31.4389],[69.5519,31.4214],[69.5652,31.3524],[69.6076,31.3341],[69.6567,31.335],[69.675,31.3258],[69.7348,31.3208],[69.7379,31.3079],[69.7531,31.3129],[69.7678,31.289],[69.7837,31.2913],[69.8229,31.3167],[69.8539,31.3181],[69.9145,31.2837],[69.9499,31.2775],[69.9843,31.3181],[70.0195,31.3191],[70.0507,31.3333],[70.0487,31.3787]]]}},{"type":"Feature","properties":{"map_unit_id":"ba_sibi","name":"Sibi","province_code":"BA","district_ids":["ba_sibi"],"in_census_tables":true},"geometry":{"type":"Polygon","coordinates":[[[68.467,29.207],[68.4806,29.2215],[68.4449,29.223],[68.3236,29.2739],[68.2121,29.3472],[68.1799,29.3719],[68.1528,29.401],[68.129,29.4185],[68.1073,29.4157],[68.1059,29.4318],[68.1276,29.4543],[68.1976,29.5881],[68.2306,29.5916],[68.2628,29.628],[68.3224,29.6273],[68.4127,29.6203],[68.4366,29.6245],[68.4681,29.6624],[68.5073,29.675],[68.5543,29.7016],[68.5753,29.7401],[68.5648,29.7696],[68.5788,29.8144],[68.5746,29.8256],[68.5248,29.8417],[68.4562,29.874],[68.4134,29.8978],[68.4022,29.9125],[68.4001,29.9354],[68.3518,29.9319],[68.2517,29.9307],[68.1504,29.9013],[68.0797,29.8966],[68.0632,29.8883],[68.0562,29.8424],[68.0267,29.82],[68.0173,29.8059],[67.9737,29.7941],[67.9796,29.7588],[67.9466,29.7258],[67.9184,29.7105],[67.8948,29.6905],[67.883,29.6999],[67.8889,29.7199],[67.9113,29.7588],[67.9278,29.7753],[67.9455,29.8118],[67.9643,29.82],[68.0043,29.8871],[68.0126,29.9154],[68.0126,29.9602],[67.9996,29.9849],[67.9773,30.012],[67.9478,30.0261],[67.8948,30.0297],[67.8642,30.0167],[67.7794,30.0132],[67.7641,30.0249],[67.7935,30.0473],[67.7841,30.0662],[67.7464,30.0932],[67.7005,30.1086],[67.6863,30.1239],[67.6227,30.118],[67.611,30.1038],[67.5662,30.0956],[67.5615,30.0732],[67.5403,30.0603],[67.5356,30.0379],[67.4991,30.0273],[67.4591,30.032],[67.4307,30.0536],[67.3962,30.043],[67.4125,30.0338],[67.4076,30.0153],[67.365,30.0061],[67.3551,29.9955],[67.3678,29.9614],[67.3734,29.9216],[67.4156,29.9106],[67.4419,29.8945],[67.4606,29.8733],[67.487,29.8212],[67.4985,29.7826],[67.5017,29.7344],[67.5185,29.7048],[67.5371,29.6964],[67.5506,29.6758],[67.5738,29.6668],[67.6417,29.6601],[67.6731,29.6466],[67.6918,29.604],[67.7263,29.5995],[67.7757,29.5995],[67.7876,29.5838],[67.7906,29.562],[67.8056,29.5403],[67.8078,29.5029],[67.8153,29.4827],[67.8146,29.458],[67.8617,29.4445],[67.8775,29.4333],[67.8902,29.3742],[67.8849,29.3539],[67.8715,29.3427],[67.8745,29.3285],[67.9059,29.3292],[67.9351,29.3375],[67.9798,29.3696],[67.9808,29.3525],[67.9675,29.3293],[67.973,29.2277],[67.9786,29.2056],[67.9797,29.1548],[67.9753,29.1051],[67.9697,29.0929],[67.93,29.0929],[67.9245,29.0642],[67.9256,29.0267],[67.9333,28.9913],[67.9598,28.9527],[67.9786,28.9461],[67.9874,28.9306],[68.0095,28.9151],[68.0294,28.8765],[68.0018,28.8588],[67.9465,28.8467],[67.9543,28.8124],[67.9973,28.7771],[68.0192,28.7756],[68.0942,28.7944],[68.1802,28.8358],[68.2312,28.8533],[68.2535,28.9187],[68.2487,28.9402],[68.2256,28.9426],[68.2232,28.9529],[68.2599,28.9888],[68.3172,29.0047],[68.3674,29.0382],[68.381,29.0525],[68.3515,29.0923],[68.2758,29.1776],[68.2734,29.1943],[68.2862,29.223],[68.3196,29.2254],[68.3563,29.2086],[68.4049,29.2047],[68.467,29.207]]]}},{"type":"Feature","properties":{"map_unit_id":"ba_sohbatpur","name":"Sohbatpur","province_code":"BA","district_ids":["ba_sohbatpur"],"in_census_tables":true},"geometry":{"type":"Polygon","coordinates":[[[68.475,28.643],[68.4462,28.6755],[68.4073,28.6637],[68.3794,28.643],[68.3791,28.618],[68.4104,28.6231],[68.4556,28.6115],[68.4516,28.5731],[68.4572,28.5567],[68.4332,28.5288],[68.4306,28.5143],[68.449,28.4778],[68.4365,28.4523],[68.4638,28.4323],[68.8455,28.4323],[68.9198,28.4347],[69.0708,28.437],[69.131,28.4398],[69.1179,28.4789],[69.082,28.4996],[69.0398,28.4606],[68.98,28.4685],[68.9052,28.4677],[68.8359,28.4725],[68.765,28.4885],[68.6614,28.5355],[68.5913,28.5793],[68.5276,28.6135],[68.4909,28.6398],[68.475,28.643]]]}},{"type":"Feature","properties":{"map_unit_id":"ba_surab","name":"Surab","province_code":"BA","district_ids":["ba_surab"],"in_census_tables":true},"geometry":{"type":"Polygon","coordinates":[[[66.1682,28.7171],[66.0882,28.7239],[66.0888,28.6675],[66.059,28.5773],[66.0171,28.5241],[66.0072,28.5042],[65.971,28.4538],[65.9249,28.4183],[65.9,28.3772],[65.8834,28.3579],[65.8678,28.3102],[65.827,28.2285],[65.8348,28.2096],[65.8773,28.208],[65.8945,28.1955],[65.8961,28.1703],[65.882,28.0981],[65.8914,28.0494],[65.9134,28.0431],[65.9307,28.0525],[65.9542,28.0525],[65.9778,28.0117],[65.9731,27.9646],[65.9556,27.9354],[66.0133,27.9333],[66.0759,27.9385],[66.1283,27.9587],[66.1429,27.9743],[66.1969,28.0163],[66.2563,28.0529],[66.3101,28.0813],[66.3403,28.0913],[66.3795,28.1131],[66.4699,28.1515],[66.5047,28.1735],[66.5183,28.2383],[66.5165,28.2867],[66.5093,28.3059],[66.4553,28.3506],[66.4398,28.3762],[66.4233,28.4227],[66.4398,28.4629],[66.4516,28.4775],[66.4544,28.4986],[66.479,28.5278],[66.5104,28.5481],[66.4177,28.5617],[66.3763,28.5845],[66.3678,28.6045],[66.3663,28.6373],[66.3378,28.6715],[66.2808,28.6943],[66.2552,28.6943],[66.1682,28.7171]]]}},{"type":"Feature","properties":{"map_unit_id":"ba_washuk","name":"Washuk","province_code":"BA","district_ids":["ba_washuk"],"in_census_tables":true},"geometry":{"type":"Polygon","coordinates":[[[65.2956,26.8888],[65.3358,26.8958],[65.3443,26.9714],[65.3644,27.0088],[65.4321,27.0997],[65.4646,27.1467],[65.5099,27.2204],[65.5663,27.2999],[65.5815,27.34],[65.5846,27.4102],[65.5989,27.4203],[65.6105,27.4409],[65.6689,27.4921],[65.7037,27.5287],[65.6909,27.5643],[65.6899,27.5843],[65.7037,27.6209],[65.7119,27.6583],[65.7347,27.6875],[65.7539,27.6967],[65.7703,27.7177],[65.7713,27.7533],[65.7969,27.8027],[65.8881,27.8619],[65.9247,27.9167],[65.9556,27.9354],[65.9731,27.9646],[65.9778,28.0117],[65.9542,28.0525],[65.9307,28.0525],[65.9134,28.0431],[65.8914,28.0494],[65.882,28.0981],[65.8961,28.1703],[65.8945,28.1955],[65.8773,28.208],[65.8348,28.2096],[65.827,28.2285],[65.8678,28.3102],[65.8834,28.3579],[65.8574,28.3481],[65.7765,28.3261],[65.7048,28.2977],[65.6814,28.2984],[65.641,28.2807],[65.6076,28.2594],[65.5182,28.2125],[65.4585,28.1848],[65.4422,28.1685],[65.3869,28.1266],[65.2946,28.0691],[65.2778,28.0563],[65.2298,28.0603],[65.0619,28.0122],[65.048,28.0215],[64.9811,28.1465],[64.8407,28.2531],[64.8107,28.3041],[64.7807,28.3319],[64.7392,28.3967],[64.754,28.5255],[64.7616,28.6165],[64.746,28.6749],[64.6664,28.6512],[64.6111,28.6462],[64.5202,28.6128],[64.494,28.6107],[64.4698,28.5922],[64.4386,28.5468],[64.4173,28.5269],[64.3648,28.5198],[64.3321,28.5241],[64.2855,28.5395],[64.2796,28.4971],[64.2228,28.4836],[64.2051,28.4702],[64.1306,28.4695],[64.0752,28.4283],[64.0511,28.4233],[64.0127,28.3836],[63.9914,28.3907],[63.9489,28.3765],[63.9269,28.3779],[63.9013,28.3687],[63.8566,28.3339],[63.8268,28.2991],[63.8183,28.3452],[63.7913,28.3169],[63.7601,28.3034],[63.7082,28.2913],[63.5549,28.2941],[63.496,28.2913],[63.3739,28.265],[63.2533,28.2728],[63.2306,28.2523],[63.2178,28.2068],[63.1951,28.177],[63.1745,28.1777],[63.1291,28.1579],[63.0467,28.0954],[62.9765,28.0351],[62.9353,28.0031],[62.9211,27.9818],[62.8977,27.9627],[62.8636,27.9258],[62.821,27.8952],[62.8034,27.8884],[62.8203,27.8021],[62.8358,27.6946],[62.8403,27.6266],[62.8516,27.5481],[62.8566,27.4655],[62.8099,27.3371],[62.834,27.3031],[62.8271,27.2886],[62.7831,27.2464],[62.7872,27.2301],[62.8058,27.2187],[62.8535,27.2106],[62.8798,27.2156],[62.9129,27.1988],[62.9478,27.1902],[62.9714,27.1924],[63.0603,27.2333],[63.0898,27.2328],[63.1814,27.2428],[63.2509,27.2069],[63.2949,27.2116],[63.3369,27.1999],[63.3847,27.2028],[63.4261,27.1949],[63.4605,27.2077],[63.5482,27.2097],[63.5876,27.2205],[63.6023,27.2412],[63.6338,27.2313],[63.6624,27.2313],[63.754,27.2392],[63.7953,27.2599],[63.8229,27.2599],[63.8367,27.2392],[63.8702,27.2146],[63.8958,27.188],[63.8948,27.1624],[63.9076,27.1437],[63.9972,27.0856],[64.1006,27.0797],[64.1085,27.06],[64.1036,27.0374],[64.0789,27.0108],[64.076,26.9852],[64.1075,27.0088],[64.1213,27.0383],[64.1223,27.0787],[64.1114,27.0954],[64.1144,27.1132],[64.1498,27.126],[64.1951,27.1299],[64.2208,27.1476],[64.2375,27.1732],[64.2552,27.1644],[64.272,27.1762],[64.3286,27.239],[64.3704,27.2546],[64.3894,27.2864],[64.4081,27.2992],[64.4257,27.293],[64.4458,27.2501],[64.4537,27.2518],[64.4561,27.2266],[64.4848,27.2055],[64.4921,27.173],[64.5001,27.1682],[64.5001,27.1377],[64.4918,27.1139],[64.5996,27.0582],[64.6359,27.0243],[64.665,27.0167],[64.6722,27.0053],[64.7099,27.0067],[64.7746,27.0406],[64.9039,27.1208],[64.963,27.1595],[64.9993,27.1709],[65.0145,27.183],[65.0518,27.1505],[65.0567,27.107],[65.074,27.0873],[65.0764,27.0658],[65.0885,27.0548],[65.0944,27.0236],[65.1663,27.0257],[65.2005,27.0067],[65.2164,26.9811],[65.2237,26.9375],[65.2686,26.8916],[65.2956,26.8888]]]}},{"type":"Feature","properties":{"map_unit_id":"ba_zhob","name":"Zhob","province_code":"BA","district_ids":["ba_zhob"],"in_census_tables":true},"geometry":{"type":"Polygon","coordinates":[[[69.375,31.962],[69.3233,31.9471],[69.3246,31.9262],[69.2825,31.9091],[69.2689,31.8823],[69.2385,31.8605],[69.1994,31.8456],[69.1823,31.7971],[69.1575,31.7781],[69.1562,31.7623],[69.1234,31.7185],[69.1228,31.7034],[69.0736,31.6641],[69.056,31.659],[69.0309,31.6355],[69.0268,31.6207],[68.9915,31.6268],[68.9524,31.6431],[68.9394,31.61],[68.9148,31.5992],[68.853,31.5977],[68.8033,31.6124],[68.7855,31.6357],[68.7783,31.6595],[68.7172,31.6942],[68.7113,31.7538],[68.6986,31.771],[68.6367,31.7741],[68.5774,31.8226],[68.5636,31.8217],[68.5252,31.7981],[68.491,31.7848],[68.4419,31.7583],[68.4761,31.7455],[68.5119,31.7521],[68.5815,31.7485],[68.5845,31.7388],[68.5569,31.7112],[68.5344,31.7148],[68.5144,31.73],[68.446,31.7419],[68.4158,31.7567],[68.3773,31.7569],[68.2983,31.7517],[68.2753,31.7603],[68.2547,31.7801],[68.2599,31.7991],[68.2455,31.8039],[68.1873,31.8089],[68.1729,31.8309],[68.1341,31.7828],[68.1228,31.7583],[68.0722,31.7163],[68.063,31.6918],[68.0134,31.6611],[67.9541,31.6315],[67.9055,31.6217],[67.885,31.6264],[67.8497,31.6176],[67.8216,31.5947],[67.8351,31.5776],[67.8685,31.5576],[67.9197,31.5353],[67.9776,31.5153],[68.0221,31.493],[68.0667,31.4585],[68.1557,31.3816],[68.1769,31.3594],[68.2448,31.3204],[68.3639,31.2848],[68.4018,31.2814],[68.4797,31.3204],[68.5655,31.346],[68.5822,31.3538],[68.6545,31.3271],[68.6601,31.3104],[68.6556,31.2469],[68.6679,31.2369],[68.6846,31.2035],[68.6701,31.1723],[68.689,31.1456],[68.6935,31.1044],[68.7046,31.0977],[68.7436,31.0977],[68.7781,31.1211],[68.8004,31.1467],[68.846,31.1478],[68.8794,31.1345],[68.905,31.14],[68.924,31.1345],[68.9262,31.1144],[68.9574,31.1122],[68.9941,31.1412],[69.0097,31.1167],[69.0409,31.1367],[69.0754,31.1311],[69.1032,31.1423],[69.1633,31.1],[69.2168,31.0877],[69.229,31.0677],[69.2624,31.032],[69.2992,31.0209],[69.3206,31.0275],[69.3615,31.0599],[69.3793,31.0599],[69.3805,31.0387],[69.3482,30.9953],[69.3081,30.9853],[69.2847,30.943],[69.2858,30.9085],[69.2758,30.8784],[69.2546,30.8361],[69.2257,30.8227],[69.1522,30.8038],[69.1066,30.7737],[69.0587,30.7526],[69.0821,30.708],[69.0843,30.6902],[69.1277,30.7002],[69.1547,30.6841],[69.1934,30.6835],[69.2123,30.6769],[69.229,30.6223],[69.2702,30.6234],[69.2981,30.6167],[69.3248,30.619],[69.3448,30.6112],[69.3716,30.5722],[69.4295,30.5355],[69.4684,30.5188],[69.5363,30.4743],[69.5621,30.4857],[69.5558,30.5],[69.5396,30.5],[69.5291,30.5377],[69.4923,30.5301],[69.4767,30.5367],[69.4661,30.5592],[69.4685,30.5874],[69.4847,30.6095],[69.5143,30.6299],[69.5321,30.6519],[69.5345,30.7183],[69.5391,30.7517],[69.5769,30.7747],[69.5835,30.7951],[69.6222,30.8243],[69.6585,30.8807],[69.6839,30.9389],[69.7159,30.9743],[69.7321,31.0325],[69.7097,31.0477],[69.7059,31.0713],[69.7249,31.0979],[69.7011,31.1023],[69.7077,31.1457],[69.6977,31.181],[69.7158,31.2197],[69.6986,31.2351],[69.7011,31.2489],[69.7211,31.2655],[69.7221,31.2899],[69.7379,31.3079],[69.7348,31.3208],[69.675,31.3258],[69.6567,31.335],[69.6076,31.3341],[69.5652,31.3524],[69.5519,31.4214],[69.5419,31.4389],[69.5353,31.4796],[69.5361,31.5304],[69.5627,31.5744],[69.5719,31.6301],[69.581,31.6576],[69.581,31.7041],[69.5951,31.7308],[69.6226,31.7973],[69.6217,31.8214],[69.6051,31.8821],[69.5877,31.8987],[69.5533,31.9545],[69.5357,31.9578],[69.523,31.9722],[69.4923,31.9638],[69.4225,31.9584],[69.375,31.962]]]}},{"type":"Feature","properties":{"map_unit_id":"ba_ziarat","name":"Ziarat","province_code":"BA","district_ids":["ba_ziarat"],"in_census_tables":true},"geometry":{"type":"Polygon","coordinates":[[[68.5484,30.2594],[68.5778,30.2655],[68.5638,30.2935],[68.5143,30.2946],[68.499,30.3052],[68.4849,30.3429],[68.5237,30.3736],[68.5096,30.3877],[68.4578,30.3865],[68.4154,30.3747],[68.3424,30.3759],[68.3176,30.3912],[68.3164,30.4372],[68.3011,30.4513],[68.254,30.4548],[68.2305,30.4737],[68.2305,30.5114],[68.2116,30.5302],[68.148,30.5267],[68.1256,30.542],[68.0703,30.5349],[68.0409,30.5384],[68.0173,30.5326],[68.0079,30.5184],[67.9855,30.5137],[67.9608,30.4748],[67.9231,30.4925],[67.8677,30.4984],[67.7848,30.4993],[67.7803,30.5182],[67.7266,30.5543],[67.6992,30.5914],[67.5934,30.5842],[67.5635,30.5729],[67.5553,30.5419],[67.5387,30.5378],[67.5284,30.5161],[67.5109,30.5161],[67.4675,30.5543],[67.4572,30.578],[67.4118,30.5935],[67.3922,30.5925],[67.3633,30.578],[67.3189,30.546],[67.2849,30.5357],[67.2322,30.4748],[67.2172,30.4379],[67.1899,30.3964],[67.194,30.3695],[67.2116,30.3489],[67.2415,30.3272],[67.2632,30.319],[67.2871,30.3299],[67.3089,30.3389],[67.3423,30.3198],[67.3927,30.317],[67.4372,30.3056],[67.4551,30.3141],[67.4949,30.3155],[67.5211,30.2936],[67.5481,30.28],[67.5793,30.2737],[67.617,30.2928],[67.6404,30.2978],[67.6695,30.2949],[67.744,30.3255],[67.7582,30.3461],[67.7433,30.3781],[67.7546,30.3844],[67.8185,30.3745],[67.8668,30.3631],[67.8789,30.3354],[67.8959,30.3255],[67.9406,30.3198],[67.9527,30.3099],[67.9889,30.2978],[68.0087,30.2794],[68.0911,30.2645],[68.1024,30.2418],[68.1323,30.2233],[68.1415,30.2077],[68.1592,30.2048],[68.1848,30.1828],[68.2118,30.1713],[68.221,30.1782],[68.2669,30.1758],[68.3035,30.1605],[68.3376,30.1628],[68.3682,30.1758],[68.4271,30.1876],[68.4601,30.1852],[68.5119,30.2253],[68.5449,30.2347],[68.5484,30.2594]]]}},{"type":"Feature","properties":{"map_unit_id":"gb","name":"Gilgit-Baltistan","province_code":null,"district_ids":[],"in_census_tables":false},"geometry":{"type":"Polygon","coordinates":[[[74.1319,35.1193],[74.1286,35.1052],[74.1694,35.0789],[74.1902,35.0848],[74.2235,35.0813],[74.2431,35.0456],[74.2573,35.0397],[74.2823,35.0462],[74.293,35.0622],[74.3161,35.0664],[74.3631,35.0575],[74.4195,35.1068],[74.4439,35.1359],[74.4558,35.1318],[74.4635,35.108],[74.4873,35.1116],[74.5098,35.1015],[74.5164,35.0842],[74.5384,35.0682],[74.5348,35.0355],[74.5615,35.0094],[74.5734,35.0183],[74.5889,34.9987],[74.5752,34.9904],[74.5663,34.9482],[74.5728,34.9404],[74.5704,34.8965],[74.599,34.9107],[74.6186,34.9101],[74.6459,34.8965],[74.6655,34.9],[74.6839,34.8727],[74.6988,34.8691],[74.7029,34.8537],[74.7255,34.8555],[74.7279,34.8383],[74.7528,34.8228],[74.7629,34.7877],[74.776,34.7622],[74.8222,34.748],[74.8644,34.7027],[74.8951,34.6567],[74.9342,34.6521],[74.9527,34.6344],[74.9795,34.6352],[75.0141,34.619],[75.0509,34.619],[75.077,34.6536],[75.1077,34.6605],[75.1408,34.6927],[75.2006,34.672],[75.2137,34.6375],[75.2452,34.6421],[75.2644,34.6283],[75.2644,34.6068],[75.2966,34.5945],[75.3265,34.5691],[75.3588,34.5653],[75.4302,34.5446],[75.4578,34.5453],[75.4839,34.5384],[75.5338,34.5423],[75.5591,34.53],[75.6221,34.5146],[75.6536,34.5108],[75.8271,34.5139],[75.8447,34.53],[75.8885,34.5331],[75.9038,34.5446],[75.9261,34.5922],[75.9868,34.6367],[76.0059,34.6467],[76.0182,34.6713],[76.0796,34.6367],[76.1856,34.6014],[76.2815,34.6229],[76.3053,34.6382],[76.3529,34.6597],[76.4197,34.7281],[76.4474,34.7503],[76.455,34.7711],[76.4965,34.7987],[76.5664,34.7918],[76.6393,34.8102],[76.7007,34.8371],[76.7445,34.8785],[76.8182,34.9177],[76.8366,34.9353],[76.8727,34.953],[76.9502,34.9822],[76.9679,35.0029],[77.0324,35.0259],[77.0538,35.0374],[77.1214,35.0536],[77.1721,35.0597],[77.232,35.1104],[77.3748,35.1925],[77.4469,35.2511],[77.4976,35.2739],[77.5306,35.2992],[77.6074,35.3407],[77.612,35.3714],[77.6534,35.4075],[77.6818,35.4228],[77.6902,35.4513],[77.6666,35.4688],[77.6614,35.4831],[77.6389,35.4749],[77.6378,35.4564],[77.6071,35.468],[77.5835,35.4657],[77.5863,35.478],[77.5055,35.4862],[77.4788,35.4821],[77.4511,35.4626],[77.4039,35.4739],[77.3875,35.4677],[77.3762,35.4965],[77.3458,35.4976],[77.3393,35.5211],[77.3239,35.5386],[77.3023,35.5437],[77.2203,35.5232],[77.1864,35.5221],[77.1284,35.5569],[77.1064,35.5622],[77.053,35.6032],[77.0228,35.602],[77.0109,35.6156],[76.9661,35.5961],[76.936,35.6043],[76.8734,35.6443],[76.856,35.6669],[76.7667,35.6556],[76.7267,35.71],[76.7,35.7254],[76.699,35.7449],[76.661,35.7562],[76.6456,35.7685],[76.6158,35.7665],[76.5953,35.7737],[76.5683,35.8127],[76.5676,35.824],[76.5891,35.8538],[76.5787,35.8696],[76.5984,35.901],[76.5717,35.9298],[76.5481,35.9256],[76.5432,35.9082],[76.5099,35.8867],[76.4804,35.8948],[76.4639,35.8866],[76.4448,35.8616],[76.427,35.8548],[76.3695,35.864],[76.3593,35.8579],[76.3654,35.8281],[76.3459,35.8291],[76.2915,35.8445],[76.234,35.8404],[76.2176,35.826],[76.1519,35.8291],[76.1468,35.8435],[76.1568,35.8632],[76.1653,35.9082],[76.1571,35.9338],[76.1191,35.9759],[76.0996,36.0242],[76.0421,36.0304],[76.0252,36.019],[75.9805,36.0345],[75.9487,36.0735],[75.9569,36.0858],[75.9425,36.1012],[75.9477,36.1228],[75.9353,36.1413],[75.9733,36.1536],[75.9702,36.1659],[76.0168,36.1725],[76.0094,36.2366],[76.0263,36.2382],[76.0597,36.2282],[76.0602,36.2515],[76.0332,36.27],[76.0237,36.2981],[75.993,36.3251],[75.9877,36.3463],[76.0078,36.3865],[76.0322,36.3987],[76.0385,36.4151],[76.014,36.4549],[75.9983,36.5015],[75.969,36.5215],[75.9511,36.5571],[75.9358,36.5756],[75.9411,36.6064],[75.8977,36.6392],[75.8468,36.6863],[75.7356,36.7531],[75.7037,36.7555],[75.6769,36.7711],[75.6334,36.7801],[75.5858,36.7721],[75.5709,36.7796],[75.5397,36.7801],[75.5344,36.734],[75.515,36.7344],[75.5037,36.7488],[75.4783,36.7298],[75.4601,36.7298],[75.4264,36.7843],[75.4258,36.8283],[75.4333,36.8765],[75.4232,36.8956],[75.3978,36.9093],[75.3941,36.9284],[75.419,36.9448],[75.4062,36.9655],[75.3782,36.9649],[75.3125,36.9803],[75.2818,36.983],[75.241,36.9718],[75.1687,36.9993],[75.1706,37.0227],[75.1457,37.0343],[75.1309,37.0206],[75.0636,37.0131],[75.0334,37.0259],[74.9969,37.0006],[74.9789,37.0036],[74.9371,36.9925],[74.9233,36.9835],[74.9392,36.948],[74.9021,36.9406],[74.8703,36.9983],[74.8428,37.0237],[74.8465,37.0534],[74.8407,37.0656],[74.8121,37.0651],[74.7935,37.0571],[74.7914,37.0375],[74.7348,37.0375],[74.7205,37.0518],[74.7042,37.0976],[74.6312,37.0754],[74.6232,37.0593],[74.5734,37.0389],[74.5761,37.0042],[74.5628,36.9713],[74.537,36.9766],[74.5316,36.9989],[74.5005,37.0086],[74.424,37.0069],[74.4063,36.9891],[74.3582,36.9748],[74.3244,36.9455],[74.2773,36.9153],[74.2426,36.9055],[74.2177,36.9144],[74.151,36.9179],[74.1359,36.8859],[74.1297,36.8574],[74.0852,36.8521],[74.0407,36.8343],[74.0221,36.8414],[73.9749,36.8405],[73.9456,36.869],[73.9109,36.8886],[73.8904,36.8859],[73.8424,36.9072],[73.8006,36.9001],[73.7553,36.9126],[73.7286,36.9099],[73.7001,36.9197],[73.6699,36.9224],[73.6507,36.9155],[73.684,36.8655],[73.7208,36.8423],[73.7481,36.8423],[73.785,36.8346],[73.7933,36.812],[73.8266,36.8085],[73.8569,36.78],[73.8681,36.755],[73.861,36.7247],[73.8343,36.7098],[73.7755,36.7283],[73.7345,36.7188],[73.6875,36.7229],[73.6566,36.7069],[73.6037,36.7098],[73.5788,36.7188],[73.5687,36.736],[73.5069,36.73],[73.4493,36.7413],[73.4089,36.7586],[73.3744,36.758],[73.2681,36.7211],[73.214,36.7176],[73.1522,36.73],[73.1249,36.711],[73.0619,36.6974],[73.0494,36.6849],[73.0577,36.6463],[73.075,36.6094],[73.0547,36.5869],[73.0411,36.5476],[73.0102,36.5245],[72.9704,36.509],[72.9674,36.4769],[72.924,36.474],[72.8884,36.4633],[72.8715,36.4524],[72.8632,36.4334],[72.8572,36.3883],[72.8483,36.3764],[72.8183,36.3646],[72.7595,36.3272],[72.7218,36.3135],[72.6864,36.2755],[72.6525,36.2636],[72.5937,36.2696],[72.5491,36.2327],[72.542,36.2084],[72.5402,36.1365],[72.5236,36.1115],[72.5212,36.0789],[72.5301,36.0604],[72.5658,36.0289],[72.5681,36.0123],[72.5497,35.9725],[72.5182,35.9244],[72.5107,35.9022],[72.5282,35.8977],[72.552,35.8803],[72.5685,35.8518],[72.6274,35.8394],[72.6834,35.8204],[72.7857,35.8481],[72.7897,35.8524],[72.8095,35.8625],[72.8195,35.8881],[72.8367,35.8733],[72.8908,35.8774],[72.8919,35.8495],[72.9038,35.8418],[72.9604,35.8489],[72.9989,35.8626],[73.0263,35.8423],[73.0559,35.862],[73.0732,35.8608],[73.0922,35.8756],[73.1291,35.8459],[73.1498,35.8436],[73.1783,35.8602],[73.2003,35.8269],[73.2003,35.7871],[73.1878,35.7853],[73.1581,35.7616],[73.1201,35.7651],[73.11,35.7491],[73.126,35.7212],[73.1486,35.7129],[73.1831,35.6897],[73.192,35.6772],[73.236,35.6677],[73.2401,35.6576],[73.2752,35.6695],[73.2966,35.6623],[73.331,35.6629],[73.3381,35.6433],[73.3643,35.6005],[73.3952,35.5869],[73.4011,35.5364],[73.4178,35.5251],[73.4999,35.5429],[73.6169,35.5411],[73.6649,35.531],[73.7351,35.5316],[73.7511,35.5239],[73.7856,35.5245],[73.7856,35.4633],[73.7945,35.449],[73.7547,35.4431],[73.7529,35.4324],[73.7273,35.4193],[73.6982,35.3712],[73.6929,35.3492],[73.6994,35.3142],[73.7101,35.3029],[73.7119,35.2797],[73.7303,35.2737],[73.7499,35.231],[73.7655,35.2209],[73.8093,35.2429],[73.8325,35.2274],[73.8474,35.2262],[73.8711,35.2048],[73.9008,35.212],[73.9258,35.2102],[73.9577,35.1652],[74.003,35.1846],[74.0078,35.171],[74.0357,35.1496],[74.0803,35.1561],[74.0969,35.146],[74.1123,35.1532],[74.1159,35.1234],[74.1319,35.1193]]]}},{"type":"Feature","properties":{"map_unit_id":"is_islamabad","name":"Islamabad","province_code":"IS","district_ids":["is_islamabad"],"in_census_tables":true},"geometry":{"type":"Polygon","coordinates":[[[73.2268,33.7963],[73.1838,33.8088],[73.1082,33.783],[73.093,33.7896],[73.0201,33.7744],[73.0108,33.7598],[72.9485,33.73],[72.9246,33.7365],[72.8929,33.7227],[72.8606,33.7218],[72.8249,33.6939],[72.851,33.6651],[72.9095,33.577],[72.9837,33.6137],[72.9753,33.6273],[72.9881,33.634],[73.0001,33.621],[73.0255,33.6303],[73.0854,33.6656],[73.1704,33.5521],[73.1638,33.5413],[73.1016,33.5139],[73.1093,33.4878],[73.1278,33.4565],[73.1911,33.4824],[73.2327,33.5065],[73.27,33.5467],[73.2798,33.569],[73.2933,33.6244],[73.313,33.6332],[73.3397,33.6328],[73.3711,33.6814],[73.3459,33.6835],[73.3302,33.7085],[73.2987,33.7302],[73.2641,33.7738],[73.2268,33.7963]]]}},{"type":"Feature","properties":{"map_unit_id":"kp_abbottabad","name":"Abbottabad","province_code":"KP","district_ids":["kp_abbottabad"],"in_census_tables":true},"geometry":{"type":"Polygon","coordinates":[[[73.2127,33.8535],[73.2198,33.8176],[73.2414,33.8254],[73.2606,33.8486],[73.2686,33.8367],[73.3044,33.8466],[73.3256,33.8665],[73.3501,33.9208],[73.3832,33.942],[73.3885,33.9652],[73.4077,33.9758],[73.421,33.9632],[73.4356,33.9679],[73.4866,34.0169],[73.5014,34.018],[73.511,34.0187],[73.5149,34.0369],[73.503,34.0691],[73.4951,34.1352],[73.4951,34.1872],[73.499,34.2076],[73.4736,34.2562],[73.4883,34.2793],[73.4804,34.2912],[73.4696,34.2799],[73.4516,34.3003],[73.4403,34.3263],[73.4011,34.3708],[73.359,34.3649],[73.3419,34.3369],[73.3225,34.3192],[73.2776,34.3034],[73.2579,34.2718],[73.2282,34.2881],[73.2124,34.2853],[73.198,34.2271],[73.1822,34.2385],[73.1439,34.2513],[73.1013,34.2341],[73.0791,34.2305],[73.0491,34.2579],[73.0461,34.2687],[73.0145,34.2562],[73.0009,34.2432],[73.0067,34.2327],[72.9926,34.2158],[72.9784,34.1872],[72.9965,34.1656],[72.9915,34.1589],[72.9967,34.116],[72.9798,34.0946],[72.9926,34.0835],[73.0056,34.0982],[73.025,34.0952],[73.0164,34.0722],[73.0378,34.0472],[73.0807,34.0414],[73.0968,34.019],[73.1265,34.0234],[73.1523,34.0045],[73.1342,33.958],[73.101,33.9388],[73.1121,33.9178],[73.0985,33.8967],[73.1523,33.9011],[73.1706,33.9139],[73.1952,33.9147],[73.1883,33.8945],[73.2121,33.884],[73.1952,33.869],[73.2127,33.8535]]]}},{"type":"Feature","properties":{"map_unit_id":"kp_bajaur","name":"Bajaur","province_code":"KP","district_ids":["kp_bajaur"],"in_census_tables":true},"geometry":{"type":"Polygon","coordinates":[[[71.7154,34.6391],[71.7599,34.6562],[71.7677,34.6736],[71.7598,34.718],[71.7624,34.7319],[71.7843,34.7491],[71.8048,34.7544],[71.771,34.7723],[71.7591,34.7876],[71.7266,34.7975],[71.7021,34.7968],[71.6822,34.8127],[71.6312,34.8108],[71.6093,34.8247],[71.6054,34.8624],[71.5928,34.8916],[71.557,34.942],[71.51,34.9798],[71.5029,34.9635],[71.4454,34.9462],[71.416,34.9271],[71.3571,34.9118],[71.3112,34.8792],[71.2948,34.8504],[71.2804,34.8052],[71.2404,34.781],[71.2345,34.7606],[71.1728,34.7309],[71.1819,34.7159],[71.2084,34.705],[71.231,34.7221],[71.2734,34.676],[71.269,34.6553],[71.2867,34.6518],[71.3233,34.6576],[71.3527,34.647],[71.4399,34.6765],[71.4812,34.659],[71.5247,34.6782],[71.5513,34.6725],[71.5606,34.6556],[71.5287,34.6287],[71.5363,34.5803],[71.5432,34.5733],[71.5433,34.5443],[71.5822,34.5074],[71.6089,34.5205],[71.6249,34.5196],[71.6286,34.5369],[71.6429,34.5364],[71.659,34.5444],[71.6776,34.6126],[71.6882,34.6246],[71.7081,34.6239],[71.7154,34.6391]]]}},{"type":"Feature","properties":{"map_unit_id":"kp_bannu","name":"Bannu","province_code":"KP","district_ids":["kp_bannu"],"in_census_tables":true},"geometry":{"type":"Polygon","coordinates":[[[70.3816,32.7671],[70.3739,32.7079],[70.3914,32.7241],[70.4652,32.7473],[70.4945,32.7701],[70.5102,32.763],[70.5148,32.7977],[70.5309,32.7937],[70.5509,32.8298],[70.5727,32.8398],[70.6042,32.8316],[70.6092,32.8148],[70.6435,32.8259],[70.6621,32.8241],[70.6753,32.8423],[70.7135,32.8209],[70.74,32.8162],[70.79,32.8702],[70.8297,32.8545],[70.8668,32.8759],[70.889,32.8473],[70.9244,32.862],[70.9536,32.8672],[70.9615,32.8834],[70.9619,32.9124],[70.9508,32.9388],[70.9172,32.9871],[70.9194,33.0121],[70.8515,33.0228],[70.8225,33.0364],[70.7874,33.0924],[70.7943,33.1118],[70.8208,33.1177],[70.8394,33.1535],[70.8725,33.1687],[70.8692,33.1893],[70.8241,33.2098],[70.781,33.2072],[70.7575,33.2151],[70.7035,33.2171],[70.6791,33.2449],[70.6923,33.2543],[70.628,33.2611],[70.6187,33.2316],[70.519,33.1912],[70.4865,33.1529],[70.4864,33.116],[70.4569,33.1095],[70.4149,33.0575],[70.4102,33.0004],[70.391,32.9772],[70.4074,32.9697],[70.3823,32.9469],[70.3563,32.9107],[70.3479,32.8557],[70.3209,32.7854],[70.3057,32.7717],[70.2644,32.7505],[70.2614,32.73],[70.2889,32.7335],[70.3148,32.763],[70.337,32.7691],[70.3816,32.7671]]]}},{"type":"Feature","properties":{"map_unit_id":"kp_batagram","name":"Batagram","province_code":"KP","district_ids":["kp_batagram"],"in_census_tables":true},"geometry":{"type":"Polygon","coordinates":[[[72.918,34.5792],[72.9403,34.5667],[72.9687,34.5784],[73.0267,34.5831],[73.0272,34.5706],[73.0472,34.5576],[73.0738,34.5584],[73.0874,34.5681],[73.0921,34.6249],[73.1151,34.6441],[73.1437,34.6513],[73.1816,34.6477],[73.201,34.6945],[73.2074,34.7294],[73.2229,34.7436],[73.2221,34.7821],[73.2618,34.7946],[73.3219,34.7918],[73.3596,34.7743],[73.3823,34.771],[73.3998,34.8018],[73.4289,34.8037],[73.4649,34.8486],[73.4965,34.8744],[73.4913,34.8988],[73.4467,34.9002],[73.3968,34.9276],[73.3543,34.9312],[73.2848,34.9249],[73.2338,34.9152],[73.2088,34.9371],[73.1803,34.9283],[73.1085,34.9285],[73.0796,34.9551],[73.0527,34.9662],[72.9958,34.9577],[72.9691,34.9457],[72.9394,34.9429],[72.8928,34.9166],[72.8756,34.9145],[72.862,34.9055],[72.8651,34.8905],[72.8964,34.8819],[72.9751,34.8511],[72.9979,34.8464],[73.0042,34.8212],[72.9369,34.8057],[72.9205,34.7716],[72.9016,34.766],[72.9017,34.7153],[72.8958,34.6809],[72.9069,34.6648],[72.9,34.6266],[72.9061,34.5983],[72.918,34.5792]]]}},{"type":"Feature","properties":{"map_unit_id":"kp_buner","name":"Buner","province_code":"KP","district_ids":["kp_buner"],"in_census_tables":true},"geometry":{"type":"Polygon","coordinates":[[[72.7128,34.3035],[72.7448,34.3549],[72.7439,34.3854],[72.7498,34.4184],[72.717,34.4539],[72.742,34.4592],[72.7705,34.475],[72.7445,34.5082],[72.7295,34.5185],[72.7315,34.5371],[72.7262,34.5687],[72.7024,34.6152],[72.6993,34.6302],[72.7182,34.669],[72.6841,34.6773],[72.6547,34.6657],[72.6505,34.6466],[72.607,34.6454],[72.569,34.6352],[72.5624,34.6587],[72.5272,34.6829],[72.5279,34.7055],[72.5011,34.7106],[72.4859,34.7048],[72.4781,34.6745],[72.4468,34.6776],[72.4188,34.6867],[72.4049,34.6826],[72.3777,34.6599],[72.3528,34.6247],[72.2926,34.6108],[72.2588,34.5814],[72.2212,34.5703],[72.2353,34.5357],[72.2012,34.5155],[72.2236,34.4872],[72.2208,34.4569],[72.2699,34.4306],[72.2996,34.4378],[72.3608,34.4356],[72.383,34.4184],[72.4235,34.4059],[72.4347,34.3812],[72.4681,34.3724],[72.4853,34.3408],[72.4789,34.3233],[72.4531,34.3067],[72.4498,34.2892],[72.4606,34.2701],[72.4193,34.2147],[72.4138,34.1892],[72.4709,34.1795],[72.5017,34.1689],[72.5227,34.154],[72.5466,34.1675],[72.5726,34.1734],[72.5854,34.1856],[72.5687,34.2185],[72.6225,34.2585],[72.645,34.2795],[72.6885,34.3011],[72.7128,34.3035]]]}},{"type":"Feature","properties":{"map_unit_id":"kp_charsadda","name":"Charsadda","province_code":"KP","district_ids":["kp_charsadda"],"in_census_tables":true},"geometry":{"type":"Polygon","coordinates":[[[71.9026,34.1315],[71.9375,34.1406],[71.9275,34.1553],[71.8935,34.2371],[71.8729,34.2524],[71.8494,34.2526],[71.8294,34.2651],[71.8177,34.2841],[71.8219,34.3194],[71.8355,34.3333],[71.8311,34.3641],[71.8175,34.3727],[71.7989,34.3996],[71.7623,34.4262],[71.7507,34.4578],[71.7043,34.4431],[71.6624,34.4184],[71.6578,34.3906],[71.6253,34.376],[71.6233,34.3508],[71.5902,34.3668],[71.565,34.3423],[71.557,34.3244],[71.5332,34.3118],[71.5365,34.2647],[71.508,34.2402],[71.4947,34.2508],[71.4868,34.2416],[71.4947,34.2256],[71.4757,34.2086],[71.5015,34.1885],[71.494,34.176],[71.5332,34.1761],[71.5583,34.1669],[71.5818,34.1684],[71.6133,34.1506],[71.6652,34.1314],[71.6881,34.1292],[71.7025,34.1115],[71.6993,34.0917],[71.715,34.0865],[71.7416,34.0952],[71.7754,34.0946],[71.82,34.0771],[71.8267,34.0475],[71.8494,34.0492],[71.8926,34.1224],[71.9026,34.1315]]]}},{"type":"Feature","properties":{"map_unit_id":"kp_dera_ismail_khan","name":"Dera Ismail Khan","province_code":"KP","district_ids":["kp_dera_ismail_khan"],"in_census_tables":true},"geometry":{"type":"Polygon","coordinates":[[[70.7863,31.3478],[70.8071,31.3604],[70.8347,31.3829],[70.842,31.4214],[70.8957,31.4379],[70.8864,31.4445],[70.895,31.4803],[70.8818,31.4863],[70.8705,31.5128],[70.9003,31.5128],[70.9023,31.5234],[70.8784,31.5473],[70.8804,31.5685],[70.9003,31.5865],[70.8851,31.6103],[70.8951,31.6301],[70.8851,31.6361],[70.897,31.6692],[70.9129,31.6877],[70.9427,31.6857],[70.9301,31.6983],[70.9607,31.7474],[70.999,31.7752],[71.0223,31.8157],[71.0355,31.864],[71.064,31.8806],[71.062,31.9018],[71.0726,31.9588],[71.0677,31.9672],[71.0713,32.0025],[71.0653,32.025],[71.0865,32.0356],[71.109,32.1039],[71.1057,32.1238],[71.1157,32.1615],[71.1382,32.1589],[71.1548,32.1668],[71.1731,32.1933],[71.1647,32.2338],[71.1857,32.2663],[71.2098,32.2828],[71.2151,32.302],[71.2833,32.363],[71.3184,32.363],[71.3423,32.3729],[71.3284,32.3888],[71.3264,32.4113],[71.3443,32.4153],[71.3337,32.4279],[71.3469,32.4663],[71.3509,32.4962],[71.3231,32.5313],[71.2999,32.5333],[71.2979,32.5101],[71.2774,32.5121],[71.2628,32.4889],[71.2308,32.5103],[71.1784,32.4494],[71.1605,32.4494],[71.1459,32.4608],[71.0898,32.4088],[71.0418,32.3868],[71.0036,32.3754],[70.9492,32.351],[70.8597,32.3242],[70.815,32.2966],[70.7744,32.3015],[70.7443,32.2763],[70.6987,32.2632],[70.6595,32.2686],[70.6036,32.2348],[70.5776,32.2096],[70.5695,32.1795],[70.5695,32.1372],[70.5516,32.1112],[70.5264,32.0974],[70.4849,32.0998],[70.4264,32.0836],[70.3101,32.0868],[70.2809,32.0803],[70.2597,32.0884],[70.2272,32.0324],[70.1676,31.9924],[70.188,31.9773],[70.2218,31.8368],[70.2133,31.8148],[70.196,31.822],[70.1842,31.8387],[70.1678,31.8348],[70.1576,31.8475],[70.0963,31.8431],[70.0503,31.8568],[70.0429,31.8751],[70.0164,31.8913],[69.9596,31.8962],[69.9568,31.873],[69.9388,31.8507],[69.9412,31.7989],[69.9575,31.7827],[69.9466,31.7665],[69.952,31.7279],[69.9442,31.5697],[69.9448,31.5402],[69.9707,31.5095],[70.011,31.5107],[70.023,31.4921],[70.0459,31.4301],[70.0562,31.385],[70.0719,31.3845],[70.0965,31.4205],[70.0941,31.4421],[70.1169,31.4427],[70.1169,31.4253],[70.1723,31.4391],[70.2037,31.4765],[70.2229,31.4807],[70.2559,31.5053],[70.2661,31.4885],[70.2673,31.462],[70.2795,31.4217],[70.2781,31.3735],[70.2715,31.3669],[70.2673,31.3177],[70.2733,31.2411],[70.2595,31.2346],[70.2691,31.1847],[70.2888,31.1624],[70.3693,31.1898],[70.4042,31.1984],[70.4042,31.2094],[70.4272,31.2431],[70.451,31.2868],[70.4676,31.2941],[70.51,31.2988],[70.5332,31.3094],[70.5445,31.3286],[70.563,31.3385],[70.6306,31.316],[70.6777,31.314],[70.6962,31.3319],[70.7386,31.3319],[70.7472,31.3133],[70.7674,31.3056],[70.7837,31.31],[70.7863,31.3478]]]}},{"type":"Feature","properties":{"map_unit_id":"kp_hangu","name":"Hangu","province_code":"KP","district_ids":["kp_hangu"],"in_census_tables":true},"geometry":{"type":"Polygon","coordinates":[[[70.7035,33.2171],[70.7575,33.2151],[70.7668,33.3008],[70.7611,33.3108],[70.7703,33.3331],[70.7836,33.3337],[70.854,33.3144],[70.884,33.3137],[70.9101,33.3544],[70.9312,33.3544],[70.9894,33.3655],[71.0484,33.3616],[71.0628,33.3783],[71.0602,33.3969],[71.1016,33.4041],[71.117,33.4152],[71.1109,33.4242],[71.1181,33.4481],[71.1048,33.4756],[71.137,33.4749],[71.1431,33.5027],[71.1577,33.5088],[71.2092,33.5081],[71.1885,33.5374],[71.2206,33.5635],[71.2224,33.596],[71.1917,33.596],[71.1727,33.6085],[71.1495,33.5967],[71.1312,33.5978],[71.0792,33.5836],[71.06,33.5822],[71.0375,33.5623],[71.0083,33.5464],[70.9699,33.5464],[70.9169,33.561],[70.899,33.5564],[70.8374,33.5597],[70.7791,33.5849],[70.7528,33.5829],[70.7321,33.5273],[70.7427,33.4829],[70.7022,33.4908],[70.6797,33.4729],[70.6253,33.4755],[70.5975,33.4311],[70.5809,33.4199],[70.5425,33.4225],[70.5001,33.4152],[70.5001,33.3854],[70.5359,33.3649],[70.5428,33.3483],[70.5418,33.3337],[70.5564,33.3264],[70.5564,33.3099],[70.5803,33.2834],[70.6154,33.2741],[70.628,33.2611],[70.6923,33.2543],[70.6791,33.2449],[70.7035,33.2171]]]}},{"type":"Feature","properties":{"map_unit_id":"kp_haripur","name":"Haripur","province_code":"KP","district_ids":["kp_haripur"],"in_census_tables":true},"geometry":{"type":"MultiPolygon","coordinates":[[[[72.9227,33.7466],[72.9246,33.7365],[72.9485,33.73],[73.0108,33.7598],[73.0201,33.7744],[73.093,33.7896],[73.1082,33.783],[73.1838,33.8088],[73.2198,33.8176],[73.2127,33.8535],[73.1952,33.869],[73.2121,33.884],[73.1883,33.8945],[73.1952,33.9147],[73.1706,33.9139],[73.1523,33.9011],[73.0985,33.8967],[73.1121,33.9178],[73.101,33.9388],[73.1342,33.958],[73.1523,34.0045],[73.1265,34.0234],[73.0968,34.019],[73.0807,34.0414],[73.0378,34.0472],[73.0164,34.0722],[73.025,34.0952],[73.0056,34.0982],[72.9926,34.0835],[72.9798,34.0946],[72.9967,34.116],[72.9915,34.1589],[72.9965,34.1656],[72.9784,34.1872],[72.9926,34.2158],[72.9053,34.2551],[72.8848,34.2856],[72.8534,34.3011],[72.865,34.3243],[72.8254,34.3549],[72.8041,34.3483],[72.7644,34.3657],[72.7448,34.3549],[72.7128,34.3035],[72.7389,34.3048],[72.7495,34.2804],[72.7708,34.2637],[72.7741,34.2468],[72.7559,34.198],[72.768,34.1783],[72.7534,34.1612],[72.7545,34.1221],[72.7348,34.1038],[72.701,34.0844],[72.6807,34.0567],[72.6328,34.0178],[72.5721,33.9921],[72.5475,33.9901],[72.5516,33.9613],[72.5993,33.954],[72.645,33.9394],[72.6543,33.9261],[72.6291,33.9162],[72.6285,33.9037],[72.6119,33.8937],[72.6066,33.8745],[72.6384,33.8784],[72.6404,33.8672],[72.6994,33.8718],[72.7093,33.8817],[72.708,33.9023],[72.7358,33.9076],[72.7259,33.9215],[72.7709,33.9513],[72.7862,33.9401],[72.7915,33.8884],[72.8359,33.887],[72.8392,33.8526],[72.8233,33.844],[72.8206,33.8254],[72.8452,33.8354],[72.8703,33.8148],[72.8539,33.7997],[72.8248,33.8002],[72.8293,33.7678],[72.8597,33.7664],[72.9227,33.7466]]],[[[72.9714,34.2424],[73.0035,34.2492],[73.0113,34.2671],[72.9838,34.2606],[72.9714,34.2424]]]]}},{"type":"Feature","properties":{"map_unit_id":"kp_karak","name":"Karak","province_code":"KP","district_ids":["kp_karak"],"in_census_tables":true},"geometry":{"type":"Polygon","coordinates":[[[71.062,32.8048],[71.1089,32.8026],[71.1336,32.8089],[71.1389,32.8672],[71.1455,32.8745],[71.1415,32.9229],[71.1594,32.9381],[71.1707,32.962],[71.1932,32.9766],[71.2204,32.9799],[71.2356,32.9931],[71.3145,33.015],[71.337,32.9905],[71.3569,32.9905],[71.3781,33.0044],[71.3854,32.9984],[71.4159,33.009],[71.4231,33.0037],[71.4516,33.013],[71.4636,33.0395],[71.4775,33.0488],[71.4589,33.0693],[71.4377,33.0707],[71.4231,33.0919],[71.4483,33.1296],[71.4304,33.1687],[71.4351,33.1774],[71.4079,33.1946],[71.4185,33.2277],[71.4433,33.2363],[71.4511,33.2447],[71.4472,33.3008],[71.4172,33.2865],[71.3826,33.2897],[71.3857,33.3098],[71.321,33.3073],[71.316,33.3512],[71.2785,33.3566],[71.2242,33.3559],[71.2203,33.3655],[71.1645,33.3712],[71.107,33.368],[71.0628,33.3783],[71.0484,33.3616],[70.9894,33.3655],[70.9312,33.3544],[70.9101,33.3544],[70.884,33.3137],[70.854,33.3144],[70.7836,33.3337],[70.7703,33.3331],[70.7611,33.3108],[70.7668,33.3008],[70.7575,33.2151],[70.781,33.2072],[70.8241,33.2098],[70.8692,33.1893],[70.8725,33.1687],[70.8394,33.1535],[70.8208,33.1177],[70.7943,33.1118],[70.7874,33.0924],[70.8225,33.0364],[70.8515,33.0228],[70.9194,33.0121],[70.9172,32.9871],[70.9508,32.9388],[70.9619,32.9124],[70.9615,32.8834],[70.9536,32.8672],[70.9665,32.8419],[70.9955,32.8141],[71.062,32.8048]]]}},{"type":"Feature","properties":{"map_unit_id":"kp_khyber","name":"Khyber","province_code":"KP","district_ids":["kp_khyber"],"in_census_tables":true},"geometry":{"type":"Polygon","coordinates":[[[71.4799,33.7483],[71.503,33.7513],[71.5197,33.809],[71.4788,33.8328],[71.4742,33.8428],[71.4386,33.8668],[71.4013,33.8761],[71.4252,33.8959],[71.4606,33.9105],[71.4607,33.9233],[71.435,33.9368],[71.412,33.9621],[71.4105,33.9891],[71.381,34.0024],[71.3868,34.0246],[71.3764,34.0318],[71.3919,34.0413],[71.4005,34.0683],[71.3867,34.0746],[71.3913,34.1212],[71.4145,34.1487],[71.4031,34.1686],[71.3486,34.1629],[71.3396,34.1692],[71.306,34.1671],[71.307,34.1922],[71.2889,34.2016],[71.3015,34.2139],[71.3152,34.2602],[71.3,34.2838],[71.2655,34.314],[71.2422,34.3278],[71.1991,34.3303],[71.1731,34.3386],[71.1515,34.2999],[71.1245,34.2719],[71.1364,34.2197],[71.1245,34.2031],[71.1278,34.1637],[71.0998,34.1266],[71.074,34.1015],[71.0788,34.0604],[71.0668,34.0518],[71.0341,34.048],[71.0137,34.0281],[70.983,34.0265],[70.924,34.0078],[70.8926,33.9775],[70.8484,33.9818],[70.8012,33.9717],[70.7792,33.9554],[70.7414,33.961],[70.6831,33.9594],[70.656,33.9534],[70.5885,33.9641],[70.5385,33.9453],[70.5261,33.9533],[70.5052,33.9451],[70.474,33.9436],[70.4444,33.9531],[70.4483,33.9011],[70.4663,33.8998],[70.4999,33.8833],[70.5003,33.8494],[70.5248,33.8531],[70.525,33.8416],[70.5427,33.8335],[70.5706,33.8421],[70.5716,33.8129],[70.583,33.8051],[70.5762,33.7883],[70.5882,33.7773],[70.6088,33.7755],[70.6029,33.7864],[70.6161,33.7981],[70.6439,33.7955],[70.6626,33.7674],[70.659,33.7608],[70.6979,33.7393],[70.7245,33.7533],[70.7497,33.753],[70.7862,33.7667],[70.8289,33.7712],[70.8445,33.783],[70.8867,33.7717],[70.9363,33.7872],[70.9691,33.7883],[70.9844,33.7953],[70.9712,33.8359],[71.0067,33.8433],[71.0663,33.8392],[71.0847,33.8445],[71.1102,33.8298],[71.1278,33.8305],[71.1464,33.8125],[71.1733,33.8157],[71.1842,33.8282],[71.2087,33.8359],[71.2267,33.8229],[71.252,33.821],[71.2702,33.7962],[71.3288,33.7541],[71.3493,33.7642],[71.3792,33.7604],[71.4187,33.7487],[71.4499,33.7537],[71.4799,33.7483]]]}},{"type":"Feature","properties":{"map_unit_id":"kp_kohat","name":"Kohat","province_code":"KP","district_ids":["kp_kohat"],"in_census_tables":true},"geometry":{"type":"Polygon","coordinates":[[[71.6869,33.0621],[71.7131,33.0587],[71.7207,33.0574],[71.7134,33.1118],[71.7538,33.1535],[71.7598,33.2012],[71.7127,33.2463],[71.7094,33.2867],[71.728,33.3039],[71.7319,33.3198],[71.7174,33.343],[71.7333,33.3642],[71.7995,33.3914],[71.8313,33.4093],[71.8558,33.404],[71.8711,33.4106],[71.8671,33.4477],[71.9486,33.508],[71.9692,33.5405],[71.9546,33.565],[71.9771,33.5829],[71.9857,33.667],[72.0063,33.7121],[72.0176,33.7188],[71.9425,33.7316],[71.9164,33.7246],[71.8943,33.709],[71.8365,33.6934],[71.8147,33.7052],[71.8015,33.6728],[71.751,33.6926],[71.7373,33.6862],[71.7421,33.671],[71.6899,33.6572],[71.6804,33.6809],[71.7037,33.6988],[71.687,33.7106],[71.6728,33.7001],[71.6463,33.6985],[71.6376,33.6891],[71.5843,33.6791],[71.5455,33.705],[71.5432,33.7296],[71.5278,33.7313],[71.503,33.7513],[71.4799,33.7483],[71.4499,33.7537],[71.4187,33.7487],[71.3792,33.7604],[71.3493,33.7642],[71.3527,33.7277],[71.3843,33.7168],[71.3803,33.6972],[71.412,33.677],[71.4017,33.6671],[71.406,33.6507],[71.392,33.6545],[71.3635,33.6458],[71.3595,33.6273],[71.339,33.6246],[71.3105,33.6432],[71.2813,33.6525],[71.2482,33.6723],[71.229,33.6909],[71.2104,33.7234],[71.125,33.7426],[71.123,33.7326],[71.1382,33.7075],[71.1356,33.679],[71.1786,33.6465],[71.1283,33.6485],[71.0925,33.6279],[71.0865,33.6187],[71.1071,33.6028],[71.1312,33.5978],[71.1495,33.5967],[71.1727,33.6085],[71.1917,33.596],[71.2224,33.596],[71.2206,33.5635],[71.1885,33.5374],[71.2092,33.5081],[71.1577,33.5088],[71.1431,33.5027],[71.137,33.4749],[71.1048,33.4756],[71.1181,33.4481],[71.1109,33.4242],[71.117,33.4152],[71.1016,33.4041],[71.0602,33.3969],[71.0628,33.3783],[71.107,33.368],[71.1645,33.3712],[71.2203,33.3655],[71.2242,33.3559],[71.2785,33.3566],[71.316,33.3512],[71.321,33.3073],[71.3857,33.3098],[71.3826,33.2897],[71.4172,33.2865],[71.4472,33.3008],[71.4511,33.2447],[71.4433,33.2363],[71.4549,33.2191],[71.4887,33.2151],[71.5053,33.1999],[71.5252,33.1986],[71.5186,33.2178],[71.5471,33.2297],[71.5994,33.188],[71.6027,33.133],[71.6524,33.074],[71.6716,33.0733],[71.6869,33.0621]]]}},{"type":"Feature","properties":{"map_unit_id":"kp_kolai_palas_kohistan","name":"Kolai Palas Kohistan","province_code":"KP","district_ids":["kp_kolai_palas_kohistan"],"in_census_tables":true},"geometry":{"type":"Polygon","coordinates":[[[73.4467,34.9002],[73.4913,34.8988],[73.5151,34.9168],[73.5393,34.9243],[73.55,34.9371],[73.5597,34.968],[73.4989,35.0351],[73.4565,35.0656],[73.4226,35.0813],[73.3663,35.0909],[73.3349,35.0845],[73.2824,35.0864],[73.2307,35.106],[73.2018,35.107],[73.1562,35.1161],[73.1016,35.1425],[73.1108,35.1562],[73.1014,35.177],[73.1076,35.1864],[73.0748,35.2114],[73.0588,35.2118],[73.0417,35.2296],[72.9855,35.1837],[72.9751,35.1491],[72.9615,35.1644],[72.9547,35.1903],[72.9397,35.1988],[72.8956,35.1608],[72.8882,35.1436],[72.8565,35.1477],[72.8712,35.1756],[72.8672,35.1973],[72.8452,35.1734],[72.8436,35.1401],[72.8229,35.1221],[72.8079,35.1201],[72.8094,35.0957],[72.7865,35.0927],[72.7899,35.0557],[72.8091,35.0258],[72.8077,34.9958],[72.8185,34.9842],[72.8426,34.9778],[72.8824,34.9831],[72.9075,34.9673],[72.8899,34.9545],[72.8756,34.9145],[72.8928,34.9166],[72.9394,34.9429],[72.9691,34.9457],[72.9958,34.9577],[73.0527,34.9662],[73.0796,34.9551],[73.1085,34.9285],[73.1803,34.9283],[73.2088,34.9371],[73.2338,34.9152],[73.2848,34.9249],[73.3543,34.9312],[73.3968,34.9276],[73.4467,34.9002]]]}},{"type":"Feature","properties":{"map_unit_id":"kp_kurram","name":"Kurram","province_code":"KP","district_ids":["kp_kurram"],"in_census_tables":true},"geometry":{"type":"Polygon","coordinates":[[[70.5011,33.3348],[70.5428,33.3483],[70.5359,33.3649],[70.5001,33.3854],[70.5001,33.4152],[70.5425,33.4225],[70.5809,33.4199],[70.5975,33.4311],[70.6253,33.4755],[70.6797,33.4729],[70.7022,33.4908],[70.7427,33.4829],[70.7321,33.5273],[70.7528,33.5829],[70.7337,33.5947],[70.753,33.6224],[70.7506,33.6456],[70.7014,33.6472],[70.6629,33.6667],[70.6449,33.6672],[70.6188,33.6852],[70.618,33.7147],[70.5942,33.7253],[70.5854,33.7413],[70.6088,33.7755],[70.5882,33.7773],[70.5762,33.7883],[70.583,33.8051],[70.5716,33.8129],[70.5706,33.8421],[70.5427,33.8335],[70.525,33.8416],[70.5248,33.8531],[70.5003,33.8494],[70.4999,33.8833],[70.4663,33.8998],[70.4483,33.9011],[70.4444,33.9531],[70.4223,33.962],[70.3334,33.962],[70.2909,33.9748],[70.2408,33.9728],[70.1851,33.9922],[70.1435,34.0106],[70.1053,34.0086],[70.0833,34.0137],[70.0356,34.0402],[70.0025,34.0489],[69.9887,34.0367],[69.9253,34.0377],[69.9028,34.0305],[69.8959,34.0137],[69.9003,33.9763],[69.8795,33.9691],[69.8645,33.9528],[69.8625,33.9331],[69.911,33.8833],[69.9208,33.8433],[69.9509,33.8224],[69.9732,33.7562],[70.0076,33.7345],[70.0429,33.7304],[70.0946,33.7156],[70.1293,33.7212],[70.1523,33.6931],[70.1475,33.6605],[70.1606,33.6468],[70.1921,33.6383],[70.194,33.6271],[70.1753,33.5279],[70.2127,33.489],[70.2464,33.464],[70.2612,33.4302],[70.296,33.4297],[70.3166,33.3939],[70.3155,33.3713],[70.3287,33.3372],[70.324,33.333],[70.3817,33.3529],[70.4052,33.3427],[70.4346,33.3539],[70.4555,33.3496],[70.4621,33.3332],[70.5011,33.3348]]]}},{"type":"Feature","properties":{"map_unit_id":"kp_lakki_marwat","name":"Lakki Marwat","province_code":"KP","district_ids":["kp_lakki_marwat"],"in_census_tables":true},"geometry":{"type":"Polygon","coordinates":[[[70.9665,32.8419],[70.9536,32.8672],[70.9244,32.862],[70.889,32.8473],[70.8668,32.8759],[70.8297,32.8545],[70.79,32.8702],[70.74,32.8162],[70.7135,32.8209],[70.6753,32.8423],[70.6621,32.8241],[70.6435,32.8259],[70.6092,32.8148],[70.6042,32.8316],[70.5727,32.8398],[70.5509,32.8298],[70.5309,32.7937],[70.5148,32.7977],[70.5102,32.763],[70.4945,32.7701],[70.4652,32.7473],[70.3914,32.7241],[70.3739,32.7079],[70.3461,32.7055],[70.3197,32.6856],[70.307,32.6589],[70.2837,32.6394],[70.3067,32.613],[70.3196,32.585],[70.3572,32.5749],[70.4123,32.5803],[70.4585,32.5922],[70.4825,32.6037],[70.499,32.6005],[70.5458,32.5724],[70.5518,32.5518],[70.5928,32.5068],[70.6015,32.4723],[70.6096,32.4653],[70.6013,32.4291],[70.6457,32.3946],[70.6914,32.3909],[70.7044,32.3714],[70.7085,32.3454],[70.6752,32.3258],[70.6595,32.2686],[70.6987,32.2632],[70.7443,32.2763],[70.7744,32.3015],[70.815,32.2966],[70.8597,32.3242],[70.9492,32.351],[71.0036,32.3754],[71.0418,32.3868],[71.0898,32.4088],[71.1459,32.4608],[71.1605,32.4494],[71.1784,32.4494],[71.2308,32.5103],[71.2463,32.536],[71.2417,32.5485],[71.1954,32.5784],[71.1622,32.595],[71.1655,32.6089],[71.1501,32.6525],[71.1521,32.6691],[71.1346,32.6934],[71.1423,32.7224],[71.1243,32.7539],[71.1256,32.7632],[71.1089,32.8026],[71.062,32.8048],[70.9955,32.8141],[70.9665,32.8419]]]}},{"type":"Feature","properties":{"map_unit_id":"kp_lower_chitral","name":"Lower Chitral","province_code":"KP","district_ids":["kp_lower_chitral"],"in_census_tables":true},"geometry":{"type":"Polygon","coordinates":[[[72.1058,35.7338],[72.1246,35.78],[72.1496,35.8383],[72.1718,35.8798],[72.2018,35.9241],[72.2418,35.994],[72.2638,36.0464],[72.2634,36.0722],[72.2553,36.0957],[72.1907,36.0797],[72.0782,36.089],[72.0216,36.0828],[71.9924,36.0939],[71.9073,36.1382],[71.8631,36.1711],[71.8149,36.217],[71.7829,36.2658],[71.7671,36.3001],[71.7447,36.3858],[71.7372,36.4468],[71.7185,36.4599],[71.6936,36.4625],[71.6598,36.4839],[71.642,36.4803],[71.6251,36.4634],[71.6197,36.4243],[71.6046,36.4065],[71.5628,36.3807],[71.5557,36.3665],[71.5735,36.3531],[71.5708,36.3336],[71.5317,36.3265],[71.5195,36.3108],[71.4854,36.2998],[71.4589,36.2751],[71.4428,36.2758],[71.4108,36.2206],[71.3615,36.2011],[71.3438,36.174],[71.2926,36.1561],[71.249,36.1287],[71.2452,36.098],[71.2301,36.0932],[71.2075,36.0706],[71.2005,36.0426],[71.2653,35.9964],[71.2922,35.9892],[71.3216,35.9667],[71.377,35.9602],[71.3846,35.9389],[71.3846,35.9026],[71.4325,35.8876],[71.4653,35.8353],[71.489,35.8095],[71.4825,35.7686],[71.5062,35.7417],[71.5444,35.7272],[71.5503,35.7137],[71.5326,35.6776],[71.4999,35.6445],[71.5073,35.6206],[71.5304,35.6061],[71.6106,35.5748],[71.6146,35.5666],[71.5923,35.5214],[71.5936,35.4978],[71.6467,35.4558],[71.6506,35.4427],[71.6397,35.4204],[71.6219,35.4053],[71.5693,35.3327],[71.5568,35.3106],[71.5582,35.2881],[71.6348,35.2304],[71.67,35.2236],[71.7075,35.2267],[71.7266,35.2456],[71.7521,35.25],[71.756,35.2958],[71.7734,35.3057],[71.777,35.3324],[71.8156,35.3631],[71.8585,35.357],[71.8741,35.3817],[71.8785,35.4158],[71.8935,35.4188],[71.8777,35.4446],[71.8921,35.4657],[71.9334,35.4771],[71.9159,35.4929],[71.9179,35.54],[71.9356,35.5674],[71.9777,35.6098],[72.0237,35.6284],[72.0468,35.6467],[72.0734,35.6439],[72.0953,35.6581],[72.1111,35.6908],[72.0897,35.7099],[72.1058,35.7338]]]}},{"type":"Feature","properties":{"map_unit_id":"kp_lower_dir","name":"Lower Dir","province_code":"KP","district_ids":["kp_lower_dir"],"in_census_tables":true},"geometry":{"type":"Polygon","coordinates":[[[72.0917,34.6607],[72.0966,34.6705],[72.1076,34.6866],[72.1178,34.7289],[72.1383,34.7577],[72.1895,34.7863],[72.1923,34.8034],[72.1752,34.8304],[72.1532,34.8391],[72.1279,34.8658],[72.1275,34.8898],[72.0974,34.8869],[72.0704,34.8951],[72.0479,34.9188],[72.0173,34.9361],[72.0176,34.9573],[71.9868,34.9801],[71.9304,34.9883],[71.9122,34.995],[71.8918,35.0335],[71.8303,35.0737],[71.787,35.0565],[71.7476,35.0499],[71.7277,35.0272],[71.6506,35.0321],[71.6354,35.0263],[71.5971,35.0388],[71.5841,35.0496],[71.5372,35.0546],[71.5549,35.0208],[71.5084,34.9965],[71.51,34.9798],[71.557,34.942],[71.5928,34.8916],[71.6054,34.8624],[71.6093,34.8247],[71.6312,34.8108],[71.6822,34.8127],[71.7021,34.7968],[71.7266,34.7975],[71.7591,34.7876],[71.771,34.7723],[71.8048,34.7544],[71.7843,34.7491],[71.7624,34.7319],[71.7598,34.718],[71.7677,34.6736],[71.7599,34.6562],[71.8278,34.6247],[71.8729,34.6341],[71.8943,34.6305],[71.9367,34.6424],[71.9863,34.6385],[72.0237,34.6399],[72.0587,34.6538],[72.0917,34.6607]]]}},{"type":"Feature","properties":{"map_unit_id":"kp_lower_kohistan","name":"Lower Kohistan","province_code":"KP","district_ids":["kp_lower_kohistan"],"in_census_tables":true},"geometry":{"type":"Polygon","coordinates":[[[72.7733,35.42],[72.7496,35.4441],[72.7249,35.4227],[72.741,35.3925],[72.7856,35.3757],[72.7653,35.3005],[72.7625,35.2745],[72.7531,35.2615],[72.7191,35.2597],[72.7248,35.239],[72.703,35.2309],[72.7006,35.213],[72.6854,35.183],[72.7209,35.1597],[72.7466,35.1583],[72.7611,35.1351],[72.7778,35.132],[72.7931,35.1071],[72.7865,35.0927],[72.8094,35.0957],[72.8079,35.1201],[72.8229,35.1221],[72.8436,35.1401],[72.8452,35.1734],[72.8672,35.1973],[72.8712,35.1756],[72.8565,35.1477],[72.8882,35.1436],[72.8956,35.1608],[72.9397,35.1988],[72.9547,35.1903],[72.9615,35.1644],[72.9751,35.1491],[72.9855,35.1837],[73.0417,35.2296],[73.0465,35.2388],[73.0993,35.2641],[73.1303,35.2689],[73.1123,35.2981],[73.0545,35.2611],[73.0289,35.2608],[73.0097,35.2932],[72.9852,35.3008],[72.9749,35.337],[72.9776,35.3592],[72.9511,35.3754],[72.9499,35.3935],[72.8889,35.3832],[72.869,35.3594],[72.8494,35.3637],[72.8275,35.386],[72.7733,35.42]]]}},{"type":"Feature","properties":{"map_unit_id":"kp_malakand","name":"Malakand","province_code":"KP","district_ids":["kp_malakand"],"in_census_tables":true},"geometry":{"type":"Polygon","coordinates":[[[71.8175,34.3727],[71.8311,34.3641],[71.8577,34.3863],[71.8777,34.3882],[71.9154,34.4262],[71.9603,34.4392],[71.9594,34.486],[71.9996,34.526],[72.0165,34.5262],[72.0806,34.4883],[72.1255,34.5296],[72.1527,34.5293],[72.2012,34.5155],[72.2353,34.5357],[72.2212,34.5703],[72.1399,34.5818],[72.1173,34.628],[72.1368,34.6576],[72.1238,34.6679],[72.0966,34.6705],[72.0917,34.6607],[72.0587,34.6538],[72.0237,34.6399],[71.9863,34.6385],[71.9367,34.6424],[71.8943,34.6305],[71.8729,34.6341],[71.8278,34.6247],[71.7599,34.6562],[71.7154,34.6391],[71.7081,34.6239],[71.6882,34.6246],[71.6776,34.6126],[71.659,34.5444],[71.6429,34.5364],[71.6577,34.5179],[71.663,34.4635],[71.6875,34.4622],[71.7043,34.4431],[71.7507,34.4578],[71.7623,34.4262],[71.7989,34.3996],[71.8175,34.3727]]]}},{"type":"Feature","properties":{"map_unit_id":"kp_mansehra","name":"Mansehra","province_code":"KP","district_ids":["kp_mansehra"],"in_census_tables":true},"geometry":{"type":"Polygon","coordinates":[[[72.8549,34.3569],[72.865,34.3243],[72.8534,34.3011],[72.8848,34.2856],[72.9053,34.2551],[72.9926,34.2158],[73.0067,34.2327],[73.0009,34.2432],[73.0145,34.2562],[73.0461,34.2687],[73.0491,34.2579],[73.0791,34.2305],[73.1013,34.2341],[73.1439,34.2513],[73.1822,34.2385],[73.198,34.2271],[73.2124,34.2853],[73.2282,34.2881],[73.2579,34.2718],[73.2776,34.3034],[73.3225,34.3192],[73.3419,34.3369],[73.359,34.3649],[73.4011,34.3708],[73.3984,34.3783],[73.421,34.3986],[73.4329,34.4354],[73.429,34.4693],[73.4442,34.5054],[73.4357,34.5269],[73.4482,34.536],[73.4533,34.5693],[73.4957,34.5772],[73.5375,34.5716],[73.5567,34.588],[73.6059,34.5851],[73.6279,34.5772],[73.6364,34.5648],[73.6567,34.5625],[73.6658,34.5801],[73.659,34.5993],[73.6997,34.6479],[73.6635,34.6626],[73.6867,34.692],[73.6856,34.7055],[73.7037,34.7191],[73.7234,34.7468],[73.728,34.7643],[73.7777,34.7949],[73.8308,34.7915],[73.8382,34.8141],[73.8653,34.809],[73.8981,34.8197],[73.9275,34.8113],[73.9343,34.8316],[73.9682,34.8356],[73.9778,34.8661],[74.0219,34.874],[74.0451,34.8904],[74.0389,34.9141],[74.0716,34.9379],[74.0603,34.982],[74.0694,34.9967],[74.0971,35.0006],[74.1112,35.0176],[74.0767,35.0475],[74.0948,35.0911],[74.1286,35.1052],[74.1319,35.1193],[74.1159,35.1234],[74.1123,35.1532],[74.0969,35.146],[74.0803,35.1561],[74.0357,35.1496],[74.0078,35.171],[74.003,35.1846],[73.9577,35.1652],[73.9548,35.1447],[73.9137,35.1084],[73.8709,35.1085],[73.8497,35.0921],[73.8428,35.0344],[73.8231,35.0044],[73.8042,35.005],[73.7835,35.0205],[73.7435,35.0177],[73.7178,35.0255],[73.6839,35.0144],[73.662,34.9809],[73.6304,35.0005],[73.5941,34.9986],[73.5809,34.9807],[73.5597,34.968],[73.55,34.9371],[73.5393,34.9243],[73.5151,34.9168],[73.4913,34.8988],[73.4965,34.8744],[73.4649,34.8486],[73.4289,34.8037],[73.3998,34.8018],[73.3823,34.771],[73.3596,34.7743],[73.3219,34.7918],[73.2618,34.7946],[73.2221,34.7821],[73.2229,34.7436],[73.2074,34.7294],[73.201,34.6945],[73.1816,34.6477],[73.1437,34.6513],[73.1151,34.6441],[73.0921,34.6249],[73.0874,34.5681],[73.0738,34.5584],[73.0472,34.5576],[73.0272,34.5706],[73.0267,34.5831],[72.9687,34.5784],[72.9403,34.5667],[72.9321,34.5342],[72.9029,34.5098],[72.8892,34.4714],[72.8657,34.4474],[72.8424,34.454],[72.8171,34.4217],[72.8353,34.3719],[72.8549,34.3569]],[[73.0113,34.2671],[73.0035,34.2492],[72.9714,34.2424],[72.9838,34.2606],[73.0113,34.2671]]]}},{"type":"Feature","properties":{"map_unit_id":"kp_mardan","name":"Mardan","province_code":"KP","district_ids":["kp_mardan"],"in_census_tables":true},"geometry":{"type":"Polygon","coordinates":[[[72.408,34.3666],[72.4347,34.3812],[72.4235,34.4059],[72.383,34.4184],[72.3608,34.4356],[72.2996,34.4378],[72.2699,34.4306],[72.2208,34.4569],[72.2236,34.4872],[72.2012,34.5155],[72.1527,34.5293],[72.1255,34.5296],[72.0806,34.4883],[72.0165,34.5262],[71.9996,34.526],[71.9594,34.486],[71.9603,34.4392],[71.9154,34.4262],[71.8777,34.3882],[71.8577,34.3863],[71.8311,34.3641],[71.8355,34.3333],[71.8219,34.3194],[71.8177,34.2841],[71.8294,34.2651],[71.8494,34.2526],[71.8729,34.2524],[71.8935,34.2371],[71.9275,34.1553],[71.9375,34.1406],[71.9755,34.1301],[72.0146,34.1315],[72.0484,34.0808],[72.1069,34.083],[72.1435,34.0788],[72.1732,34.0927],[72.2075,34.0907],[72.2028,34.1601],[72.2122,34.1742],[72.2078,34.2052],[72.2195,34.2138],[72.238,34.2501],[72.2771,34.2571],[72.3314,34.2485],[72.3209,34.2817],[72.3406,34.3092],[72.3353,34.3242],[72.3636,34.3416],[72.3766,34.3405],[72.408,34.3666]]]}},{"type":"Feature","properties":{"map_unit_id":"kp_mohmand","name":"Mohmand","province_code":"KP","district_ids":["kp_mohmand"],"in_census_tables":true},"geometry":{"type":"Polygon","coordinates":[[[71.4773,34.2017],[71.4757,34.2086],[71.4947,34.2256],[71.4868,34.2416],[71.4947,34.2508],[71.508,34.2402],[71.5365,34.2647],[71.5332,34.3118],[71.557,34.3244],[71.565,34.3423],[71.5902,34.3668],[71.6233,34.3508],[71.6253,34.376],[71.6578,34.3906],[71.6624,34.4184],[71.7043,34.4431],[71.6875,34.4622],[71.663,34.4635],[71.6577,34.5179],[71.6429,34.5364],[71.6286,34.5369],[71.6249,34.5196],[71.6089,34.5205],[71.5822,34.5074],[71.5433,34.5443],[71.5432,34.5733],[71.5363,34.5803],[71.5287,34.6287],[71.5606,34.6556],[71.5513,34.6725],[71.5247,34.6782],[71.4812,34.659],[71.4399,34.6765],[71.3527,34.647],[71.3233,34.6576],[71.2867,34.6518],[71.269,34.6553],[71.2734,34.676],[71.231,34.7221],[71.2084,34.705],[71.1819,34.7159],[71.1728,34.7309],[71.1441,34.7148],[71.1052,34.7067],[71.0963,34.6532],[71.1081,34.6244],[71.0896,34.5862],[71.0616,34.5754],[71.0229,34.5722],[71.0035,34.5642],[70.9941,34.5425],[70.9921,34.5064],[70.9967,34.4828],[71.0126,34.4592],[71.0546,34.4312],[71.0727,34.399],[71.0837,34.3909],[71.1684,34.3649],[71.1731,34.3386],[71.1991,34.3303],[71.2422,34.3278],[71.2655,34.314],[71.3,34.2838],[71.3152,34.2602],[71.3015,34.2139],[71.2889,34.2016],[71.307,34.1922],[71.306,34.1671],[71.3396,34.1692],[71.3486,34.1629],[71.4031,34.1686],[71.4279,34.1832],[71.4773,34.2017]]]}},{"type":"Feature","properties":{"map_unit_id":"kp_north_waziristan","name":"North Waziristan","province_code":"KP","district_ids":["kp_north_waziristan"],"in_census_tables":true},"geometry":{"type":"Polygon","coordinates":[[[69.4523,32.6587],[69.4133,32.6048],[69.4497,32.5985],[69.4702,32.5867],[69.4729,32.5749],[69.5042,32.5601],[69.5237,32.5697],[69.5423,32.5631],[69.5827,32.5867],[69.6109,32.5903],[69.6035,32.6202],[69.6127,32.6271],[69.6015,32.6415],[69.6142,32.6603],[69.6395,32.6618],[69.6458,32.6861],[69.6724,32.7013],[69.7085,32.7044],[69.7351,32.7172],[69.7587,32.6956],[69.8002,32.7001],[69.8153,32.691],[69.8414,32.6574],[69.8716,32.6588],[69.8831,32.6851],[69.9438,32.6789],[69.948,32.6901],[69.9807,32.7035],[70.0509,32.6685],[70.0669,32.6896],[70.1463,32.7313],[70.1706,32.7343],[70.2017,32.7196],[70.2333,32.7307],[70.2499,32.72],[70.2614,32.73],[70.2644,32.7505],[70.3057,32.7717],[70.3209,32.7854],[70.3479,32.8557],[70.3563,32.9107],[70.3823,32.9469],[70.4074,32.9697],[70.391,32.9772],[70.4102,33.0004],[70.4149,33.0575],[70.4569,33.1095],[70.4864,33.116],[70.4865,33.1529],[70.519,33.1912],[70.6187,33.2316],[70.628,33.2611],[70.6154,33.2741],[70.5803,33.2834],[70.5564,33.3099],[70.5564,33.3264],[70.5418,33.3337],[70.5428,33.3483],[70.5011,33.3348],[70.4621,33.3332],[70.4555,33.3496],[70.4346,33.3539],[70.4052,33.3427],[70.3817,33.3529],[70.324,33.333],[70.2904,33.3277],[70.2773,33.3093],[70.207,33.2467],[70.1671,33.2334],[70.1446,33.2145],[70.0925,33.2088],[70.0725,33.2145],[70.0265,33.1439],[69.9999,33.1352],[69.9457,33.126],[69.9166,33.1025],[69.8563,33.0928],[69.7908,33.1255],[69.7663,33.1117],[69.7473,33.1122],[69.7213,33.0923],[69.6405,33.0933],[69.5847,33.0969],[69.5607,33.0703],[69.5133,33.0328],[69.4969,32.9804],[69.4943,32.9418],[69.5008,32.9155],[69.5172,32.8841],[69.5402,32.8627],[69.5085,32.8473],[69.4713,32.8487],[69.4318,32.8024],[69.3997,32.7792],[69.3976,32.7563],[69.4487,32.72],[69.4392,32.6856],[69.4523,32.6587]]]}},{"type":"Feature","properties":{"map_unit_id":"kp_nowshera","name":"Nowshera","province_code":"KP","district_ids":["kp_nowshera"],"in_census_tables":true},"geometry":{"type":"Polygon","coordinates":[[[71.9755,34.1301],[71.9375,34.1406],[71.9026,34.1315],[71.8926,34.1224],[71.8494,34.0492],[71.8267,34.0475],[71.82,34.0771],[71.7754,34.0946],[71.7416,34.0952],[71.7151,34.0787],[71.6921,34.0448],[71.7099,34.03],[71.7036,34.0166],[71.7172,34.0062],[71.704,33.9841],[71.7349,33.9724],[71.7529,33.976],[71.7686,33.9588],[71.773,33.9238],[71.7685,33.9021],[71.7418,33.8929],[71.7505,33.8261],[71.7902,33.785],[71.8413,33.7823],[71.8525,33.7711],[71.8565,33.7459],[71.8439,33.7187],[71.8274,33.7187],[71.8147,33.7052],[71.8365,33.6934],[71.8943,33.709],[71.9164,33.7246],[71.9425,33.7316],[72.0176,33.7188],[72.0401,33.7532],[72.0831,33.7658],[72.0719,33.7837],[72.1037,33.7857],[72.1275,33.7757],[72.1931,33.7605],[72.2196,33.7717],[72.2475,33.7638],[72.2369,33.783],[72.2395,33.8672],[72.2317,33.8943],[72.2386,33.8993],[72.2283,33.9508],[72.2095,33.9793],[72.2358,34.0026],[72.2358,34.0389],[72.2483,34.0877],[72.2236,34.0833],[72.2075,34.0907],[72.1732,34.0927],[72.1435,34.0788],[72.1069,34.083],[72.0484,34.0808],[72.0146,34.1315],[71.9755,34.1301]]]}},{"type":"Feature","properties":{"map_unit_id":"kp_orakzai","name":"Orakzai","province_code":"KP","district_ids":["kp_orakzai"],"in_census_tables":true},"geometry":{"type":"Polygon","coordinates":[[[70.7337,33.5947],[70.7528,33.5829],[70.7791,33.5849],[70.8374,33.5597],[70.899,33.5564],[70.9169,33.561],[70.9699,33.5464],[71.0083,33.5464],[71.0375,33.5623],[71.06,33.5822],[71.0792,33.5836],[71.1312,33.5978],[71.1071,33.6028],[71.0865,33.6187],[71.0925,33.6279],[71.1283,33.6485],[71.1786,33.6465],[71.1356,33.679],[71.1382,33.7075],[71.123,33.7326],[71.125,33.7426],[71.2104,33.7234],[71.229,33.6909],[71.2482,33.6723],[71.2813,33.6525],[71.3105,33.6432],[71.339,33.6246],[71.3595,33.6273],[71.3635,33.6458],[71.392,33.6545],[71.406,33.6507],[71.4017,33.6671],[71.412,33.677],[71.3803,33.6972],[71.3843,33.7168],[71.3527,33.7277],[71.3493,33.7642],[71.3288,33.7541],[71.2702,33.7962],[71.252,33.821],[71.2267,33.8229],[71.2087,33.8359],[71.1842,33.8282],[71.1733,33.8157],[71.1464,33.8125],[71.1278,33.8305],[71.1102,33.8298],[71.0847,33.8445],[71.0663,33.8392],[71.0067,33.8433],[70.9712,33.8359],[70.9844,33.7953],[70.9691,33.7883],[70.9363,33.7872],[70.8867,33.7717],[70.8445,33.783],[70.8289,33.7712],[70.7862,33.7667],[70.7497,33.753],[70.7245,33.7533],[70.6979,33.7393],[70.659,33.7608],[70.6626,33.7674],[70.6439,33.7955],[70.6161,33.7981],[70.6029,33.7864],[70.6088,33.7755],[70.5854,33.7413],[70.5942,33.7253],[70.618,33.7147],[70.6188,33.6852],[70.6449,33.6672],[70.6629,33.6667],[70.7014,33.6472],[70.7506,33.6456],[70.753,33.6224],[70.7337,33.5947]]]}},{"type":"Feature","properties":{"map_unit_id":"kp_peshawar","name":"Peshawar","province_code":"KP","district_ids":["kp_peshawar"],"in_census_tables":true},"geometry":{"type":"Polygon","coordinates":[[[71.8015,33.6728],[71.8147,33.7052],[71.8274,33.7187],[71.8439,33.7187],[71.8565,33.7459],[71.8525,33.7711],[71.8413,33.7823],[71.7902,33.785],[71.7505,33.8261],[71.7418,33.8929],[71.7685,33.9021],[71.773,33.9238],[71.7686,33.9588],[71.7529,33.976],[71.7349,33.9724],[71.704,33.9841],[71.7172,34.0062],[71.7036,34.0166],[71.7099,34.03],[71.6921,34.0448],[71.7151,34.0787],[71.7416,34.0952],[71.715,34.0865],[71.6993,34.0917],[71.7025,34.1115],[71.6881,34.1292],[71.6652,34.1314],[71.6133,34.1506],[71.5818,34.1684],[71.5583,34.1669],[71.5332,34.1761],[71.494,34.176],[71.5015,34.1885],[71.4757,34.2086],[71.4773,34.2017],[71.4279,34.1832],[71.4031,34.1686],[71.4145,34.1487],[71.3913,34.1212],[71.3867,34.0746],[71.4005,34.0683],[71.3919,34.0413],[71.3764,34.0318],[71.3868,34.0246],[71.381,34.0024],[71.4105,33.9891],[71.412,33.9621],[71.435,33.9368],[71.4607,33.9233],[71.4606,33.9105],[71.4252,33.8959],[71.4013,33.8761],[71.4386,33.8668],[71.4742,33.8428],[71.4788,33.8328],[71.5197,33.809],[71.503,33.7513],[71.5278,33.7313],[71.5432,33.7296],[71.5455,33.705],[71.5843,33.6791],[71.6376,33.6891],[71.6463,33.6985],[71.6728,33.7001],[71.687,33.7106],[71.7037,33.6988],[71.6804,33.6809],[71.6899,33.6572],[71.7421,33.671],[71.7373,33.6862],[71.751,33.6926],[71.8015,33.6728]]]}},{"type":"Feature","properties":{"map_unit_id":"kp_shangla","name":"Shangla","province_code":"KP","district_ids":["kp_shangla"],"in_census_tables":true},"geometry":{"type":"Polygon","coordinates":[[[72.7262,34.5687],[72.7315,34.5371],[72.7539,34.5315],[72.7922,34.5404],[72.8196,34.5639],[72.8118,34.5803],[72.7838,34.6041],[72.7778,34.6174],[72.8052,34.6526],[72.7977,34.687],[72.8188,34.7505],[72.8374,34.7688],[72.9016,34.766],[72.9205,34.7716],[72.9369,34.8057],[73.0042,34.8212],[72.9979,34.8464],[72.9751,34.8511],[72.8964,34.8819],[72.8651,34.8905],[72.862,34.9055],[72.8756,34.9145],[72.8899,34.9545],[72.9075,34.9673],[72.8824,34.9831],[72.8426,34.9778],[72.8185,34.9842],[72.8077,34.9958],[72.8091,35.0258],[72.7899,35.0557],[72.7865,35.0927],[72.7931,35.1071],[72.7778,35.132],[72.7611,35.1351],[72.7466,35.1583],[72.7209,35.1597],[72.6995,35.1436],[72.7035,35.128],[72.6827,35.1039],[72.6683,35.0757],[72.6373,35.0706],[72.6319,35.0597],[72.589,35.0175],[72.5768,35.0125],[72.5773,34.9895],[72.6003,34.9637],[72.5855,34.9243],[72.5915,34.8703],[72.5804,34.8459],[72.5812,34.8151],[72.5707,34.778],[72.5768,34.7543],[72.5607,34.745],[72.5279,34.7055],[72.5272,34.6829],[72.5624,34.6587],[72.569,34.6352],[72.607,34.6454],[72.6505,34.6466],[72.6547,34.6657],[72.6841,34.6773],[72.7182,34.669],[72.6993,34.6302],[72.7024,34.6152],[72.7262,34.5687]]]}},{"type":"Feature","properties":{"map_unit_id":"kp_south_waziristan","name":"South Waziristan","province_code":"KP","district_ids":["kp_south_waziristan"],"in_census_tables":true},"geometry":{"type":"Polygon","coordinates":[[[69.5357,31.9578],[69.5533,31.9545],[69.5724,31.9704],[69.5874,31.9722],[69.6031,31.9903],[69.6283,32.0011],[69.6578,32.0565],[69.6909,32.0685],[69.7445,32.0763],[69.7619,32.0848],[69.8491,32.0986],[69.851,32.0914],[69.8203,32.0354],[69.8022,32.0216],[69.8058,32.0113],[69.8798,31.9789],[69.8738,31.9464],[69.851,31.9205],[69.854,31.8844],[69.881,31.8802],[69.9075,31.8928],[69.9238,31.9211],[69.9388,31.9313],[69.9629,31.9319],[69.9596,31.8962],[70.0164,31.8913],[70.0429,31.8751],[70.0503,31.8568],[70.0963,31.8431],[70.1576,31.8475],[70.1678,31.8348],[70.1842,31.8387],[70.196,31.822],[70.2133,31.8148],[70.2218,31.8368],[70.188,31.9773],[70.1676,31.9924],[70.123,32.0263],[70.0998,32.0946],[70.1051,32.1218],[70.0945,32.1383],[70.074,32.1503],[70.0707,32.1807],[70.0793,32.2026],[70.0957,32.2134],[70.0908,32.227],[70.0588,32.2384],[70.0563,32.2671],[70.0747,32.272],[70.0787,32.323],[70.0987,32.342],[70.0891,32.3555],[70.1141,32.3765],[70.0901,32.3941],[70.0983,32.4097],[70.0954,32.429],[70.1036,32.4574],[70.1057,32.4988],[70.112,32.5245],[70.1258,32.5455],[70.1994,32.6259],[70.2259,32.6095],[70.2837,32.6394],[70.307,32.6589],[70.3197,32.6856],[70.3461,32.7055],[70.3739,32.7079],[70.3816,32.7671],[70.337,32.7691],[70.3148,32.763],[70.2889,32.7335],[70.2614,32.73],[70.2499,32.72],[70.2333,32.7307],[70.2017,32.7196],[70.1706,32.7343],[70.1463,32.7313],[70.0669,32.6896],[70.0509,32.6685],[69.9807,32.7035],[69.948,32.6901],[69.9438,32.6789],[69.8831,32.6851],[69.8716,32.6588],[69.8414,32.6574],[69.8153,32.691],[69.8002,32.7001],[69.7587,32.6956],[69.7351,32.7172],[69.7085,32.7044],[69.6724,32.7013],[69.6458,32.6861],[69.6395,32.6618],[69.6142,32.6603],[69.6015,32.6415],[69.6127,32.6271],[69.6035,32.6202],[69.6109,32.5903],[69.5827,32.5867],[69.5423,32.5631],[69.5237,32.5697],[69.5042,32.5601],[69.4729,32.5749],[69.4702,32.5867],[69.4497,32.5985],[69.4133,32.6048],[69.3909,32.5651],[69.3316,32.5416],[69.2958,32.5381],[69.242,32.4589],[69.2492,32.4136],[69.282,32.354],[69.2813,32.2846],[69.2695,32.2721],[69.2774,32.1955],[69.2748,32.1391],[69.2905,32.0932],[69.2925,32.0251],[69.297,32.0035],[69.3147,31.9805],[69.3233,31.9471],[69.375,31.962],[69.4225,31.9584],[69.4923,31.9638],[69.523,31.9722],[69.5357,31.9578]]]}},{"type":"Feature","properties":{"map_unit_id":"kp_swabi","name":"Swabi","province_code":"KP","district_ids":["kp_swabi"],"in_census_tables":true},"geometry":{"type":"Polygon","coordinates":[[[72.2283,33.9508],[72.2386,33.8993],[72.2561,33.9122],[72.3239,33.948],[72.3449,33.9467],[72.3813,33.9579],[72.3813,33.9725],[72.4038,33.9745],[72.4025,33.9917],[72.4403,34.0037],[72.4469,33.9937],[72.543,33.999],[72.5475,33.9901],[72.5721,33.9921],[72.6328,34.0178],[72.6807,34.0567],[72.701,34.0844],[72.7348,34.1038],[72.7545,34.1221],[72.7534,34.1612],[72.768,34.1783],[72.7559,34.198],[72.7741,34.2468],[72.7708,34.2637],[72.7495,34.2804],[72.7389,34.3048],[72.7128,34.3035],[72.6885,34.3011],[72.645,34.2795],[72.6225,34.2585],[72.5687,34.2185],[72.5854,34.1856],[72.5726,34.1734],[72.5466,34.1675],[72.5227,34.154],[72.5017,34.1689],[72.4709,34.1795],[72.4138,34.1892],[72.4193,34.2147],[72.4606,34.2701],[72.4498,34.2892],[72.4531,34.3067],[72.4789,34.3233],[72.4853,34.3408],[72.4681,34.3724],[72.4347,34.3812],[72.408,34.3666],[72.3766,34.3405],[72.3636,34.3416],[72.3353,34.3242],[72.3406,34.3092],[72.3209,34.2817],[72.3314,34.2485],[72.2771,34.2571],[72.238,34.2501],[72.2195,34.2138],[72.2078,34.2052],[72.2122,34.1742],[72.2028,34.1601],[72.2075,34.0907],[72.2236,34.0833],[72.2483,34.0877],[72.2358,34.0389],[72.2358,34.0026],[72.2095,33.9793],[72.2283,33.9508]]]}},{"type":"Feature","properties":{"map_unit_id":"kp_swat","name":"Swat","province_code":"KP","district_ids":["kp_swat"],"in_census_tables":true},"geometry":{"type":"Polygon","coordinates":[[[72.1399,34.5818],[72.2212,34.5703],[72.2588,34.5814],[72.2926,34.6108],[72.3528,34.6247],[72.3777,34.6599],[72.4049,34.6826],[72.4188,34.6867],[72.4468,34.6776],[72.4781,34.6745],[72.4859,34.7048],[72.5011,34.7106],[72.5279,34.7055],[72.5607,34.745],[72.5768,34.7543],[72.5707,34.778],[72.5812,34.8151],[72.5804,34.8459],[72.5915,34.8703],[72.5855,34.9243],[72.6003,34.9637],[72.5773,34.9895],[72.5768,35.0125],[72.589,35.0175],[72.6319,35.0597],[72.6373,35.0706],[72.6683,35.0757],[72.6827,35.1039],[72.7035,35.128],[72.6995,35.1436],[72.7209,35.1597],[72.6854,35.183],[72.7006,35.213],[72.703,35.2309],[72.7248,35.239],[72.7191,35.2597],[72.7531,35.2615],[72.7625,35.2745],[72.7653,35.3005],[72.7856,35.3757],[72.741,35.3925],[72.7249,35.4227],[72.7496,35.4441],[72.7559,35.4599],[72.7471,35.5487],[72.7521,35.5863],[72.7697,35.6249],[72.7755,35.6717],[72.7955,35.7243],[72.7986,35.8333],[72.7897,35.8524],[72.7857,35.8481],[72.6834,35.8204],[72.6274,35.8394],[72.5685,35.8518],[72.552,35.8803],[72.5282,35.8977],[72.5107,35.9022],[72.5003,35.8704],[72.4653,35.8496],[72.4523,35.8333],[72.4168,35.8302],[72.4035,35.7936],[72.3694,35.7659],[72.3237,35.7629],[72.3079,35.7787],[72.2913,35.7712],[72.2874,35.7462],[72.2566,35.6828],[72.2596,35.6739],[72.2286,35.6337],[72.2122,35.6326],[72.2142,35.6082],[72.2511,35.5893],[72.2727,35.5591],[72.3337,35.5234],[72.3564,35.4992],[72.3716,35.4615],[72.3705,35.443],[72.3517,35.4058],[72.3644,35.3651],[72.3575,35.3504],[72.3248,35.3468],[72.3101,35.3202],[72.3123,35.3055],[72.2843,35.2642],[72.3082,35.2389],[72.3079,35.2265],[72.3281,35.1968],[72.3137,35.187],[72.2899,35.1868],[72.2694,35.1746],[72.2475,35.1303],[72.2059,35.1214],[72.1956,35.1039],[72.2114,35.0589],[72.2131,35.0354],[72.1798,34.9967],[72.1859,34.9728],[72.1651,34.9423],[72.161,34.9044],[72.1275,34.8898],[72.1279,34.8658],[72.1532,34.8391],[72.1752,34.8304],[72.1923,34.8034],[72.1895,34.7863],[72.1383,34.7577],[72.1178,34.7289],[72.1076,34.6866],[72.0966,34.6705],[72.1238,34.6679],[72.1368,34.6576],[72.1173,34.628],[72.1399,34.5818]]]}},{"type":"Feature","properties":{"map_unit_id":"kp_tank","name":"Tank","province_code":"KP","district_ids":["kp_tank"],"in_census_tables":true},"geometry":{"type":"Polygon","coordinates":[[[70.6036,32.2348],[70.6595,32.2686],[70.6752,32.3258],[70.7085,32.3454],[70.7044,32.3714],[70.6914,32.3909],[70.6457,32.3946],[70.6013,32.4291],[70.6096,32.4653],[70.6015,32.4723],[70.5928,32.5068],[70.5518,32.5518],[70.5458,32.5724],[70.499,32.6005],[70.4825,32.6037],[70.4585,32.5922],[70.4123,32.5803],[70.3572,32.5749],[70.3196,32.585],[70.3067,32.613],[70.2837,32.6394],[70.2259,32.6095],[70.1994,32.6259],[70.1258,32.5455],[70.112,32.5245],[70.1057,32.4988],[70.1036,32.4574],[70.0954,32.429],[70.0983,32.4097],[70.0901,32.3941],[70.1141,32.3765],[70.0891,32.3555],[70.0987,32.342],[70.0787,32.323],[70.0747,32.272],[70.0563,32.2671],[70.0588,32.2384],[70.0908,32.227],[70.0957,32.2134],[70.0793,32.2026],[70.0707,32.1807],[70.074,32.1503],[70.0945,32.1383],[70.1051,32.1218],[70.0998,32.0946],[70.123,32.0263],[70.1676,31.9924],[70.2272,32.0324],[70.2597,32.0884],[70.2809,32.0803],[70.3101,32.0868],[70.4264,32.0836],[70.4849,32.0998],[70.5264,32.0974],[70.5516,32.1112],[70.5695,32.1372],[70.5695,32.1795],[70.5776,32.2096],[70.6036,32.2348]]]}},{"type":"Feature","properties":{"map_unit_id":"kp_torghar","name":"Torghar","province_code":"KP","district_ids":["kp_torghar"],"in_census_tables":true},"geometry":{"type":"Polygon","coordinates":[[[72.9017,34.7153],[72.9016,34.766],[72.8374,34.7688],[72.8188,34.7505],[72.7977,34.687],[72.8052,34.6526],[72.7778,34.6174],[72.7838,34.6041],[72.8118,34.5803],[72.8196,34.5639],[72.7922,34.5404],[72.7539,34.5315],[72.7315,34.5371],[72.7295,34.5185],[72.7445,34.5082],[72.7705,34.475],[72.742,34.4592],[72.717,34.4539],[72.7498,34.4184],[72.7439,34.3854],[72.7448,34.3549],[72.7644,34.3657],[72.8041,34.3483],[72.8254,34.3549],[72.865,34.3243],[72.8549,34.3569],[72.8353,34.3719],[72.8171,34.4217],[72.8424,34.454],[72.8657,34.4474],[72.8892,34.4714],[72.9029,34.5098],[72.9321,34.5342],[72.9403,34.5667],[72.918,34.5792],[72.9061,34.5983],[72.9,34.6266],[72.9069,34.6648],[72.8958,34.6809],[72.9017,34.7153]]]}},{"type":"Feature","properties":{"map_unit_id":"kp_upper_chitral","name":"Upper Chitral","province_code":"KP","district_ids":["kp_upper_chitral"],"in_census_tables":true},"geometry":{"type":"Polygon","coordinates":[[[73.684,36.8655],[73.6507,36.9155],[73.6385,36.9116],[73.594,36.916],[73.5673,36.9009],[73.5309,36.8956],[73.5113,36.9045],[73.4401,36.903],[73.3966,36.9053],[73.3574,36.8893],[73.3379,36.8938],[73.3023,36.8795],[73.282,36.8911],[73.2436,36.8973],[73.1836,36.8921],[73.1467,36.9027],[73.0862,36.8973],[73.0613,36.8911],[73.0195,36.868],[72.9537,36.8813],[72.9387,36.8596],[72.8763,36.8487],[72.7763,36.8541],[72.7514,36.858],[72.7271,36.8521],[72.6889,36.8512],[72.6453,36.8601],[72.6248,36.8494],[72.5715,36.8414],[72.5137,36.8059],[72.4959,36.7827],[72.4078,36.7845],[72.3909,36.7703],[72.3385,36.7676],[72.3029,36.7516],[72.2691,36.7587],[72.2388,36.7587],[72.2015,36.6982],[72.2175,36.6751],[72.1961,36.6591],[72.1819,36.6662],[72.1054,36.6555],[72.1019,36.636],[72.1099,36.6084],[72.0618,36.6033],[72.0183,36.5721],[71.9934,36.5757],[71.9338,36.5641],[71.9142,36.5126],[71.8386,36.5108],[71.819,36.4663],[71.8252,36.4414],[71.8564,36.437],[71.867,36.4227],[71.8617,36.4058],[71.8155,36.4023],[71.7888,36.4094],[71.7372,36.4468],[71.7447,36.3858],[71.7671,36.3001],[71.7829,36.2658],[71.8149,36.217],[71.8631,36.1711],[71.9073,36.1382],[71.9924,36.0939],[72.0216,36.0828],[72.0782,36.089],[72.1907,36.0797],[72.2553,36.0957],[72.2634,36.0722],[72.2638,36.0464],[72.2418,35.994],[72.2018,35.9241],[72.1718,35.8798],[72.1496,35.8383],[72.1246,35.78],[72.1673,35.7848],[72.1884,35.758],[72.2161,35.7766],[72.2835,35.7671],[72.2913,35.7712],[72.3079,35.7787],[72.3237,35.7629],[72.3694,35.7659],[72.4035,35.7936],[72.4168,35.8302],[72.4523,35.8333],[72.4653,35.8496],[72.5003,35.8704],[72.5107,35.9022],[72.5182,35.9244],[72.5497,35.9725],[72.5681,36.0123],[72.5658,36.0289],[72.5301,36.0604],[72.5212,36.0789],[72.5236,36.1115],[72.5402,36.1365],[72.542,36.2084],[72.5491,36.2327],[72.5937,36.2696],[72.6525,36.2636],[72.6864,36.2755],[72.7218,36.3135],[72.7595,36.3272],[72.8183,36.3646],[72.8483,36.3764],[72.8572,36.3883],[72.8632,36.4334],[72.8715,36.4524],[72.8884,36.4633],[72.924,36.474],[72.9674,36.4769],[72.9704,36.509],[73.0102,36.5245],[73.0411,36.5476],[73.0547,36.5869],[73.075,36.6094],[73.0577,36.6463],[73.0494,36.6849],[73.0619,36.6974],[73.1249,36.711],[73.1522,36.73],[73.214,36.7176],[73.2681,36.7211],[73.3744,36.758],[73.4089,36.7586],[73.4493,36.7413],[73.5069,36.73],[73.5687,36.736],[73.5788,36.7188],[73.6037,36.7098],[73.6566,36.7069],[73.6875,36.7229],[73.7345,36.7188],[73.7755,36.7283],[73.8343,36.7098],[73.861,36.7247],[73.8681,36.755],[73.8569,36.78],[73.8266,36.8085],[73.7933,36.812],[73.785,36.8346],[73.7481,36.8423],[73.7208,36.8423],[73.684,36.8655]]]}},{"type":"Feature","properties":{"map_unit_id":"kp_upper_dir","name":"Upper Dir","province_code":"KP","district_ids":["kp_upper_dir"],"in_census_tables":true},"geometry":{"type":"MultiPolygon","coordinates":[[[[71.532,35.0837],[71.5372,35.0546],[71.5841,35.0496],[71.5971,35.0388],[71.6354,35.0263],[71.6506,35.0321],[71.7277,35.0272],[71.7476,35.0499],[71.787,35.0565],[71.8303,35.0737],[71.8918,35.0335],[71.9122,34.995],[71.9304,34.9883],[71.9868,34.9801],[72.0176,34.9573],[72.0173,34.9361],[72.0479,34.9188],[72.0704,34.8951],[72.0974,34.8869],[72.1275,34.8898],[72.161,34.9044],[72.1651,34.9423],[72.1859,34.9728],[72.1798,34.9967],[72.2131,35.0354],[72.2114,35.0589],[72.1956,35.1039],[72.2059,35.1214],[72.2475,35.1303],[72.2694,35.1746],[72.2899,35.1868],[72.3137,35.187],[72.3281,35.1968],[72.3079,35.2265],[72.3082,35.2389],[72.2843,35.2642],[72.3123,35.3055],[72.3101,35.3202],[72.3248,35.3468],[72.3575,35.3504],[72.3644,35.3651],[72.3517,35.4058],[72.3705,35.443],[72.3716,35.4615],[72.3564,35.4992],[72.3337,35.5234],[72.2727,35.5591],[72.2511,35.5893],[72.2142,35.6082],[72.2122,35.6326],[72.2286,35.6337],[72.2596,35.6739],[72.2566,35.6828],[72.2874,35.7462],[72.2913,35.7712],[72.2835,35.7671],[72.2161,35.7766],[72.1884,35.758],[72.1673,35.7848],[72.1246,35.78],[72.1058,35.7338],[72.0897,35.7099],[72.1111,35.6908],[72.0953,35.6581],[72.0734,35.6439],[72.0468,35.6467],[72.0237,35.6284],[71.9777,35.6098],[71.9356,35.5674],[71.9179,35.54],[71.9159,35.4929],[71.9334,35.4771],[71.8921,35.4657],[71.8777,35.4446],[71.8935,35.4188],[71.8785,35.4158],[71.8741,35.3817],[71.8585,35.357],[71.8156,35.3631],[71.777,35.3324],[71.7734,35.3057],[71.756,35.2958],[71.7521,35.25],[71.7266,35.2456],[71.7075,35.2267],[71.67,35.2236],[71.6641,35.1924],[71.6359,35.1534],[71.616,35.1368],[71.5944,35.1341],[71.5438,35.102],[71.532,35.0837]]]]}},{"type":"Feature","properties":{"map_unit_id":"kp_upper_kohistan","name":"Upper Kohistan","province_code":"KP","district_ids":["kp_upper_kohistan"],"in_census_tables":true},"geometry":{"type":"Polygon","coordinates":[[[73.9548,35.1447],[73.9577,35.1652],[73.9258,35.2102],[73.9008,35.212],[73.8711,35.2048],[73.8474,35.2262],[73.8325,35.2274],[73.8093,35.2429],[73.7655,35.2209],[73.7499,35.231],[73.7303,35.2737],[73.7119,35.2797],[73.7101,35.3029],[73.6994,35.3142],[73.6929,35.3492],[73.6982,35.3712],[73.7273,35.4193],[73.7529,35.4324],[73.7547,35.4431],[73.7945,35.449],[73.7856,35.4633],[73.7856,35.5245],[73.7511,35.5239],[73.7351,35.5316],[73.6649,35.531],[73.6169,35.5411],[73.4999,35.5429],[73.4178,35.5251],[73.4011,35.5364],[73.3952,35.5869],[73.3643,35.6005],[73.3381,35.6433],[73.331,35.6629],[73.2966,35.6623],[73.2752,35.6695],[73.2401,35.6576],[73.236,35.6677],[73.192,35.6772],[73.1831,35.6897],[73.1486,35.7129],[73.126,35.7212],[73.11,35.7491],[73.1201,35.7651],[73.1581,35.7616],[73.1878,35.7853],[73.2003,35.7871],[73.2003,35.8269],[73.1783,35.8602],[73.1498,35.8436],[73.1291,35.8459],[73.0922,35.8756],[73.0732,35.8608],[73.0559,35.862],[73.0263,35.8423],[72.9989,35.8626],[72.9604,35.8489],[72.9038,35.8418],[72.8919,35.8495],[72.8908,35.8774],[72.8367,35.8733],[72.8195,35.8881],[72.8095,35.8625],[72.7897,35.8524],[72.7986,35.8333],[72.7955,35.7243],[72.7755,35.6717],[72.7697,35.6249],[72.7521,35.5863],[72.7471,35.5487],[72.7559,35.4599],[72.7496,35.4441],[72.7733,35.42],[72.8275,35.386],[72.8494,35.3637],[72.869,35.3594],[72.8889,35.3832],[72.9499,35.3935],[72.9511,35.3754],[72.9776,35.3592],[72.9749,35.337],[72.9852,35.3008],[73.0097,35.2932],[73.0289,35.2608],[73.0545,35.2611],[73.1123,35.2981],[73.1303,35.2689],[73.0993,35.2641],[73.0465,35.2388],[73.0417,35.2296],[73.0588,35.2118],[73.0748,35.2114],[73.1076,35.1864],[73.1014,35.177],[73.1108,35.1562],[73.1016,35.1425],[73.1562,35.1161],[73.2018,35.107],[73.2307,35.106],[73.2824,35.0864],[73.3349,35.0845],[73.3663,35.0909],[73.4226,35.0813],[73.4565,35.0656],[73.4989,35.0351],[73.5597,34.968],[73.5809,34.9807],[73.5941,34.9986],[73.6304,35.0005],[73.662,34.9809],[73.6839,35.0144],[73.7178,35.0255],[73.7435,35.0177],[73.7835,35.0205],[73.8042,35.005],[73.8231,35.0044],[73.8428,35.0344],[73.8497,35.0921],[73.8709,35.1085],[73.9137,35.1084],[73.9548,35.1447]]]}},{"type":"Feature","properties":{"map_unit_id":"pb_attock","name":"Attock","province_code":"PB","district_ids":["pb_attock"],"in_census_tables":true},"geometry":{"type":"Polygon","coordinates":[[[72.5977,33.2022],[72.6298,33.1992],[72.6444,33.2459],[72.6645,33.2756],[72.6942,33.2778],[72.6785,33.3047],[72.6948,33.3215],[72.7205,33.3669],[72.739,33.3904],[72.7704,33.3982],[72.7782,33.4464],[72.8247,33.4671],[72.8611,33.4721],[72.879,33.4805],[72.9316,33.4878],[72.8936,33.5236],[72.8577,33.5298],[72.8488,33.5578],[72.8236,33.5662],[72.8241,33.5998],[72.8062,33.6149],[72.8101,33.6356],[72.7497,33.6379],[72.7435,33.6703],[72.7306,33.6838],[72.7485,33.7056],[72.7485,33.7185],[72.7295,33.7359],[72.6998,33.7829],[72.697,33.8014],[72.7373,33.8624],[72.767,33.8607],[72.7961,33.8305],[72.8125,33.8015],[72.8248,33.8002],[72.8539,33.7997],[72.8703,33.8148],[72.8452,33.8354],[72.8206,33.8254],[72.8233,33.844],[72.8392,33.8526],[72.8359,33.887],[72.7915,33.8884],[72.7862,33.9401],[72.7709,33.9513],[72.7259,33.9215],[72.7358,33.9076],[72.708,33.9023],[72.7093,33.8817],[72.6994,33.8718],[72.6404,33.8672],[72.6384,33.8784],[72.6066,33.8745],[72.6119,33.8937],[72.6285,33.9037],[72.6291,33.9162],[72.6543,33.9261],[72.645,33.9394],[72.5993,33.954],[72.5516,33.9613],[72.5475,33.9901],[72.543,33.999],[72.4469,33.9937],[72.4403,34.0037],[72.4025,33.9917],[72.4038,33.9745],[72.3813,33.9725],[72.3813,33.9579],[72.3449,33.9467],[72.3239,33.948],[72.2561,33.9122],[72.2386,33.8993],[72.2317,33.8943],[72.2395,33.8672],[72.2369,33.783],[72.2475,33.7638],[72.2196,33.7717],[72.1931,33.7605],[72.1275,33.7757],[72.1037,33.7857],[72.0719,33.7837],[72.0831,33.7658],[72.0401,33.7532],[72.0176,33.7188],[72.0063,33.7121],[71.9857,33.667],[71.9771,33.5829],[71.9546,33.565],[71.9692,33.5405],[71.9486,33.508],[71.8671,33.4477],[71.8711,33.4106],[71.8558,33.404],[71.8313,33.4093],[71.7995,33.3914],[71.7333,33.3642],[71.7174,33.343],[71.7319,33.3198],[71.728,33.3039],[71.7094,33.2867],[71.7127,33.2463],[71.7598,33.2012],[71.7538,33.1535],[71.7134,33.1118],[71.7207,33.0574],[71.7131,33.0587],[71.7143,33.0404],[71.7643,33.0194],[71.7666,33.0128],[71.8254,33.0416],[71.8685,33.0583],[71.9086,33.0626],[71.9475,33.0867],[71.9761,33.1175],[71.9931,33.1212],[72.0713,33.1251],[72.1041,33.1145],[72.1715,33.1097],[72.2023,33.133],[72.2072,33.1646],[72.2357,33.1435],[72.2812,33.1441],[72.3028,33.1373],[72.3521,33.1454],[72.3682,33.1546],[72.4718,33.1583],[72.4971,33.1645],[72.5107,33.1966],[72.544,33.2244],[72.5705,33.2232],[72.5977,33.2022]]]}},{"type":"Feature","properties":{"map_unit_id":"pb_bahawalnagar","name":"Bahawalnagar","province_code":"PB","district_ids":["pb_bahawalnagar"],"in_census_tables":true},"geometry":{"type":"Polygon","coordinates":[[[72.4682,28.8576],[72.4918,28.8202],[72.6425,28.8985],[72.7161,28.9389],[72.8431,28.9894],[72.947,29.0266],[73.0063,29.155],[73.0845,29.2359],[73.1686,29.3801],[73.2014,29.4335],[73.2814,29.5703],[73.3411,29.7558],[73.3832,29.9026],[73.3978,29.9464],[73.5988,30.0202],[73.8066,30.0681],[73.823,30.0886],[73.9374,30.1712],[73.9725,30.1983],[73.9641,30.2552],[73.9311,30.3189],[73.9095,30.3411],[73.8545,30.2981],[73.8365,30.3158],[73.8083,30.3237],[73.777,30.3133],[73.7802,30.2968],[73.7691,30.2794],[73.747,30.2684],[73.7201,30.2725],[73.6875,30.2677],[73.6631,30.2769],[73.6426,30.2551],[73.6306,30.2777],[73.6002,30.2636],[73.5885,30.2712],[73.5689,30.2519],[73.5401,30.2623],[73.4809,30.2048],[73.4637,30.2245],[73.4535,30.2065],[73.4611,30.1897],[73.4591,30.1593],[73.4471,30.1571],[73.4249,30.1719],[73.4121,30.1675],[73.4141,30.1473],[73.3813,30.1523],[73.3775,30.1169],[73.3867,30.0859],[73.3797,30.0688],[73.3637,30.0969],[73.3107,30.1127],[73.2896,30.1004],[73.281,30.1092],[73.2541,30.0896],[73.2339,30.0869],[73.2193,30.0624],[73.1991,30.071],[73.1936,30.0579],[73.1539,30.0643],[73.1452,30.1236],[73.1011,30.1173],[73.0645,30.1361],[73.0381,30.1081],[72.9541,30.0805],[72.9616,30.0325],[72.9791,30.0285],[72.9671,29.9931],[72.9722,29.9711],[72.9462,29.9607],[72.9259,29.9941],[72.894,29.9989],[72.8601,29.9549],[72.8601,29.9244],[72.8384,29.9679],[72.8195,29.9805],[72.7876,29.98],[72.7673,29.9617],[72.7736,29.9322],[72.7624,29.9128],[72.7707,29.8925],[72.7518,29.8925],[72.7325,29.9235],[72.7097,29.9225],[72.6942,29.9104],[72.6962,29.8862],[72.6836,29.8557],[72.6556,29.8707],[72.6439,29.8591],[72.6183,29.8548],[72.6048,29.8388],[72.5699,29.8398],[72.5634,29.8083],[72.5585,29.7772],[72.5782,29.7167],[72.6468,29.6797],[72.6454,29.6485],[72.6637,29.6547],[72.668,29.6365],[72.6824,29.6427],[72.6737,29.5937],[72.6958,29.5937],[72.7179,29.5784],[72.7141,29.5486],[72.7035,29.5467],[72.728,29.5294],[72.7304,29.4694],[72.7064,29.4588],[72.704,29.4386],[72.6411,29.4117],[72.632,29.3671],[72.642,29.3436],[72.667,29.3263],[72.7049,29.3412],[72.7165,29.2999],[72.7414,29.3152],[72.7539,29.3071],[72.7712,29.3191],[72.7731,29.296],[72.7554,29.2907],[72.7179,29.2951],[72.6901,29.2821],[72.6925,29.2581],[72.7064,29.2471],[72.7299,29.2528],[72.7376,29.2293],[72.7635,29.2298],[72.7174,29.2139],[72.7011,29.2182],[72.6843,29.2082],[72.6339,29.2221],[72.6075,29.2432],[72.5859,29.248],[72.5071,29.2413],[72.5086,29.2293],[72.4841,29.2298],[72.4773,29.2096],[72.45,29.2048],[72.4048,29.2077],[72.3708,29.2],[72.3515,29.2096],[72.3429,29.2317],[72.3203,29.2341],[72.3026,29.2226],[72.2757,29.224],[72.2781,29.2043],[72.2637,29.199],[72.2766,29.189],[72.2618,29.1611],[72.2757,29.1443],[72.268,29.1294],[72.2795,29.1232],[72.2766,29.0953],[72.2954,29.0939],[72.2978,29.0675],[72.3093,29.0607],[72.3184,29.0804],[72.3352,29.0852],[72.3352,29.1088],[72.3693,29.0809],[72.4044,29.03],[72.425,28.9911],[72.4361,28.9297],[72.4682,28.8576]]]}},{"type":"Feature","properties":{"map_unit_id":"pb_bahawalpur","name":"Bahawalpur","province_code":"PB","district_ids":["pb_bahawalpur"],"in_census_tables":true},"geometry":{"type":"Polygon","coordinates":[[[72.4608,28.8037],[72.4918,28.8202],[72.4682,28.8576],[72.4361,28.9297],[72.425,28.9911],[72.4044,29.03],[72.3693,29.0809],[72.3352,29.1088],[72.3352,29.0852],[72.3184,29.0804],[72.3093,29.0607],[72.2978,29.0675],[72.2954,29.0939],[72.2766,29.0953],[72.2795,29.1232],[72.268,29.1294],[72.2757,29.1443],[72.2618,29.1611],[72.2766,29.189],[72.2637,29.199],[72.2781,29.2043],[72.2757,29.224],[72.3026,29.2226],[72.3203,29.2341],[72.3429,29.2317],[72.3515,29.2096],[72.3708,29.2],[72.4048,29.2077],[72.45,29.2048],[72.4773,29.2096],[72.4841,29.2298],[72.5086,29.2293],[72.5071,29.2413],[72.5859,29.248],[72.6075,29.2432],[72.6339,29.2221],[72.6843,29.2082],[72.7011,29.2182],[72.7174,29.2139],[72.7635,29.2298],[72.7376,29.2293],[72.7299,29.2528],[72.7064,29.2471],[72.6925,29.2581],[72.6901,29.2821],[72.7179,29.2951],[72.7554,29.2907],[72.7731,29.296],[72.7712,29.3191],[72.7539,29.3071],[72.7414,29.3152],[72.7165,29.2999],[72.7049,29.3412],[72.667,29.3263],[72.642,29.3436],[72.632,29.3671],[72.6411,29.4117],[72.704,29.4386],[72.7064,29.4588],[72.7304,29.4694],[72.728,29.5294],[72.7035,29.5467],[72.7141,29.5486],[72.7179,29.5784],[72.6958,29.5937],[72.6737,29.5937],[72.6824,29.6427],[72.668,29.6365],[72.6637,29.6547],[72.6454,29.6485],[72.6468,29.6797],[72.5782,29.7167],[72.5585,29.7772],[72.5634,29.8083],[72.5429,29.8088],[72.5322,29.8301],[72.5124,29.8432],[72.5025,29.8175],[72.4926,29.8306],[72.4703,29.8214],[72.4602,29.8485],[72.4408,29.8398],[72.4186,29.8436],[72.4026,29.8596],[72.39,29.8572],[72.3726,29.8374],[72.3407,29.8432],[72.3127,29.82],[72.3102,29.8035],[72.2585,29.8127],[72.2343,29.7943],[72.228,29.7672],[72.2174,29.758],[72.2445,29.7213],[72.2445,29.7082],[72.2154,29.7039],[72.1966,29.7111],[72.1835,29.6526],[72.1642,29.6434],[72.1661,29.6188],[72.1371,29.5965],[72.0998,29.5994],[72.0727,29.6072],[72.0816,29.5963],[72.0693,29.5544],[72.043,29.5571],[72.0348,29.5769],[72.0205,29.5748],[72.012,29.5492],[71.9816,29.5475],[71.9663,29.5673],[71.9496,29.5581],[71.9236,29.5663],[71.9121,29.5574],[71.9431,29.5281],[71.9335,29.5148],[71.9141,29.5301],[71.9127,29.5049],[71.9018,29.5018],[71.9008,29.5366],[71.8803,29.5469],[71.8766,29.5151],[71.8585,29.5192],[71.8513,29.537],[71.8186,29.5342],[71.8029,29.508],[71.777,29.5059],[71.7518,29.5274],[71.7351,29.523],[71.7344,29.5001],[71.7153,29.4824],[71.6996,29.4855],[71.6832,29.4701],[71.6597,29.479],[71.6188,29.4636],[71.6157,29.4381],[71.5935,29.4462],[71.5714,29.4268],[71.5458,29.4193],[71.5447,29.4323],[71.5185,29.4462],[71.5076,29.4101],[71.4806,29.3988],[71.4806,29.3722],[71.4598,29.3879],[71.4383,29.419],[71.3933,29.4156],[71.3776,29.39],[71.355,29.4229],[71.3371,29.4277],[71.3173,29.4171],[71.3384,29.4527],[71.3299,29.4625],[71.298,29.4408],[71.2854,29.4461],[71.2438,29.4471],[71.2332,29.4775],[71.2114,29.4829],[71.1688,29.4732],[71.1393,29.4524],[71.1311,29.4722],[71.1263,29.4485],[71.1079,29.4504],[71.1006,29.4321],[71.0798,29.4311],[71.065,29.4419],[71.0607,29.4273],[71.0384,29.4152],[71.0427,29.3852],[71.0244,29.3735],[70.999,29.3712],[70.9865,29.3595],[70.9705,29.3637],[70.9514,29.3477],[70.9247,29.3442],[70.9164,29.3213],[70.9522,29.299],[70.953,29.2756],[70.9092,29.2847],[70.9186,29.2545],[70.911,29.245],[70.9123,29.2217],[70.8849,29.184],[70.9089,29.1883],[70.9295,29.1565],[70.9321,29.1394],[70.9741,29.0888],[70.9947,29.0767],[71.0161,29.1282],[71.0608,29.1565],[71.0813,29.1445],[71.0771,29.1231],[71.0874,29.0707],[71.0565,29.0476],[71.0573,29.0218],[71.0359,29.0047],[71.0616,28.9832],[71.0539,28.9352],[71.041,28.9232],[71.0608,28.8983],[71.0556,28.8537],[71.0402,28.8056],[70.9973,28.7275],[70.9818,28.6941],[70.9664,28.6272],[70.9423,28.5474],[70.9552,28.4478],[70.9715,28.3517],[70.9664,28.2728],[70.9792,28.211],[71.0041,28.1587],[71.0342,28.1141],[71.0342,28.0892],[71.0582,28.0223],[71.0719,27.9493],[71.0882,27.9142],[71.0934,27.8618],[71.1085,27.7954],[71.2063,27.842],[71.2378,27.8525],[71.3566,27.8701],[71.4804,27.8733],[71.5003,27.8772],[71.587,27.8792],[71.6827,27.8907],[71.7929,27.9283],[71.833,27.9457],[71.8973,27.9668],[71.9026,28.0256],[71.9123,28.0525],[71.9183,28.1018],[71.9254,28.124],[71.9836,28.2],[72.0212,28.2363],[72.0561,28.2551],[72.0736,28.2712],[72.1313,28.3128],[72.177,28.3558],[72.1985,28.384],[72.219,28.4455],[72.2401,28.4874],[72.2616,28.5613],[72.2831,28.6109],[72.2979,28.6647],[72.3157,28.6927],[72.3656,28.7433],[72.3928,28.7796],[72.4238,28.7947],[72.4608,28.8037]]]}},{"type":"Feature","properties":{"map_unit_id":"pb_bhakkar","name":"Bhakkar","province_code":"PB","district_ids":["pb_bhakkar"],"in_census_tables":true},"geometry":{"type":"Polygon","coordinates":[[[71.9813,31.5161],[71.9914,31.5302],[71.9613,31.5343],[71.942,31.5545],[71.9201,31.5922],[71.8893,31.608],[71.8637,31.6117],[71.8366,31.637],[71.7734,31.6748],[71.748,31.7169],[71.7444,31.7573],[71.7357,31.7661],[71.7115,31.8146],[71.6891,31.8188],[71.6663,31.8338],[71.6251,31.8505],[71.6259,31.8618],[71.6496,31.882],[71.6883,31.8979],[71.6926,31.9163],[71.719,31.9505],[71.7146,31.9829],[71.7304,32.0137],[71.7611,32.0304],[71.7763,32.1446],[71.7553,32.17],[71.7273,32.1868],[71.6105,32.1755],[71.5401,32.2014],[71.5024,32.2052],[71.4783,32.2008],[71.4702,32.1879],[71.4492,32.1835],[71.3949,32.1909],[71.3409,32.192],[71.3214,32.1669],[71.2664,32.1829],[71.2355,32.1959],[71.2187,32.1708],[71.1731,32.1933],[71.1548,32.1668],[71.1382,32.1589],[71.1157,32.1615],[71.1057,32.1238],[71.109,32.1039],[71.0865,32.0356],[71.0653,32.025],[71.0713,32.0025],[71.0677,31.9672],[71.0726,31.9588],[71.062,31.9018],[71.064,31.8806],[71.0355,31.864],[71.0223,31.8157],[70.999,31.7752],[70.9607,31.7474],[70.9301,31.6983],[70.9427,31.6857],[70.9129,31.6877],[70.897,31.6692],[70.8851,31.6361],[70.8951,31.6301],[70.8851,31.6103],[70.9003,31.5865],[70.8804,31.5685],[70.8784,31.5473],[70.9023,31.5234],[70.9003,31.5128],[70.8705,31.5128],[70.8818,31.4863],[70.895,31.4803],[70.8864,31.4445],[70.8957,31.4379],[70.842,31.4214],[70.8347,31.3829],[70.8071,31.3604],[70.8496,31.3503],[70.8869,31.3649],[70.9021,31.3795],[70.9313,31.3853],[70.9243,31.3515],[70.9359,31.3469],[70.9883,31.3544],[71.0911,31.3548],[71.1255,31.3375],[71.1553,31.3457],[71.1804,31.3387],[71.1945,31.3446],[71.1967,31.3077],[71.2457,31.2406],[71.2626,31.2272],[71.2819,31.236],[71.2924,31.1881],[71.2935,31.1636],[71.3105,31.1438],[71.3274,31.1374],[71.3455,31.145],[71.4557,31.1508],[71.4849,31.1841],[71.5053,31.2331],[71.5421,31.2395],[71.6109,31.2307],[71.6903,31.1724],[71.7544,31.1771],[71.7737,31.1611],[71.7905,31.1774],[71.7937,31.2061],[71.8037,31.2275],[71.852,31.2443],[71.887,31.2671],[71.9285,31.2648],[71.9945,31.2525],[72.0091,31.253],[72.0227,31.3122],[72.0204,31.3836],[72.0091,31.406],[72.0086,31.4811],[71.984,31.4897],[71.9813,31.5161]]]}},{"type":"Feature","properties":{"map_unit_id":"pb_chakwal","name":"Chakwal","province_code":"PB","district_ids":["pb_chakwal"],"in_census_tables":true},"geometry":{"type":"Polygon","coordinates":[[[72.6047,32.5968],[72.651,32.5916],[72.7416,32.6152],[72.7493,32.6265],[72.7334,32.6762],[72.7694,32.6953],[72.8044,32.6652],[72.8522,32.6511],[72.8686,32.6402],[72.8777,32.6534],[72.9369,32.6543],[72.9391,32.6679],[72.9856,32.6675],[72.9955,32.6916],[73.0248,32.7108],[73.0371,32.6894],[73.0471,32.6894],[73.0876,32.6684],[73.0962,32.703],[73.1249,32.7094],[73.1377,32.7235],[73.2169,32.7303],[73.2209,32.7404],[73.2606,32.7349],[73.2642,32.7458],[73.2497,32.785],[73.2636,32.7794],[73.2732,32.816],[73.2387,32.8501],[73.2072,32.8616],[73.1944,32.8467],[73.1527,32.8478],[73.1559,32.8965],[73.1682,32.8988],[73.1868,32.9493],[73.2073,32.9694],[73.2269,33.0067],[73.1968,33.0328],[73.194,33.0738],[73.2051,33.095],[73.2046,33.0954],[73.1333,33.096],[73.1215,33.0768],[73.1062,33.0819],[73.1055,33.1017],[73.0925,33.1071],[73.061,33.0731],[73.0283,33.0694],[73.0135,33.1091],[72.9443,33.1177],[72.9263,33.1683],[72.8522,33.1608],[72.8326,33.1674],[72.8107,33.1566],[72.7916,33.172],[72.7236,33.196],[72.7058,33.2132],[72.6625,33.2109],[72.6298,33.1992],[72.5977,33.2022],[72.5705,33.2232],[72.544,33.2244],[72.5107,33.1966],[72.4971,33.1645],[72.4718,33.1583],[72.3682,33.1546],[72.3521,33.1454],[72.3028,33.1373],[72.2812,33.1441],[72.2357,33.1435],[72.2072,33.1646],[72.2023,33.133],[72.1715,33.1097],[72.1041,33.1145],[72.0713,33.1251],[71.9931,33.1212],[71.9761,33.1175],[71.9475,33.0867],[71.9086,33.0626],[71.8685,33.0583],[71.8254,33.0416],[71.7666,33.0128],[71.7872,33.0027],[71.8335,32.9996],[71.8774,32.9835],[71.8854,32.9706],[71.8854,32.9323],[71.8965,32.8909],[71.9107,32.8828],[71.9169,32.8588],[71.9507,32.8496],[71.9676,32.8371],[71.9731,32.8038],[71.894,32.7581],[71.8934,32.6994],[71.9137,32.6846],[71.9144,32.6679],[71.899,32.6611],[71.9107,32.6289],[71.9268,32.6079],[71.9255,32.5765],[71.941,32.5591],[71.9299,32.5411],[71.9397,32.5347],[71.9611,32.5551],[71.982,32.5551],[71.9881,32.5805],[72.0434,32.5941],[72.0997,32.6277],[72.1252,32.6336],[72.1578,32.6585],[72.1593,32.6746],[72.1476,32.6955],[72.1512,32.7131],[72.1739,32.7032],[72.2523,32.698],[72.2789,32.6901],[72.3388,32.6942],[72.4183,32.6134],[72.4336,32.617],[72.4399,32.633],[72.484,32.6657],[72.5098,32.6685],[72.5421,32.6919],[72.5393,32.6664],[72.5615,32.6616],[72.571,32.6338],[72.5879,32.6067],[72.6047,32.5968]]]}},{"type":"Feature","properties":{"map_unit_id":"pb_chiniot","name":"Chiniot","province_code":"PB","district_ids":["pb_chiniot"],"in_census_tables":true},"geometry":{"type":"Polygon","coordinates":[[[72.7424,31.3773],[72.8251,31.3681],[72.8241,31.3946],[72.8397,31.4258],[72.8553,31.4351],[72.8739,31.4762],[72.893,31.4999],[72.93,31.5213],[72.9531,31.541],[72.989,31.5526],[73.0116,31.5665],[73.0487,31.5786],[73.0695,31.5972],[73.0851,31.6295],[73.1019,31.6383],[73.1482,31.717],[73.1899,31.7482],[73.2285,31.7837],[73.2038,31.827],[73.1598,31.8489],[73.166,31.8925],[73.1412,31.9195],[73.1163,31.9271],[73.0717,31.9282],[73.0,31.9606],[72.978,31.956],[72.9502,31.9763],[72.9398,31.9357],[72.8992,31.923],[72.8975,31.9085],[72.9247,31.89],[72.9456,31.8906],[72.9849,31.868],[72.9832,31.8426],[72.9641,31.8339],[72.945,31.8507],[72.9159,31.842],[72.8952,31.8727],[72.8738,31.8692],[72.8518,31.8397],[72.85,31.8223],[72.8228,31.8391],[72.7876,31.8368],[72.7384,31.8038],[72.7118,31.7969],[72.6793,31.7748],[72.6533,31.7812],[72.6441,31.7737],[72.6099,31.7725],[72.5572,31.7581],[72.5544,31.7332],[72.5265,31.7314],[72.5219,31.706],[72.4727,31.6678],[72.4391,31.6637],[72.4343,31.6068],[72.4628,31.5752],[72.4589,31.5443],[72.4874,31.5356],[72.4929,31.5158],[72.5317,31.4952],[72.561,31.4548],[72.5911,31.4683],[72.6085,31.4683],[72.6228,31.4517],[72.6228,31.4192],[72.6331,31.4073],[72.6623,31.3954],[72.6782,31.3701],[72.7265,31.3622],[72.7424,31.3773]]]}},{"type":"Feature","properties":{"map_unit_id":"pb_dera_ghazi_khan","name":"Dera Ghazi Khan","province_code":"PB","district_ids":["pb_dera_ghazi_khan"],"in_census_tables":true},"geometry":{"type":"Polygon","coordinates":[[[70.7069,29.705],[70.7255,29.6691],[70.7361,29.6777],[70.7275,29.7078],[70.7525,29.7269],[70.7807,29.7678],[70.8254,29.8212],[70.8408,29.8325],[70.8581,29.8876],[70.8331,29.9095],[70.8518,29.9313],[70.8864,29.9363],[70.865,29.9641],[70.8804,29.9659],[70.8695,30.0054],[70.8741,30.0492],[70.889,30.0517],[70.8477,30.128],[70.8417,30.1981],[70.8053,30.2377],[70.8044,30.2514],[70.829,30.2705],[70.824,30.3156],[70.8249,30.362],[70.8363,30.3834],[70.8254,30.4185],[70.8249,30.4462],[70.8081,30.4508],[70.7939,30.4699],[70.793,30.4918],[70.8058,30.5109],[70.7939,30.5514],[70.8176,30.5765],[70.804,30.5856],[70.8158,30.6092],[70.7962,30.6252],[70.8011,30.6465],[70.7936,30.6724],[70.7977,30.7028],[70.7957,30.7542],[70.7873,30.7683],[70.7417,30.7751],[70.7449,30.8196],[70.7411,30.8445],[70.7708,30.841],[70.7877,30.8731],[70.7631,30.8947],[70.758,30.9116],[70.7912,30.9389],[70.7901,30.9723],[70.7714,30.9717],[70.7803,30.9952],[70.7761,31.033],[70.779,31.1135],[70.7644,31.1292],[70.7685,31.1508],[70.7498,31.1846],[70.7662,31.2517],[70.7405,31.271],[70.7674,31.3056],[70.7472,31.3133],[70.7386,31.3319],[70.6962,31.3319],[70.6777,31.314],[70.6306,31.316],[70.563,31.3385],[70.5445,31.3286],[70.5332,31.3094],[70.51,31.2988],[70.4676,31.2941],[70.451,31.2868],[70.4272,31.2431],[70.4042,31.2094],[70.4042,31.1984],[70.3693,31.1898],[70.2888,31.1624],[70.2957,31.1501],[70.2945,31.0862],[70.2877,31.0611],[70.2687,31.0354],[70.2689,30.9414],[70.2535,30.8767],[70.2731,30.8607],[70.2694,30.8405],[70.2295,30.838],[70.2229,30.8265],[70.2185,30.7839],[70.2027,30.7755],[70.1683,30.7743],[70.1547,30.7333],[70.1109,30.7353],[70.0887,30.6891],[70.0959,30.6266],[70.0881,30.5873],[70.0519,30.5201],[70.0439,30.4979],[70.0047,30.4531],[69.9991,30.4341],[69.9985,30.3839],[69.965,30.322],[69.9611,30.292],[69.9868,30.2926],[69.9752,30.2619],[69.9924,30.2527],[70.015,30.2785],[70.0732,30.2742],[70.0739,30.2552],[70.0518,30.2258],[70.0218,30.2178],[70.0175,30.1835],[70.0052,30.1835],[69.9881,30.1393],[69.9887,30.105],[69.9721,30.0603],[69.9335,30.0254],[69.9127,29.9604],[69.8888,29.9046],[69.8788,29.8953],[69.9109,29.8623],[69.9355,29.8513],[70.008,29.8336],[70.0313,29.8336],[70.0969,29.8117],[70.1147,29.7843],[70.1516,29.7542],[70.1845,29.7419],[70.2364,29.7365],[70.3389,29.7348],[70.3691,29.7214],[70.3924,29.7022],[70.4019,29.6804],[70.391,29.6694],[70.4197,29.6503],[70.4265,29.6188],[70.4935,29.6366],[70.5305,29.6612],[70.5496,29.6804],[70.5793,29.7358],[70.5814,29.7778],[70.6098,29.8021],[70.633,29.8117],[70.6864,29.7857],[70.696,29.7611],[70.685,29.7488],[70.7042,29.7337],[70.7069,29.705]]]}},{"type":"Feature","properties":{"map_unit_id":"pb_faisalabad","name":"Faisalabad","province_code":"PB","district_ids":["pb_faisalabad"],"in_census_tables":true},"geometry":{"type":"Polygon","coordinates":[[[73.4033,30.9991],[73.3977,31.021],[73.395,31.0567],[73.4085,31.0882],[73.4428,31.1144],[73.4394,31.1418],[73.4753,31.1845],[73.5,31.1901],[73.5129,31.1845],[73.5489,31.1977],[73.5739,31.2267],[73.6155,31.2615],[73.6532,31.2803],[73.6521,31.2974],[73.6703,31.3219],[73.6623,31.3516],[73.684,31.383],[73.6703,31.4343],[73.6755,31.4463],[73.6538,31.4571],[73.6264,31.4531],[73.6013,31.4411],[73.5779,31.4491],[73.5505,31.4269],[73.5152,31.4246],[73.5021,31.4417],[73.4662,31.4725],[73.4872,31.4936],[73.4906,31.5335],[73.4536,31.5677],[73.4604,31.6173],[73.4467,31.631],[73.392,31.6549],[73.3715,31.6749],[73.3777,31.6994],[73.3709,31.72],[73.323,31.7222],[73.2899,31.7428],[73.2968,31.7646],[73.2459,31.7637],[73.2285,31.7837],[73.1899,31.7482],[73.1482,31.717],[73.1019,31.6383],[73.0851,31.6295],[73.0695,31.5972],[73.0487,31.5786],[73.0116,31.5665],[72.989,31.5526],[72.9531,31.541],[72.93,31.5213],[72.893,31.4999],[72.8739,31.4762],[72.8553,31.4351],[72.8397,31.4258],[72.8241,31.3946],[72.8251,31.3681],[72.8304,31.3598],[72.8099,31.3322],[72.8205,31.3159],[72.8598,31.2784],[72.8245,31.2223],[72.7987,31.2037],[72.7798,31.1978],[72.7766,31.1744],[72.7858,31.1546],[72.7781,31.1415],[72.781,31.1193],[72.766,31.0946],[72.7413,31.0873],[72.7689,31.0694],[72.7926,31.0859],[72.8225,31.0671],[72.8139,31.0515],[72.8206,31.0317],[72.8027,31.023],[72.7969,30.9853],[72.7755,30.9673],[72.7716,30.9444],[72.7383,30.9347],[72.7355,30.9213],[72.7054,30.8874],[72.7155,30.8622],[72.7339,30.8612],[72.7721,30.8356],[72.7649,30.8153],[72.7721,30.8013],[72.7407,30.7858],[72.7349,30.7635],[72.7426,30.7384],[72.7711,30.7365],[72.7924,30.7514],[72.8345,30.7403],[72.8403,30.7181],[72.8108,30.7128],[72.7828,30.6915],[72.7887,30.678],[72.8147,30.6828],[72.8253,30.6934],[72.8418,30.6779],[72.8664,30.6924],[72.9003,30.675],[72.9201,30.6774],[72.9399,30.7186],[72.9216,30.7311],[72.9428,30.7394],[72.9477,30.7573],[72.9777,30.7693],[72.9927,30.7616],[72.9946,30.7742],[73.0425,30.778],[73.0468,30.7993],[73.0623,30.8071],[73.087,30.7945],[73.101,30.8129],[73.1155,30.8075],[73.1411,30.8312],[73.1315,30.8632],[73.1581,30.867],[73.174,30.8371],[73.1871,30.8656],[73.176,30.8844],[73.1789,30.899],[73.1963,30.9014],[73.1938,30.9222],[73.2272,30.9096],[73.2427,30.9304],[73.2693,30.9351],[73.2906,30.9526],[73.294,30.9657],[73.3244,30.986],[73.3457,30.9826],[73.3723,30.9991],[73.4033,30.9991]]]}},{"type":"Feature","properties":{"map_unit_id":"pb_gujranwala","name":"Gujranwala","province_code":"PB","district_ids":["pb_gujranwala"],"in_census_tables":true},"geometry":{"type":"Polygon","coordinates":[[[74.5751,32.0552],[74.5764,32.0605],[74.5672,32.0531],[74.5275,32.0659],[74.5072,32.0921],[74.5199,32.1001],[74.4922,32.1183],[74.4904,32.1499],[74.454,32.1558],[74.4391,32.1685],[74.4241,32.1593],[74.3803,32.1695],[74.3758,32.1812],[74.3514,32.1896],[74.3314,32.2053],[74.3284,32.2442],[74.2728,32.2519],[74.2465,32.2781],[74.2342,32.3367],[74.2247,32.3498],[74.2269,32.38],[74.2065,32.4],[74.2098,32.4207],[74.1992,32.448],[74.2091,32.4928],[74.2021,32.5227],[74.2116,32.5527],[74.19,32.5522],[74.1871,32.5371],[74.1738,32.547],[74.1686,32.5308],[74.1095,32.4937],[74.0753,32.4818],[74.0794,32.4682],[74.0586,32.4845],[74.0019,32.426],[73.9793,32.415],[73.944,32.4104],[73.894,32.3979],[73.8797,32.3959],[73.8491,32.3953],[73.8097,32.3704],[73.7837,32.3739],[73.7594,32.3432],[73.7414,32.3617],[73.7287,32.3542],[73.6785,32.3421],[73.6885,32.2923],[73.7137,32.2442],[73.7319,32.2227],[73.7304,32.2074],[73.7526,32.1951],[73.7552,32.1765],[73.7766,32.167],[73.7937,32.1397],[73.8068,32.139],[73.7985,32.1092],[73.7964,32.0713],[73.8309,32.0513],[73.8211,32.04],[73.8247,32.0149],[73.8091,31.9809],[73.8357,31.957],[73.8808,31.9436],[73.8804,31.9319],[73.8535,31.9035],[73.8764,31.8875],[73.8811,31.8536],[73.8982,31.8413],[73.9452,31.8355],[73.9634,31.8515],[73.9776,31.8529],[73.9914,31.8271],[74.0446,31.8384],[74.0711,31.8223],[74.1053,31.8231],[74.129,31.8176],[74.1599,31.8365],[74.1657,31.85],[74.1934,31.8551],[74.2047,31.8831],[74.2349,31.8813],[74.2658,31.8882],[74.3041,31.8813],[74.327,31.8886],[74.3627,31.8879],[74.3856,31.9108],[74.3998,31.9155],[74.4478,31.9636],[74.4715,31.9665],[74.4762,31.9963],[74.4908,32.0054],[74.5246,32.0105],[74.5261,32.0233],[74.5751,32.0552]]]}},{"type":"Feature","properties":{"map_unit_id":"pb_gujrat","name":"Gujrat","province_code":"PB","district_ids":["pb_gujrat"],"in_census_tables":true},"geometry":{"type":"Polygon","coordinates":[[[74.4574,32.7212],[74.4304,32.7833],[74.3916,32.7674],[74.3718,32.7696],[74.3494,32.7826],[74.3413,32.8097],[74.3255,32.8142],[74.2016,32.8735],[74.1232,32.9056],[74.0748,32.9311],[74.053,32.9307],[74.001,32.9544],[73.984,32.9668],[73.945,33.02],[73.9258,33.0341],[73.9043,33.0392],[73.8778,33.0347],[73.8297,33.012],[73.7829,33.0189],[73.7951,33.0003],[73.7905,32.9753],[73.7332,32.922],[73.6986,32.8947],[73.6594,32.8706],[73.6403,32.8478],[73.6203,32.7964],[73.5921,32.7461],[73.5956,32.7299],[73.6193,32.7171],[73.6297,32.698],[73.6645,32.6882],[73.6639,32.6691],[73.6789,32.6413],[73.6986,32.6257],[73.725,32.6172],[73.7373,32.5883],[73.7634,32.5724],[73.7953,32.5696],[73.7906,32.5111],[73.8028,32.4914],[73.8219,32.4775],[73.8572,32.4694],[73.881,32.4422],[73.894,32.3979],[73.944,32.4104],[73.9793,32.415],[74.0019,32.426],[74.0586,32.4845],[74.0794,32.4682],[74.0753,32.4818],[74.1095,32.4937],[74.1686,32.5308],[74.1738,32.547],[74.1871,32.5371],[74.19,32.5522],[74.2116,32.5527],[74.2259,32.5551],[74.238,32.5719],[74.282,32.5898],[74.2976,32.5834],[74.3503,32.5962],[74.4313,32.6535],[74.4429,32.6558],[74.462,32.6905],[74.4574,32.7212]]]}},{"type":"Feature","properties":{"map_unit_id":"pb_hafizabad","name":"Hafizabad","province_code":"PB","district_ids":["pb_hafizabad"],"in_census_tables":true},"geometry":{"type":"Polygon","coordinates":[[[73.4625,31.8391],[73.4935,31.8236],[73.5222,31.806],[73.56,31.8431],[73.5593,31.8893],[73.5688,31.8919],[73.5928,31.8707],[73.6063,31.8675],[73.6288,31.882],[73.658,31.89],[73.6922,31.8889],[73.7369,31.921],[73.7657,31.9563],[73.8091,31.9809],[73.8247,32.0149],[73.8211,32.04],[73.8309,32.0513],[73.7964,32.0713],[73.7985,32.1092],[73.8068,32.139],[73.7937,32.1397],[73.7766,32.167],[73.7552,32.1765],[73.7526,32.1951],[73.7304,32.2074],[73.7319,32.2227],[73.7137,32.2442],[73.6885,32.2923],[73.6785,32.3421],[73.6181,32.3114],[73.5759,32.2969],[73.5168,32.2651],[73.5099,32.2385],[73.4867,32.2408],[73.4665,32.2118],[73.4393,32.1864],[73.3993,32.1725],[73.3727,32.1511],[73.3102,32.1221],[73.3073,32.11],[73.2674,32.0874],[73.2575,32.0735],[73.2622,32.0538],[73.2529,32.037],[73.2338,32.0307],[73.2355,31.9878],[73.2187,31.9786],[73.1904,31.9462],[73.1939,31.9346],[73.18,31.897],[73.166,31.8925],[73.1598,31.8489],[73.2038,31.827],[73.2285,31.7837],[73.2459,31.7637],[73.2968,31.7646],[73.3264,31.7692],[73.3362,31.7932],[73.3591,31.7918],[73.3963,31.8023],[73.4046,31.8231],[73.4199,31.8067],[73.4494,31.8056],[73.4625,31.8391]]]}},{"type":"Feature","properties":{"map_unit_id":"pb_jhang","name":"Jhang","province_code":"PB","district_ids":["pb_jhang"],"in_census_tables":true},"geometry":{"type":"Polygon","coordinates":[[[71.7034,30.5808],[71.7256,30.5765],[71.77,30.5946],[71.7828,30.607],[71.7914,30.6311],[71.814,30.6485],[71.8325,30.6479],[71.8406,30.6601],[71.8742,30.6809],[71.9002,30.682],[71.9269,30.6629],[71.9622,30.6745],[71.9865,30.6601],[71.9998,30.6676],[71.9998,30.6959],[72.031,30.6977],[72.0617,30.7307],[72.093,30.7237],[72.1439,30.7254],[72.1826,30.7117],[72.2375,30.7231],[72.2799,30.7162],[72.3025,30.7243],[72.343,30.7139],[72.3644,30.7359],[72.354,30.7556],[72.3696,30.7567],[72.3459,30.7822],[72.3494,30.8042],[72.3436,30.8262],[72.3372,30.8088],[72.3175,30.8088],[72.2874,30.8383],[72.277,30.832],[72.2498,30.8441],[72.255,30.8673],[72.2828,30.891],[72.3158,30.895],[72.317,30.9136],[72.3349,30.9211],[72.3581,30.9471],[72.3581,30.972],[72.3743,30.9813],[72.3858,31.023],[72.4379,31.0519],[72.4414,31.1092],[72.4657,31.1138],[72.4721,31.1254],[72.4902,31.1258],[72.4769,31.1611],[72.4983,31.1622],[72.5033,31.1816],[72.4866,31.1879],[72.4912,31.2134],[72.5521,31.2224],[72.5753,31.2461],[72.5897,31.2357],[72.6112,31.2409],[72.6893,31.2346],[72.7026,31.2496],[72.7501,31.271],[72.8099,31.3322],[72.8304,31.3598],[72.8251,31.3681],[72.7424,31.3773],[72.7265,31.3622],[72.6782,31.3701],[72.6623,31.3954],[72.6331,31.4073],[72.6228,31.4192],[72.6228,31.4517],[72.6085,31.4683],[72.5911,31.4683],[72.561,31.4548],[72.5317,31.4952],[72.4929,31.5158],[72.4874,31.5356],[72.4589,31.5443],[72.4628,31.5752],[72.4343,31.6068],[72.4391,31.6637],[72.3934,31.6544],[72.3731,31.6602],[72.372,31.6203],[72.3297,31.6076],[72.2903,31.5856],[72.2793,31.5566],[72.2608,31.563],[72.2458,31.5902],[72.284,31.6336],[72.31,31.6556],[72.3042,31.6822],[72.3314,31.6695],[72.3349,31.6851],[72.3592,31.7117],[72.328,31.7389],[72.3002,31.7534],[72.266,31.7633],[72.24,31.7465],[72.217,31.7563],[72.1916,31.7306],[72.1425,31.7415],[72.0974,31.68],[72.0464,31.6368],[72.0318,31.6158],[72.0227,31.5653],[71.9914,31.5302],[71.9813,31.5161],[71.984,31.4897],[72.0086,31.4811],[72.0091,31.406],[72.0204,31.3836],[72.0227,31.3122],[72.0091,31.253],[71.9945,31.2525],[71.9285,31.2648],[71.887,31.2671],[71.852,31.2443],[71.8037,31.2275],[71.7937,31.2061],[71.7905,31.1774],[71.7737,31.1611],[71.7687,31.1405],[71.7974,31.0813],[71.816,31.059],[71.8078,31.0135],[71.7801,30.9826],[71.7828,30.963],[71.826,30.9293],[71.8097,30.9006],[71.8124,30.8847],[71.8297,30.8724],[71.8584,30.8706],[71.8306,30.8369],[71.8074,30.8369],[71.7974,30.7927],[71.7518,30.7841],[71.7359,30.7563],[71.7168,30.7481],[71.6981,30.7217],[71.7018,30.6985],[71.6681,30.6803],[71.6717,30.6416],[71.6587,30.6174],[71.6936,30.5958],[71.7034,30.5808]]]}},{"type":"Feature","properties":{"map_unit_id":"pb_jhelum","name":"Jhelum","province_code":"PB","district_ids":["pb_jhelum"],"in_census_tables":true},"geometry":{"type":"Polygon","coordinates":[[[73.0794,32.5469],[73.1652,32.5712],[73.2101,32.5883],[73.2611,32.5883],[73.3721,32.6284],[73.4341,32.6461],[73.4705,32.6607],[73.5283,32.6907],[73.5688,32.7203],[73.5825,32.7445],[73.5921,32.7461],[73.6203,32.7964],[73.6403,32.8478],[73.6594,32.8706],[73.6986,32.8947],[73.7332,32.922],[73.7905,32.9753],[73.7951,33.0003],[73.7829,33.0189],[73.7461,33.0561],[73.7297,33.064],[73.6534,33.0804],[73.6341,33.0934],[73.624,33.1144],[73.6251,33.1319],[73.6703,33.1522],[73.6703,33.211],[73.6274,33.2415],[73.6247,33.2552],[73.6066,33.2525],[73.5934,33.2325],[73.5579,33.233],[73.5511,33.2043],[73.5292,33.2407],[73.5201,33.2289],[73.4828,33.2289],[73.47,33.2198],[73.4605,33.253],[73.4236,33.2398],[73.4131,33.2006],[73.3744,33.1938],[73.3626,33.1779],[73.3799,33.1615],[73.3935,33.1328],[73.3685,33.1014],[73.3462,33.1082],[73.3189,33.1069],[73.246,33.0895],[73.2051,33.095],[73.194,33.0738],[73.1968,33.0328],[73.2269,33.0067],[73.2073,32.9694],[73.1868,32.9493],[73.1682,32.8988],[73.1559,32.8965],[73.1527,32.8478],[73.1944,32.8467],[73.2072,32.8616],[73.2387,32.8501],[73.2732,32.816],[73.2636,32.7794],[73.2497,32.785],[73.2642,32.7458],[73.2606,32.7349],[73.2209,32.7404],[73.2169,32.7303],[73.1377,32.7235],[73.1249,32.7094],[73.0962,32.703],[73.0876,32.6684],[73.0471,32.6894],[73.0371,32.6894],[73.0248,32.7108],[72.9955,32.6916],[72.9856,32.6675],[72.9391,32.6679],[72.9369,32.6543],[72.8777,32.6534],[72.8686,32.6402],[72.8522,32.6511],[72.8044,32.6652],[72.7694,32.6953],[72.7334,32.6762],[72.7493,32.6265],[72.7416,32.6152],[72.651,32.5916],[72.6474,32.5241],[72.6642,32.4736],[72.6555,32.4508],[72.6633,32.3953],[72.7,32.3958],[72.7109,32.4089],[72.7293,32.4085],[72.7471,32.4249],[72.8035,32.4294],[72.8618,32.4713],[72.8741,32.4877],[72.9489,32.5063],[72.9799,32.5219],[72.997,32.5455],[73.0152,32.5396],[73.0794,32.5469]]]}},{"type":"Feature","properties":{"map_unit_id":"pb_kasur","name":"Kasur","province_code":"PB","district_ids":["pb_kasur"],"in_census_tables":true},"geometry":{"type":"Polygon","coordinates":[[[74.1224,30.6934],[74.1665,30.6491],[74.206,30.6763],[74.232,30.7244],[74.2602,30.7228],[74.2748,30.7368],[74.2738,30.7538],[74.2596,30.771],[74.3023,30.7797],[74.2938,30.7994],[74.3202,30.8278],[74.3205,30.846],[74.382,30.8605],[74.361,30.8738],[74.3659,30.8932],[74.3832,30.8954],[74.397,30.9093],[74.4225,30.9077],[74.4287,30.9312],[74.4193,30.941],[74.4662,30.9568],[74.4547,30.9641],[74.492,30.9746],[74.4982,30.964],[74.5162,30.9795],[74.5438,30.9911],[74.5396,31.009],[74.548,31.0325],[74.5745,31.0568],[74.5968,31.038],[74.6714,31.0536],[74.6963,31.0741],[74.7024,31.0923],[74.6893,31.128],[74.6664,31.1244],[74.6591,31.134],[74.6364,31.1182],[74.631,31.1328],[74.6031,31.1338],[74.6101,31.1117],[74.6007,31.088],[74.5512,31.0868],[74.5485,31.1219],[74.5103,31.132],[74.5152,31.152],[74.5116,31.1824],[74.5191,31.1834],[74.5245,31.2202],[74.5171,31.2268],[74.5328,31.2498],[74.5209,31.272],[74.5375,31.3011],[74.5264,31.3124],[74.5518,31.3539],[74.5265,31.3579],[74.4973,31.3452],[74.4887,31.3634],[74.4715,31.3639],[74.4569,31.3518],[74.4397,31.2897],[74.4164,31.2993],[74.3836,31.2963],[74.3513,31.2816],[74.3276,31.2826],[74.2776,31.2947],[74.2558,31.2715],[74.2261,31.2543],[74.1883,31.2932],[74.1654,31.2821],[74.1599,31.2912],[74.1336,31.2957],[74.12,31.2639],[74.112,31.275],[74.075,31.2735],[74.0488,31.3028],[74.0325,31.3115],[74.0146,31.3018],[73.9938,31.3057],[73.9715,31.2917],[73.945,31.2917],[73.9096,31.2689],[73.9188,31.2472],[73.9024,31.2259],[73.8216,31.2177],[73.7795,31.2095],[73.7447,31.1916],[73.7355,31.1684],[73.7037,31.1689],[73.6891,31.1485],[73.6605,31.1392],[73.6816,31.0886],[73.6657,31.082],[73.6746,31.0537],[73.7156,31.0417],[73.7369,31.0015],[73.7679,30.9868],[73.7648,30.9395],[73.788,30.9248],[73.8221,30.9322],[73.8542,30.8834],[73.8577,30.8594],[73.9211,30.8536],[73.9471,30.8559],[73.9494,30.8389],[73.9769,30.8339],[73.9908,30.818],[74.0148,30.8315],[74.0164,30.8106],[74.0322,30.7994],[74.0702,30.7944],[74.0798,30.7669],[74.0752,30.7553],[74.1189,30.7197],[74.1224,30.6934]]]}},{"type":"Feature","properties":{"map_unit_id":"pb_khanewal","name":"Khanewal","province_code":"PB","district_ids":["pb_khanewal"],"in_census_tables":true},"geometry":{"type":"Polygon","coordinates":[[[71.71,29.9554],[71.7362,29.9495],[71.7502,29.9617],[71.7773,30.0071],[71.7739,30.0226],[71.8145,30.0062],[71.8392,30.0057],[71.8575,30.0308],[71.873,30.0405],[71.8803,30.0236],[71.8987,30.0473],[71.9291,30.0376],[71.9557,30.041],[71.9702,30.0777],[71.9828,30.0724],[71.9997,30.0908],[72.0578,30.07],[72.0882,30.0777],[72.11,30.0637],[72.126,30.0782],[72.1497,30.116],[72.1816,30.1285],[72.1816,30.1522],[72.2101,30.1537],[72.2411,30.1658],[72.2653,30.1822],[72.2735,30.1759],[72.2933,30.1861],[72.2943,30.2001],[72.3298,30.2121],[72.3548,30.2001],[72.3804,30.2054],[72.3994,30.2175],[72.406,30.2688],[72.3959,30.2891],[72.407,30.3177],[72.4264,30.3375],[72.4409,30.3689],[72.4404,30.4323],[72.4471,30.4468],[72.4728,30.469],[72.4873,30.5034],[72.4849,30.5406],[72.5037,30.5479],[72.497,30.5679],[72.4756,30.5936],[72.4488,30.5994],[72.4349,30.5894],[72.4066,30.5839],[72.3783,30.5634],[72.3543,30.577],[72.3209,30.563],[72.3012,30.5483],[72.2601,30.5483],[72.2295,30.5642],[72.2105,30.5619],[72.1974,30.5444],[72.1973,30.5611],[72.1559,30.5746],[72.1854,30.6242],[72.1822,30.6354],[72.2223,30.6903],[72.2375,30.7231],[72.1826,30.7117],[72.1439,30.7254],[72.093,30.7237],[72.0617,30.7307],[72.031,30.6977],[71.9998,30.6959],[71.9998,30.6676],[71.9865,30.6601],[71.9622,30.6745],[71.9269,30.6629],[71.9002,30.682],[71.8742,30.6809],[71.8406,30.6601],[71.8325,30.6479],[71.814,30.6485],[71.7914,30.6311],[71.7828,30.607],[71.77,30.5946],[71.7256,30.5765],[71.7066,30.5404],[71.6748,30.5306],[71.6481,30.5096],[71.6085,30.5009],[71.6051,30.483],[71.5606,30.4452],[71.578,30.4138],[71.5882,30.422],[71.6128,30.4105],[71.6063,30.4038],[71.6259,30.3882],[71.6232,30.3649],[71.6525,30.3553],[71.6631,30.3645],[71.6528,30.3341],[71.6607,30.3195],[71.6936,30.3141],[71.7076,30.3016],[71.7294,30.3161],[71.7463,30.3021],[71.7792,30.3006],[71.7749,30.2635],[71.8203,30.2649],[71.8324,30.2427],[71.814,30.2228],[71.8116,30.203],[71.8,30.2006],[71.785,30.1638],[71.771,30.1575],[71.7502,30.1242],[71.7526,30.1053],[71.7255,30.0681],[71.7202,30.0453],[71.6979,30.0434],[71.6588,30.0158],[71.6215,30.0115],[71.5935,29.9786],[71.5736,29.9883],[71.5654,29.9767],[71.5914,29.9581],[71.6152,29.9699],[71.6162,29.9491],[71.607,29.9331],[71.6249,29.9133],[71.6728,29.9002],[71.6815,29.9027],[71.6767,29.9355],[71.71,29.9554]]]}},{"type":"Feature","properties":{"map_unit_id":"pb_khushab","name":"Khushab","province_code":"PB","district_ids":["pb_khushab"],"in_census_tables":true},"geometry":{"type":"Polygon","coordinates":[[[72.1916,31.7306],[72.217,31.7563],[72.2426,31.8048],[72.2613,31.8075],[72.2686,31.8212],[72.2567,31.8344],[72.2576,31.8544],[72.284,31.848],[72.2881,31.8621],[72.2731,31.8753],[72.2554,31.9168],[72.2695,31.9669],[72.2535,31.9832],[72.2658,32.0064],[72.295,32.0156],[72.3246,32.0455],[72.3266,32.111],[72.3309,32.1367],[72.3259,32.1544],[72.346,32.205],[72.3487,32.2323],[72.3751,32.2555],[72.3929,32.2559],[72.4083,32.2696],[72.458,32.2896],[72.4803,32.3138],[72.5181,32.3329],[72.524,32.3479],[72.569,32.3725],[72.5914,32.3698],[72.6009,32.3798],[72.6524,32.3984],[72.6633,32.3953],[72.6555,32.4508],[72.6642,32.4736],[72.6474,32.5241],[72.651,32.5916],[72.6047,32.5968],[72.5879,32.6067],[72.571,32.6338],[72.5615,32.6616],[72.5393,32.6664],[72.5421,32.6919],[72.5098,32.6685],[72.484,32.6657],[72.4399,32.633],[72.4336,32.617],[72.4183,32.6134],[72.3388,32.6942],[72.2789,32.6901],[72.2523,32.698],[72.1739,32.7032],[72.1512,32.7131],[72.1476,32.6955],[72.1593,32.6746],[72.1578,32.6585],[72.1252,32.6336],[72.0997,32.6277],[72.0434,32.5941],[71.9881,32.5805],[71.982,32.5551],[71.9611,32.5551],[71.9397,32.5347],[71.9299,32.5411],[71.8842,32.5468],[71.8804,32.5338],[71.8355,32.5222],[71.8323,32.5023],[71.8106,32.4807],[71.7909,32.4782],[71.7878,32.4572],[71.8267,32.4257],[71.8421,32.4232],[71.8452,32.4065],[71.836,32.3855],[71.8051,32.3584],[71.7272,32.2743],[71.7316,32.2435],[71.7217,32.2367],[71.7273,32.1868],[71.7553,32.17],[71.7763,32.1446],[71.7611,32.0304],[71.7304,32.0137],[71.7146,31.9829],[71.719,31.9505],[71.6926,31.9163],[71.6883,31.8979],[71.6496,31.882],[71.6259,31.8618],[71.6251,31.8505],[71.6663,31.8338],[71.6891,31.8188],[71.7115,31.8146],[71.7357,31.7661],[71.7444,31.7573],[71.748,31.7169],[71.7734,31.6748],[71.8366,31.637],[71.8637,31.6117],[71.8893,31.608],[71.9201,31.5922],[71.942,31.5545],[71.9613,31.5343],[71.9914,31.5302],[72.0227,31.5653],[72.0318,31.6158],[72.0464,31.6368],[72.0974,31.68],[72.1425,31.7415],[72.1916,31.7306]]]}},{"type":"Feature","properties":{"map_unit_id":"pb_lahore","name":"Lahore","province_code":"PB","district_ids":["pb_lahore"],"in_census_tables":true},"geometry":{"type":"Polygon","coordinates":[[[74.0068,31.3589],[74.0325,31.3115],[74.0488,31.3028],[74.075,31.2735],[74.112,31.275],[74.12,31.2639],[74.1336,31.2957],[74.1599,31.2912],[74.1654,31.2821],[74.1883,31.2932],[74.2261,31.2543],[74.2558,31.2715],[74.2776,31.2947],[74.3276,31.2826],[74.3513,31.2816],[74.3836,31.2963],[74.4164,31.2993],[74.4397,31.2897],[74.4569,31.3518],[74.4715,31.3639],[74.4887,31.3634],[74.4973,31.3452],[74.5265,31.3579],[74.5518,31.3539],[74.5539,31.3665],[74.5845,31.3802],[74.5965,31.4163],[74.6226,31.4301],[74.6435,31.4161],[74.6541,31.4278],[74.6386,31.4441],[74.6532,31.4544],[74.6096,31.4998],[74.5847,31.5001],[74.5842,31.5208],[74.6127,31.5272],[74.6159,31.5575],[74.5921,31.574],[74.5789,31.5997],[74.5554,31.6078],[74.5352,31.6776],[74.502,31.6956],[74.4899,31.7134],[74.4571,31.6907],[74.4383,31.6926],[74.4508,31.6718],[74.4073,31.6404],[74.3686,31.6699],[74.341,31.6462],[74.3159,31.6544],[74.3072,31.667],[74.2801,31.6694],[74.2588,31.6128],[74.2404,31.6114],[74.2492,31.5925],[74.2477,31.5683],[74.2235,31.5509],[74.1834,31.5098],[74.18,31.4672],[74.15,31.4532],[74.1403,31.4266],[74.1282,31.4194],[74.1215,31.4503],[74.1084,31.458],[74.0746,31.4165],[74.0842,31.3957],[74.0731,31.371],[74.0494,31.3647],[74.0237,31.3681],[74.0068,31.3589]]]}},{"type":"Feature","properties":{"map_unit_id":"pb_layyah","name":"Layyah","province_code":"PB","district_ids":["pb_layyah"],"in_census_tables":true},"geometry":{"type":"Polygon","coordinates":[[[70.7936,30.6724],[70.8011,30.6465],[70.8518,30.657],[70.8733,30.6661],[70.9028,30.6616],[70.9597,30.6671],[70.9706,30.6548],[71.0117,30.6534],[71.0389,30.6388],[71.0812,30.6527],[71.1063,30.6457],[71.1448,30.6661],[71.1504,30.6825],[71.1414,30.6982],[71.1641,30.7312],[71.1642,30.7592],[71.2169,30.7658],[71.2633,30.7586],[71.2804,30.7467],[71.2976,30.7475],[71.333,30.7299],[71.4205,30.6441],[71.4514,30.6206],[71.526,30.5837],[71.5734,30.5851],[71.5893,30.5915],[71.598,30.6183],[71.6307,30.6097],[71.6587,30.6174],[71.6717,30.6416],[71.6681,30.6803],[71.7018,30.6985],[71.6981,30.7217],[71.7168,30.7481],[71.7359,30.7563],[71.7518,30.7841],[71.7974,30.7927],[71.8074,30.8369],[71.8306,30.8369],[71.8584,30.8706],[71.8297,30.8724],[71.8124,30.8847],[71.8097,30.9006],[71.826,30.9293],[71.7828,30.963],[71.7801,30.9826],[71.8078,31.0135],[71.816,31.059],[71.7974,31.0813],[71.7687,31.1405],[71.7737,31.1611],[71.7544,31.1771],[71.6903,31.1724],[71.6109,31.2307],[71.5421,31.2395],[71.5053,31.2331],[71.4849,31.1841],[71.4557,31.1508],[71.3455,31.145],[71.3274,31.1374],[71.3105,31.1438],[71.2935,31.1636],[71.2924,31.1881],[71.2819,31.236],[71.2626,31.2272],[71.2457,31.2406],[71.1967,31.3077],[71.1945,31.3446],[71.1804,31.3387],[71.1553,31.3457],[71.1255,31.3375],[71.0911,31.3548],[70.9883,31.3544],[70.9359,31.3469],[70.9243,31.3515],[70.9313,31.3853],[70.9021,31.3795],[70.8869,31.3649],[70.8496,31.3503],[70.8071,31.3604],[70.7863,31.3478],[70.7837,31.31],[70.7674,31.3056],[70.7405,31.271],[70.7662,31.2517],[70.7498,31.1846],[70.7685,31.1508],[70.7644,31.1292],[70.779,31.1135],[70.7761,31.033],[70.7803,30.9952],[70.7714,30.9717],[70.7901,30.9723],[70.7912,30.9389],[70.758,30.9116],[70.7631,30.8947],[70.7877,30.8731],[70.7708,30.841],[70.7411,30.8445],[70.7449,30.8196],[70.7417,30.7751],[70.7873,30.7683],[70.7957,30.7542],[70.7977,30.7028],[70.7936,30.6724]]]}},{"type":"Feature","properties":{"map_unit_id":"pb_lodhran","name":"Lodhran","province_code":"PB","district_ids":["pb_lodhran"],"in_census_tables":true},"geometry":{"type":"Polygon","coordinates":[[[71.3729,29.4524],[71.355,29.4229],[71.3776,29.39],[71.3933,29.4156],[71.4383,29.419],[71.4598,29.3879],[71.4806,29.3722],[71.4806,29.3988],[71.5076,29.4101],[71.5185,29.4462],[71.5447,29.4323],[71.5458,29.4193],[71.5714,29.4268],[71.5935,29.4462],[71.6157,29.4381],[71.6188,29.4636],[71.6597,29.479],[71.6832,29.4701],[71.6996,29.4855],[71.7153,29.4824],[71.7344,29.5001],[71.7351,29.523],[71.7518,29.5274],[71.777,29.5059],[71.8029,29.508],[71.8186,29.5342],[71.8513,29.537],[71.8585,29.5192],[71.8766,29.5151],[71.8803,29.5469],[71.9008,29.5366],[71.9018,29.5018],[71.9127,29.5049],[71.9141,29.5301],[71.9335,29.5148],[71.9431,29.5281],[71.9121,29.5574],[71.9236,29.5663],[71.9496,29.5581],[71.9663,29.5673],[71.9816,29.5475],[72.012,29.5492],[72.0205,29.5748],[72.0348,29.5769],[72.043,29.5571],[72.0693,29.5544],[72.0816,29.5963],[72.0727,29.6072],[72.0998,29.5994],[72.1076,29.6125],[72.0969,29.627],[72.1115,29.6536],[72.0979,29.6695],[72.0844,29.6536],[72.0612,29.6536],[72.0534,29.6695],[72.0699,29.6792],[72.0418,29.6831],[72.036,29.6913],[71.993,29.6995],[71.991,29.7295],[71.977,29.729],[71.9688,29.7455],[71.9349,29.7464],[71.9388,29.7609],[71.963,29.7706],[71.9736,29.7919],[71.9891,29.7958],[71.9659,29.8045],[71.946,29.8301],[71.9301,29.8345],[71.9306,29.848],[71.9078,29.8461],[71.9059,29.862],[71.8875,29.8577],[71.8933,29.8765],[71.9224,29.8673],[71.9204,29.8794],[71.8914,29.8843],[71.8875,29.9031],[71.8967,29.9114],[71.8638,29.9089],[71.8329,29.9181],[71.7985,29.8998],[71.7589,29.9186],[71.7376,29.9365],[71.7362,29.9495],[71.71,29.9554],[71.6767,29.9355],[71.6815,29.9027],[71.6728,29.9002],[71.6249,29.9133],[71.607,29.9331],[71.6162,29.9491],[71.6152,29.9699],[71.5914,29.9581],[71.5678,29.9447],[71.5485,29.9225],[71.5383,29.8906],[71.5524,29.8591],[71.5461,29.8485],[71.5221,29.8721],[71.5137,29.8577],[71.4982,29.8615],[71.4996,29.8233],[71.5103,29.8069],[71.5088,29.7895],[71.4924,29.8021],[71.4682,29.8006],[71.4581,29.8117],[71.436,29.8114],[71.4184,29.7493],[71.4276,29.7372],[71.446,29.7353],[71.4373,29.7058],[71.4247,29.7029],[71.4329,29.6671],[71.4203,29.611],[71.4016,29.6035],[71.4053,29.5941],[71.3845,29.5917],[71.3816,29.5699],[71.3642,29.566],[71.3615,29.5345],[71.387,29.5075],[71.3695,29.494],[71.3928,29.4674],[71.3729,29.4524]]]}},{"type":"Feature","properties":{"map_unit_id":"pb_mandi_bahauddin","name":"Mandi Bahauddin","province_code":"PB","district_ids":["pb_mandi_bahauddin"],"in_census_tables":true},"geometry":{"type":"Polygon","coordinates":[[[73.8797,32.3959],[73.894,32.3979],[73.881,32.4422],[73.8572,32.4694],[73.8219,32.4775],[73.8028,32.4914],[73.7906,32.5111],[73.7953,32.5696],[73.7634,32.5724],[73.7373,32.5883],[73.725,32.6172],[73.6986,32.6257],[73.6789,32.6413],[73.6639,32.6691],[73.6645,32.6882],[73.6297,32.698],[73.6193,32.7171],[73.5956,32.7299],[73.5921,32.7461],[73.5825,32.7445],[73.5688,32.7203],[73.5283,32.6907],[73.4705,32.6607],[73.4341,32.6461],[73.3721,32.6284],[73.2611,32.5883],[73.2101,32.5883],[73.1652,32.5712],[73.1982,32.5615],[73.204,32.5233],[73.1859,32.5093],[73.1519,32.4955],[73.1721,32.4903],[73.16,32.4602],[73.0887,32.4584],[73.0749,32.4522],[73.0744,32.4354],[73.0512,32.4296],[73.0593,32.3989],[73.0819,32.3977],[73.1068,32.348],[73.1027,32.3231],[73.0801,32.3097],[73.0877,32.286],[73.1371,32.2969],[73.136,32.2865],[73.1609,32.2379],[73.1968,32.239],[73.2216,32.2639],[73.2541,32.2055],[73.2604,32.1684],[73.2923,32.147],[73.3102,32.1221],[73.3727,32.1511],[73.3993,32.1725],[73.4393,32.1864],[73.4665,32.2118],[73.4867,32.2408],[73.5099,32.2385],[73.5168,32.2651],[73.5759,32.2969],[73.6181,32.3114],[73.6785,32.3421],[73.7287,32.3542],[73.7414,32.3617],[73.7594,32.3432],[73.7837,32.3739],[73.8097,32.3704],[73.8491,32.3953],[73.8797,32.3959]]]}},{"type":"Feature","properties":{"map_unit_id":"pb_mianwali","name":"Mianwali","province_code":"PB","district_ids":["pb_mianwali"],"in_census_tables":true},"geometry":{"type":"Polygon","coordinates":[[[71.6105,32.1755],[71.7273,32.1868],[71.7217,32.2367],[71.7316,32.2435],[71.7272,32.2743],[71.8051,32.3584],[71.836,32.3855],[71.8452,32.4065],[71.8421,32.4232],[71.8267,32.4257],[71.7878,32.4572],[71.7909,32.4782],[71.8106,32.4807],[71.8323,32.5023],[71.8355,32.5222],[71.8804,32.5338],[71.8842,32.5468],[71.9299,32.5411],[71.941,32.5591],[71.9255,32.5765],[71.9268,32.6079],[71.9107,32.6289],[71.899,32.6611],[71.9144,32.6679],[71.9137,32.6846],[71.8934,32.6994],[71.894,32.7581],[71.9731,32.8038],[71.9676,32.8371],[71.9507,32.8496],[71.9169,32.8588],[71.9107,32.8828],[71.8965,32.8909],[71.8854,32.9323],[71.8854,32.9706],[71.8774,32.9835],[71.8335,32.9996],[71.7872,33.0027],[71.7666,33.0128],[71.7643,33.0194],[71.7143,33.0404],[71.7131,33.0587],[71.6869,33.0621],[71.6716,33.0733],[71.6524,33.074],[71.6027,33.133],[71.5994,33.188],[71.5471,33.2297],[71.5186,33.2178],[71.5252,33.1986],[71.5053,33.1999],[71.4887,33.2151],[71.4549,33.2191],[71.4433,33.2363],[71.4185,33.2277],[71.4079,33.1946],[71.4351,33.1774],[71.4304,33.1687],[71.4483,33.1296],[71.4231,33.0919],[71.4377,33.0707],[71.4589,33.0693],[71.4775,33.0488],[71.4636,33.0395],[71.4516,33.013],[71.4231,33.0037],[71.4159,33.009],[71.3854,32.9984],[71.3781,33.0044],[71.3569,32.9905],[71.337,32.9905],[71.3145,33.015],[71.2356,32.9931],[71.2204,32.9799],[71.1932,32.9766],[71.1707,32.962],[71.1594,32.9381],[71.1415,32.9229],[71.1455,32.8745],[71.1389,32.8672],[71.1336,32.8089],[71.1089,32.8026],[71.1256,32.7632],[71.1243,32.7539],[71.1423,32.7224],[71.1346,32.6934],[71.1521,32.6691],[71.1501,32.6525],[71.1655,32.6089],[71.1622,32.595],[71.1954,32.5784],[71.2417,32.5485],[71.2463,32.536],[71.2308,32.5103],[71.2628,32.4889],[71.2774,32.5121],[71.2979,32.5101],[71.2999,32.5333],[71.3231,32.5313],[71.3509,32.4962],[71.3469,32.4663],[71.3337,32.4279],[71.3443,32.4153],[71.3264,32.4113],[71.3284,32.3888],[71.3423,32.3729],[71.3184,32.363],[71.2833,32.363],[71.2151,32.302],[71.2098,32.2828],[71.1857,32.2663],[71.1647,32.2338],[71.1731,32.1933],[71.2187,32.1708],[71.2355,32.1959],[71.2664,32.1829],[71.3214,32.1669],[71.3409,32.192],[71.3949,32.1909],[71.4492,32.1835],[71.4702,32.1879],[71.4783,32.2008],[71.5024,32.2052],[71.5401,32.2014],[71.6105,32.1755]]]}},{"type":"Feature","properties":{"map_unit_id":"pb_multan","name":"Multan","province_code":"PB","district_ids":["pb_multan"],"in_census_tables":true},"geometry":{"type":"Polygon","coordinates":[[[71.3371,29.4277],[71.355,29.4229],[71.3729,29.4524],[71.3928,29.4674],[71.3695,29.494],[71.387,29.5075],[71.3615,29.5345],[71.3642,29.566],[71.3816,29.5699],[71.3845,29.5917],[71.4053,29.5941],[71.4016,29.6035],[71.4203,29.611],[71.4329,29.6671],[71.4247,29.7029],[71.4373,29.7058],[71.446,29.7353],[71.4276,29.7372],[71.4184,29.7493],[71.436,29.8114],[71.4581,29.8117],[71.4682,29.8006],[71.4924,29.8021],[71.5088,29.7895],[71.5103,29.8069],[71.4996,29.8233],[71.4982,29.8615],[71.5137,29.8577],[71.5221,29.8721],[71.5461,29.8485],[71.5524,29.8591],[71.5383,29.8906],[71.5485,29.9225],[71.5678,29.9447],[71.5914,29.9581],[71.5654,29.9767],[71.5736,29.9883],[71.5935,29.9786],[71.6215,30.0115],[71.6588,30.0158],[71.6979,30.0434],[71.7202,30.0453],[71.7255,30.0681],[71.7526,30.1053],[71.7502,30.1242],[71.771,30.1575],[71.785,30.1638],[71.8,30.2006],[71.8116,30.203],[71.814,30.2228],[71.8324,30.2427],[71.8203,30.2649],[71.7749,30.2635],[71.7792,30.3006],[71.7463,30.3021],[71.7294,30.3161],[71.7076,30.3016],[71.6936,30.3141],[71.6607,30.3195],[71.6528,30.3341],[71.6631,30.3645],[71.6525,30.3553],[71.6232,30.3649],[71.6259,30.3882],[71.6063,30.4038],[71.6128,30.4105],[71.5882,30.422],[71.578,30.4138],[71.5606,30.4452],[71.5287,30.4516],[71.5301,30.4255],[71.5035,30.4366],[71.4634,30.4168],[71.49,30.4042],[71.4886,30.3883],[71.4735,30.3877],[71.4517,30.3621],[71.4121,30.3418],[71.4087,30.3002],[71.3928,30.2732],[71.3652,30.2726],[71.3768,30.2538],[71.3521,30.2272],[71.3178,30.1991],[71.3183,30.188],[71.2989,30.1691],[71.2859,30.1319],[71.2917,30.0734],[71.2662,30.0518],[71.2593,30.0236],[71.2762,30.0033],[71.2361,29.9776],[71.2153,29.9849],[71.1894,29.9245],[71.1761,29.878],[71.1978,29.87],[71.1894,29.839],[71.178,29.8282],[71.1775,29.7971],[71.1669,29.7893],[71.1804,29.7479],[71.1648,29.7341],[71.163,29.7189],[71.1833,29.701],[71.159,29.6828],[71.1272,29.6855],[71.1195,29.6691],[71.0929,29.6686],[71.0781,29.6774],[71.0687,29.657],[71.0532,29.6536],[71.0475,29.6302],[71.0644,29.6088],[71.0258,29.5796],[71.0305,29.5544],[71.0078,29.5462],[71.0242,29.5157],[71.032,29.4509],[71.0479,29.435],[71.065,29.4419],[71.0798,29.4311],[71.1006,29.4321],[71.1079,29.4504],[71.1263,29.4485],[71.1311,29.4722],[71.1393,29.4524],[71.1688,29.4732],[71.2114,29.4829],[71.2332,29.4775],[71.2438,29.4471],[71.2854,29.4461],[71.298,29.4408],[71.3299,29.4625],[71.3384,29.4527],[71.3173,29.4171],[71.3371,29.4277]]]}},{"type":"Feature","properties":{"map_unit_id":"pb_muzaffargarh","name":"Muzaffargarh","province_code":"PB","district_ids":["pb_muzaffargarh"],"in_census_tables":true},"geometry":{"type":"Polygon","coordinates":[[[71.0607,29.4273],[71.065,29.4419],[71.0479,29.435],[71.032,29.4509],[71.0242,29.5157],[71.0078,29.5462],[71.0305,29.5544],[71.0258,29.5796],[71.0644,29.6088],[71.0475,29.6302],[71.0532,29.6536],[71.0687,29.657],[71.0781,29.6774],[71.0929,29.6686],[71.1195,29.6691],[71.1272,29.6855],[71.159,29.6828],[71.1833,29.701],[71.163,29.7189],[71.1648,29.7341],[71.1804,29.7479],[71.1669,29.7893],[71.1775,29.7971],[71.178,29.8282],[71.1894,29.839],[71.1978,29.87],[71.1761,29.878],[71.1894,29.9245],[71.2153,29.9849],[71.2361,29.9776],[71.2762,30.0033],[71.2593,30.0236],[71.2662,30.0518],[71.2917,30.0734],[71.2859,30.1319],[71.2989,30.1691],[71.3183,30.188],[71.3178,30.1991],[71.3521,30.2272],[71.3768,30.2538],[71.3652,30.2726],[71.3928,30.2732],[71.4087,30.3002],[71.4121,30.3418],[71.4517,30.3621],[71.4735,30.3877],[71.4886,30.3883],[71.49,30.4042],[71.4634,30.4168],[71.5035,30.4366],[71.5301,30.4255],[71.5287,30.4516],[71.5606,30.4452],[71.6051,30.483],[71.6085,30.5009],[71.6481,30.5096],[71.6748,30.5306],[71.7066,30.5404],[71.7256,30.5765],[71.7034,30.5808],[71.6936,30.5958],[71.6587,30.6174],[71.6307,30.6097],[71.598,30.6183],[71.5893,30.5915],[71.5734,30.5851],[71.526,30.5837],[71.4514,30.6206],[71.4205,30.6441],[71.333,30.7299],[71.2976,30.7475],[71.2804,30.7467],[71.2633,30.7586],[71.2169,30.7658],[71.1642,30.7592],[71.1641,30.7312],[71.1414,30.6982],[71.1504,30.6825],[71.1448,30.6661],[71.1063,30.6457],[71.0812,30.6527],[71.0389,30.6388],[71.0117,30.6534],[70.9706,30.6548],[70.9597,30.6671],[70.9028,30.6616],[70.8733,30.6661],[70.8518,30.657],[70.8011,30.6465],[70.7962,30.6252],[70.8158,30.6092],[70.804,30.5856],[70.8176,30.5765],[70.7939,30.5514],[70.8058,30.5109],[70.793,30.4918],[70.7939,30.4699],[70.8081,30.4508],[70.8249,30.4462],[70.8254,30.4185],[70.8363,30.3834],[70.8249,30.362],[70.824,30.3156],[70.829,30.2705],[70.8044,30.2514],[70.8053,30.2377],[70.8417,30.1981],[70.8477,30.128],[70.889,30.0517],[70.8741,30.0492],[70.8695,30.0054],[70.8804,29.9659],[70.865,29.9641],[70.8864,29.9363],[70.8518,29.9313],[70.8331,29.9095],[70.8581,29.8876],[70.8408,29.8325],[70.8254,29.8212],[70.7807,29.7678],[70.7525,29.7269],[70.7275,29.7078],[70.7361,29.6777],[70.7255,29.6691],[70.7097,29.6513],[70.7156,29.6249],[70.7084,29.6213],[70.7093,29.5912],[70.6865,29.5576],[70.7106,29.5302],[70.7093,29.5152],[70.6929,29.4893],[70.6492,29.4874],[70.6383,29.4648],[70.6373,29.411],[70.6096,29.4123],[70.6091,29.3964],[70.6259,29.3868],[70.6276,29.3723],[70.6108,29.3509],[70.6228,29.3035],[70.5777,29.258],[70.5754,29.2366],[70.559,29.2193],[70.5781,29.1883],[70.5709,29.1742],[70.5754,29.1173],[70.5572,29.1123],[70.5385,29.0165],[70.5588,29.0321],[70.6,29.045],[70.612,29.0553],[70.6203,29.0857],[70.6678,29.093],[70.6824,29.1068],[70.6901,29.1359],[70.7133,29.1651],[70.7433,29.16],[70.757,29.1806],[70.786,29.2525],[70.8248,29.2381],[70.8437,29.2406],[70.8428,29.2664],[70.8565,29.2698],[70.911,29.245],[70.9186,29.2545],[70.9092,29.2847],[70.953,29.2756],[70.9522,29.299],[70.9164,29.3213],[70.9247,29.3442],[70.9514,29.3477],[70.9705,29.3637],[70.9865,29.3595],[70.999,29.3712],[71.0244,29.3735],[71.0427,29.3852],[71.0384,29.4152],[71.0607,29.4273]]]}},{"type":"Feature","properties":{"map_unit_id":"pb_nankana_sahib","name":"Nankana Sahib","province_code":"PB","district_ids":["pb_nankana_sahib"],"in_census_tables":true},"geometry":{"type":"Polygon","coordinates":[[[74.0068,31.3589],[74.0237,31.3681],[74.0382,31.4015],[74.0216,31.4119],[74.0351,31.4233],[74.0237,31.4514],[73.9988,31.4524],[73.9946,31.4669],[73.9479,31.4732],[73.95,31.495],[73.9728,31.5178],[73.9853,31.5209],[73.9978,31.5407],[73.9932,31.5603],[73.9516,31.5527],[73.9288,31.596],[73.9139,31.5918],[73.898,31.5694],[73.8836,31.5736],[73.8328,31.5666],[73.7937,31.5848],[73.7732,31.5862],[73.7271,31.5601],[73.7271,31.5522],[73.7569,31.5387],[73.7504,31.5298],[73.721,31.534],[73.6796,31.5187],[73.6618,31.4956],[73.6385,31.5175],[73.6288,31.5368],[73.6261,31.5673],[73.6545,31.5999],[73.6447,31.615],[73.6148,31.6397],[73.6297,31.6606],[73.5908,31.6677],[73.5711,31.6325],[73.5372,31.6378],[73.5369,31.6479],[73.568,31.6646],[73.5729,31.6994],[73.5513,31.7087],[73.5411,31.6877],[73.5284,31.6821],[73.4921,31.7129],[73.4983,31.7245],[73.4852,31.7608],[73.4735,31.7732],[73.4714,31.7978],[73.4935,31.8236],[73.4625,31.8391],[73.4494,31.8056],[73.4199,31.8067],[73.4046,31.8231],[73.3963,31.8023],[73.3591,31.7918],[73.3362,31.7932],[73.3264,31.7692],[73.2968,31.7646],[73.2899,31.7428],[73.323,31.7222],[73.3709,31.72],[73.3777,31.6994],[73.3715,31.6749],[73.392,31.6549],[73.4467,31.631],[73.4604,31.6173],[73.4536,31.5677],[73.4906,31.5335],[73.4872,31.4936],[73.4662,31.4725],[73.5021,31.4417],[73.5152,31.4246],[73.5505,31.4269],[73.5779,31.4491],[73.6013,31.4411],[73.6264,31.4531],[73.6538,31.4571],[73.6755,31.4463],[73.6703,31.4343],[73.684,31.383],[73.6623,31.3516],[73.6703,31.3219],[73.6521,31.2974],[73.6532,31.2803],[73.6155,31.2615],[73.5739,31.2267],[73.5489,31.1977],[73.5129,31.1845],[73.5,31.1901],[73.4753,31.1845],[73.4394,31.1418],[73.4428,31.1144],[73.4085,31.0882],[73.395,31.0567],[73.3977,31.021],[73.4362,31.0441],[73.4386,31.0586],[73.4632,31.0847],[73.5164,31.0895],[73.5474,31.1016],[73.5808,31.1021],[73.604,31.0885],[73.6136,31.0943],[73.6238,31.1268],[73.6605,31.1392],[73.6891,31.1485],[73.7037,31.1689],[73.7355,31.1684],[73.7447,31.1916],[73.7795,31.2095],[73.8216,31.2177],[73.9024,31.2259],[73.9188,31.2472],[73.9096,31.2689],[73.945,31.2917],[73.9715,31.2917],[73.9938,31.3057],[74.0146,31.3018],[74.0325,31.3115],[74.0068,31.3589]]]}},{"type":"Feature","properties":{"map_unit_id":"pb_narowal","name":"Narowal","province_code":"PB","district_ids":["pb_narowal"],"in_census_tables":true},"geometry":{"type":"Polygon","coordinates":[[[74.6753,31.9468],[74.6915,31.9267],[74.719,31.9239],[74.7226,31.9429],[74.7564,31.9437],[74.7817,31.9559],[74.8186,31.9589],[74.8312,31.9808],[74.8287,31.9984],[74.8798,32.032],[74.8794,32.0538],[74.9047,32.0504],[74.9256,32.0666],[74.9934,32.0485],[75.0124,32.0358],[75.0325,32.0512],[75.0409,32.0428],[75.0913,32.0738],[75.1018,32.0592],[75.1237,32.0814],[75.1576,32.0818],[75.1744,32.0674],[75.1984,32.0827],[75.2025,32.1201],[75.2178,32.1197],[75.2225,32.0993],[75.2404,32.091],[75.2794,32.1179],[75.2853,32.1516],[75.2994,32.1534],[75.3211,32.1796],[75.3103,32.1946],[75.3313,32.2196],[75.3655,32.2197],[75.3751,32.229],[75.3727,32.2787],[75.3439,32.2789],[75.3499,32.2886],[75.3237,32.3021],[75.3364,32.3167],[75.3219,32.3435],[75.2988,32.3464],[75.2899,32.37],[75.2628,32.372],[75.247,32.3876],[75.2131,32.4027],[75.1928,32.401],[75.2008,32.421],[75.1909,32.4264],[75.1437,32.4147],[75.109,32.4603],[75.1088,32.4745],[75.0943,32.4724],[75.0235,32.4964],[75.0199,32.4683],[74.9837,32.4539],[74.9832,32.4471],[74.9451,32.451],[74.9319,32.4157],[74.8985,32.3854],[74.8781,32.3829],[74.8657,32.3589],[74.8642,32.3316],[74.853,32.3054],[74.8257,32.3068],[74.8096,32.2861],[74.7783,32.2948],[74.7701,32.2857],[74.766,32.2559],[74.7547,32.2544],[74.7416,32.2176],[74.7591,32.1947],[74.7572,32.1656],[74.7339,32.1485],[74.6793,32.1346],[74.6302,32.0957],[74.6215,32.0655],[74.5838,32.061],[74.5912,32.0593],[74.5974,32.0295],[74.62,32.0083],[74.6397,31.9774],[74.6753,31.9468]]]}},{"type":"Feature","properties":{"map_unit_id":"pb_okara","name":"Okara","province_code":"PB","district_ids":["pb_okara"],"in_census_tables":true},"geometry":{"type":"Polygon","coordinates":[[[74.1486,30.6313],[74.1665,30.6491],[74.1224,30.6934],[74.1189,30.7197],[74.0752,30.7553],[74.0798,30.7669],[74.0702,30.7944],[74.0322,30.7994],[74.0164,30.8106],[74.0148,30.8315],[73.9908,30.818],[73.9769,30.8339],[73.9494,30.8389],[73.9471,30.8559],[73.9211,30.8536],[73.8577,30.8594],[73.8542,30.8834],[73.8221,30.9322],[73.788,30.9248],[73.7648,30.9395],[73.7679,30.9868],[73.7369,31.0015],[73.7156,31.0417],[73.6746,31.0537],[73.6657,31.082],[73.6816,31.0886],[73.6605,31.1392],[73.6238,31.1268],[73.6136,31.0943],[73.604,31.0885],[73.5808,31.1021],[73.5474,31.1016],[73.5164,31.0895],[73.4632,31.0847],[73.4386,31.0586],[73.4362,31.0441],[73.3977,31.021],[73.4033,30.9991],[73.3723,30.9991],[73.3457,30.9826],[73.3244,30.986],[73.294,30.9657],[73.2906,30.9526],[73.2693,30.9351],[73.2751,30.882],[73.2993,30.8844],[73.2872,30.8622],[73.308,30.8516],[73.2838,30.839],[73.2911,30.8143],[73.2795,30.8095],[73.2886,30.7829],[73.309,30.7732],[73.3409,30.7863],[73.3699,30.764],[73.3709,30.7123],[73.3476,30.6866],[73.3771,30.6325],[73.3742,30.6088],[73.3472,30.5914],[73.3626,30.5764],[73.2959,30.5493],[73.3032,30.5367],[73.2847,30.5315],[73.3026,30.5156],[73.3147,30.5283],[73.3284,30.5198],[73.3347,30.4951],[73.3453,30.5209],[73.3959,30.5077],[73.3959,30.5262],[73.4117,30.5267],[73.4223,30.5652],[73.4513,30.5959],[73.4819,30.6079],[73.4903,30.5879],[73.4745,30.5685],[73.4729,30.5441],[73.5235,30.5135],[73.5657,30.5177],[73.5858,30.5103],[73.5958,30.4945],[73.6332,30.4929],[73.6222,30.4856],[73.639,30.474],[73.6295,30.4344],[73.6063,30.4297],[73.5852,30.3959],[73.6095,30.4059],[73.6343,30.4029],[73.6464,30.3653],[73.6295,30.3595],[73.6306,30.2777],[73.6426,30.2551],[73.6631,30.2769],[73.6875,30.2677],[73.7201,30.2725],[73.747,30.2684],[73.7691,30.2794],[73.7802,30.2968],[73.777,30.3133],[73.8083,30.3237],[73.8365,30.3158],[73.8545,30.2981],[73.9095,30.3411],[73.868,30.3658],[73.8678,30.3836],[73.8998,30.3966],[73.9165,30.4258],[73.9378,30.425],[73.929,30.4632],[73.9342,30.4904],[73.9484,30.4834],[73.946,30.4647],[73.9631,30.4564],[73.9632,30.4844],[73.9925,30.5142],[74.0195,30.5137],[74.0116,30.5339],[74.0295,30.5262],[74.0392,30.5431],[74.0569,30.5183],[74.0718,30.5227],[74.0908,30.5494],[74.0734,30.5545],[74.102,30.5794],[74.0953,30.6011],[74.105,30.6191],[74.1177,30.608],[74.1274,30.6349],[74.1486,30.6313]]]}},{"type":"Feature","properties":{"map_unit_id":"pb_pakpattan","name":"Pakpattan","province_code":"PB","district_ids":["pb_pakpattan"],"in_census_tables":true},"geometry":{"type":"Polygon","coordinates":[[[72.9303,30.0303],[72.9616,30.0325],[72.9541,30.0805],[73.0381,30.1081],[73.0645,30.1361],[73.1011,30.1173],[73.1452,30.1236],[73.1539,30.0643],[73.1936,30.0579],[73.1991,30.071],[73.2193,30.0624],[73.2339,30.0869],[73.2541,30.0896],[73.281,30.1092],[73.2896,30.1004],[73.3107,30.1127],[73.3637,30.0969],[73.3797,30.0688],[73.3867,30.0859],[73.3775,30.1169],[73.3813,30.1523],[73.4141,30.1473],[73.4121,30.1675],[73.4249,30.1719],[73.4471,30.1571],[73.4591,30.1593],[73.4611,30.1897],[73.4535,30.2065],[73.4637,30.2245],[73.4809,30.2048],[73.5401,30.2623],[73.5689,30.2519],[73.5885,30.2712],[73.6002,30.2636],[73.6306,30.2777],[73.6295,30.3595],[73.6464,30.3653],[73.6343,30.4029],[73.6095,30.4059],[73.5852,30.3959],[73.6063,30.4297],[73.6295,30.4344],[73.639,30.474],[73.6222,30.4856],[73.6332,30.4929],[73.5958,30.4945],[73.5858,30.5103],[73.5657,30.5177],[73.5235,30.5135],[73.4729,30.5441],[73.4745,30.5685],[73.4903,30.5879],[73.4819,30.6079],[73.4513,30.5959],[73.4223,30.5652],[73.4117,30.5267],[73.3959,30.5262],[73.3959,30.5077],[73.3453,30.5209],[73.3347,30.4951],[73.3284,30.5198],[73.3147,30.5283],[73.3026,30.5156],[73.2847,30.5315],[73.2306,30.5353],[73.2137,30.5169],[73.189,30.5217],[73.1993,30.4903],[73.1437,30.4797],[73.1324,30.4845],[73.1078,30.4516],[73.1029,30.4675],[73.0903,30.4656],[73.0923,30.4453],[73.0807,30.4584],[73.0763,30.4264],[73.056,30.4066],[73.0145,30.4177],[73.0028,30.4008],[73.0014,30.4182],[72.9898,30.4182],[72.9665,30.4482],[72.9515,30.4105],[72.9485,30.4327],[72.9357,30.4231],[72.9041,30.4226],[72.9037,30.3911],[72.891,30.4096],[72.8709,30.3941],[72.8577,30.4047],[72.8311,30.3951],[72.8473,30.3702],[72.8437,30.3375],[72.8529,30.3123],[72.9317,30.3071],[72.9425,30.2925],[72.9927,30.2963],[72.9933,30.2829],[72.9714,30.2673],[72.9545,30.2451],[72.9599,30.1861],[72.9472,30.1788],[72.9462,30.0991],[72.9327,30.0845],[72.9424,30.0521],[72.9303,30.0303]]]}},{"type":"Feature","properties":{"map_unit_id":"pb_rahim_yar_khan","name":"Rahim Yar Khan","province_code":"PB","district_ids":["pb_rahim_yar_khan"],"in_census_tables":true},"geometry":{"type":"MultiPolygon","coordinates":[[[[69.4657,28.2174],[69.4776,28.205],[69.4887,28.2037],[69.5208,28.1778],[69.5248,28.1378],[69.5513,28.13],[69.5606,28.1441],[69.5605,28.17],[69.5783,28.2009],[69.5258,28.2217],[69.515,28.2425],[69.4755,28.2682],[69.476,28.2317],[69.4657,28.2174]]],[[[70.1456,27.8779],[70.1772,27.8464],[70.2236,27.8979],[70.2985,27.9354],[70.3731,28.0105],[70.4376,28.0189],[70.5028,28.0358],[70.5421,28.0277],[70.588,28.0094],[70.5938,27.9971],[70.6764,27.9219],[70.6775,27.8671],[70.6827,27.8284],[70.733,27.7574],[70.7376,27.741],[70.7589,27.719],[70.8727,27.7042],[70.9052,27.7071],[70.9494,27.7273],[70.9636,27.7282],[70.9992,27.7479],[71.0719,27.7775],[71.1085,27.7954],[71.0934,27.8618],[71.0882,27.9142],[71.0719,27.9493],[71.0582,28.0223],[71.0342,28.0892],[71.0342,28.1141],[71.0041,28.1587],[70.9792,28.211],[70.9664,28.2728],[70.9715,28.3517],[70.9552,28.4478],[70.9423,28.5474],[70.9664,28.6272],[70.9818,28.6941],[70.9973,28.7275],[71.0402,28.8056],[71.0556,28.8537],[71.0608,28.8983],[71.041,28.9232],[71.0539,28.9352],[71.0616,28.9832],[71.0359,29.0047],[71.0573,29.0218],[71.0565,29.0476],[71.0874,29.0707],[71.0771,29.1231],[71.0813,29.1445],[71.0608,29.1565],[71.0161,29.1282],[70.9947,29.0767],[70.9741,29.0888],[70.9321,29.1394],[70.9295,29.1565],[70.9089,29.1883],[70.8849,29.184],[70.9123,29.2217],[70.911,29.245],[70.8565,29.2698],[70.8428,29.2664],[70.8437,29.2406],[70.8248,29.2381],[70.786,29.2525],[70.757,29.1806],[70.7433,29.16],[70.7133,29.1651],[70.6901,29.1359],[70.6824,29.1068],[70.6678,29.093],[70.6203,29.0857],[70.612,29.0553],[70.6,29.045],[70.5588,29.0321],[70.5385,29.0165],[70.5304,29.004],[70.4799,28.994],[70.4871,28.957],[70.4702,28.9566],[70.4502,28.9397],[70.4325,28.9384],[70.3942,28.9489],[70.3505,28.937],[70.3409,28.9238],[70.4015,28.8746],[70.4065,28.8455],[70.3856,28.7982],[70.3737,28.7909],[70.3456,28.8228],[70.3282,28.8287],[70.2859,28.8196],[70.2827,28.8068],[70.3145,28.7658],[70.3013,28.7558],[70.2645,28.7586],[70.2513,28.754],[70.2353,28.7695],[70.2208,28.7508],[70.198,28.744],[70.2226,28.724],[70.2285,28.7035],[70.2139,28.6771],[70.1989,28.6725],[70.1534,28.673],[70.1124,28.6675],[70.0773,28.6399],[70.0764,28.6238],[70.117,28.6029],[70.0773,28.5705],[70.0523,28.5291],[70.0405,28.5282],[70.0104,28.5455],[69.994,28.5182],[69.9644,28.5031],[69.9626,28.4599],[69.9394,28.4421],[69.893,28.4303],[69.8666,28.4576],[69.8479,28.4535],[69.8584,28.4335],[69.8347,28.4298],[69.8033,28.3966],[69.7508,28.4051],[69.7999,28.3657],[69.8115,28.3614],[69.8121,28.3225],[69.8146,28.275],[69.8305,28.2713],[69.8281,28.2456],[69.8557,28.1947],[69.8373,28.1819],[69.8422,28.1402],[69.882,28.0758],[69.9053,28.0458],[69.9629,27.9876],[69.9942,27.9398],[70.0285,27.9343],[70.0561,27.9042],[70.0745,27.895],[70.1456,27.8779]]],[[[69.5926,28.2882],[69.5941,28.2564],[69.6038,28.2318],[69.6422,28.2302],[69.6626,28.2381],[69.669,28.2523],[69.6933,28.2639],[69.7253,28.2418],[69.7419,28.2534],[69.7476,28.3139],[69.7379,28.3144],[69.7127,28.2934],[69.6948,28.3005],[69.6686,28.3355],[69.6373,28.3539],[69.5823,28.3555],[69.5566,28.3991],[69.532,28.3894],[69.5582,28.3493],[69.5926,28.2882]]]]}},{"type":"Feature","properties":{"map_unit_id":"pb_rajanpur","name":"Rajanpur","province_code":"PB","district_ids":["pb_rajanpur"],"in_census_tables":true},"geometry":{"type":"Polygon","coordinates":[[[69.7253,28.427],[69.7508,28.4051],[69.8033,28.3966],[69.8347,28.4298],[69.8584,28.4335],[69.8479,28.4535],[69.8666,28.4576],[69.893,28.4303],[69.9394,28.4421],[69.9626,28.4599],[69.9644,28.5031],[69.994,28.5182],[70.0104,28.5455],[70.0405,28.5282],[70.0523,28.5291],[70.0773,28.5705],[70.117,28.6029],[70.0764,28.6238],[70.0773,28.6399],[70.1124,28.6675],[70.1534,28.673],[70.1989,28.6725],[70.2139,28.6771],[70.2285,28.7035],[70.2226,28.724],[70.198,28.744],[70.2208,28.7508],[70.2353,28.7695],[70.2513,28.754],[70.2645,28.7586],[70.3013,28.7558],[70.3145,28.7658],[70.2827,28.8068],[70.2859,28.8196],[70.3282,28.8287],[70.3456,28.8228],[70.3737,28.7909],[70.3856,28.7982],[70.4065,28.8455],[70.4015,28.8746],[70.3409,28.9238],[70.3505,28.937],[70.3942,28.9489],[70.4325,28.9384],[70.4502,28.9397],[70.4702,28.9566],[70.4871,28.957],[70.4799,28.994],[70.5304,29.004],[70.5385,29.0165],[70.5572,29.1123],[70.5754,29.1173],[70.5709,29.1742],[70.5781,29.1883],[70.559,29.2193],[70.5754,29.2366],[70.5777,29.258],[70.6228,29.3035],[70.6108,29.3509],[70.6276,29.3723],[70.6259,29.3868],[70.6091,29.3964],[70.6096,29.4123],[70.6373,29.411],[70.6383,29.4648],[70.6492,29.4874],[70.6929,29.4893],[70.7093,29.5152],[70.7106,29.5302],[70.6865,29.5576],[70.7093,29.5912],[70.7084,29.6213],[70.7156,29.6249],[70.7097,29.6513],[70.7255,29.6691],[70.7069,29.705],[70.7042,29.7337],[70.685,29.7488],[70.696,29.7611],[70.6864,29.7857],[70.633,29.8117],[70.6098,29.8021],[70.5814,29.7778],[70.5793,29.7358],[70.5496,29.6804],[70.5305,29.6612],[70.4935,29.6366],[70.4265,29.6188],[70.4197,29.6503],[70.391,29.6694],[70.4019,29.6804],[70.3924,29.7022],[70.3691,29.7214],[70.3389,29.7348],[70.2364,29.7365],[70.1845,29.7419],[70.1516,29.7542],[70.1147,29.7843],[70.0969,29.8117],[70.0313,29.8336],[70.008,29.8336],[69.9355,29.8513],[69.9109,29.8623],[69.8788,29.8953],[69.833,29.8513],[69.8036,29.7857],[69.7895,29.7655],[69.7509,29.7385],[69.738,29.7202],[69.7049,29.7091],[69.6514,29.6846],[69.632,29.6657],[69.6228,29.6393],[69.5928,29.6276],[69.6062,29.6],[69.6007,29.5259],[69.596,29.5065],[69.5738,29.4781],[69.5639,29.4517],[69.567,29.4076],[69.5817,29.4033],[69.6124,29.4229],[69.6295,29.4162],[69.646,29.3976],[69.67,29.3653],[69.6651,29.3524],[69.6369,29.3255],[69.6363,29.312],[69.6633,29.3083],[69.6804,29.2881],[69.6841,29.2581],[69.7,29.2599],[69.746,29.2979],[69.7648,29.2936],[69.7626,29.2789],[69.7387,29.2243],[69.7491,29.1876],[69.6976,29.0883],[69.6528,29.0711],[69.6142,29.0276],[69.5909,28.9951],[69.5774,28.959],[69.5554,28.9547],[69.5407,28.932],[69.4935,28.8995],[69.4812,28.8505],[69.5229,28.8321],[69.5388,28.7929],[69.518,28.7512],[69.4806,28.6979],[69.4162,28.5974],[69.3494,28.5704],[69.3188,28.552],[69.3323,28.5263],[69.3608,28.4512],[69.3911,28.4478],[69.4187,28.4534],[69.4242,28.4687],[69.4763,28.4877],[69.6019,28.4748],[69.6167,28.4699],[69.597,28.4478],[69.6222,28.4331],[69.6553,28.4331],[69.7253,28.427]]]}},{"type":"Feature","properties":{"map_unit_id":"pb_rawalpindi","name":"Rawalpindi","province_code":"PB","district_ids":["pb_rawalpindi"],"in_census_tables":true},"geometry":{"type":"Polygon","coordinates":[[[73.6066,33.2525],[73.6247,33.2552],[73.6183,33.289],[73.6037,33.3191],[73.6083,33.3349],[73.5888,33.3418],[73.576,33.3774],[73.5827,33.4026],[73.6019,33.4349],[73.6302,33.4563],[73.6115,33.4919],[73.6121,33.5083],[73.6336,33.5264],[73.6257,33.5451],[73.6285,33.5677],[73.6019,33.6061],[73.572,33.6304],[73.577,33.6666],[73.5957,33.6807],[73.6008,33.6988],[73.5985,33.7395],[73.5669,33.7977],[73.5923,33.8627],[73.5946,33.8916],[73.5884,33.9074],[73.5691,33.9204],[73.5437,33.9543],[73.5347,33.9882],[73.511,34.0187],[73.5098,34.0186],[73.5014,34.018],[73.4866,34.0169],[73.4356,33.9679],[73.421,33.9632],[73.4077,33.9758],[73.3885,33.9652],[73.3832,33.942],[73.3501,33.9208],[73.3256,33.8665],[73.3044,33.8466],[73.2686,33.8367],[73.2606,33.8486],[73.2414,33.8254],[73.2198,33.8176],[73.1838,33.8088],[73.2268,33.7963],[73.2641,33.7738],[73.2987,33.7302],[73.3302,33.7085],[73.3459,33.6835],[73.3711,33.6814],[73.3397,33.6328],[73.313,33.6332],[73.2933,33.6244],[73.2798,33.569],[73.27,33.5467],[73.2327,33.5065],[73.1911,33.4824],[73.1278,33.4565],[73.1093,33.4878],[73.1016,33.5139],[73.1638,33.5413],[73.1704,33.5521],[73.0854,33.6656],[73.0255,33.6303],[73.0001,33.621],[72.9881,33.634],[72.9753,33.6273],[72.9837,33.6137],[72.9095,33.577],[72.851,33.6651],[72.8249,33.6939],[72.8606,33.7218],[72.8929,33.7227],[72.9246,33.7365],[72.9227,33.7466],[72.8597,33.7664],[72.8293,33.7678],[72.8248,33.8002],[72.8125,33.8015],[72.7961,33.8305],[72.767,33.8607],[72.7373,33.8624],[72.697,33.8014],[72.6998,33.7829],[72.7295,33.7359],[72.7485,33.7185],[72.7485,33.7056],[72.7306,33.6838],[72.7435,33.6703],[72.7497,33.6379],[72.8101,33.6356],[72.8062,33.6149],[72.8241,33.5998],[72.8236,33.5662],[72.8488,33.5578],[72.8577,33.5298],[72.8936,33.5236],[72.9316,33.4878],[72.879,33.4805],[72.8611,33.4721],[72.8247,33.4671],[72.7782,33.4464],[72.7704,33.3982],[72.739,33.3904],[72.7205,33.3669],[72.6948,33.3215],[72.6785,33.3047],[72.6942,33.2778],[72.6645,33.2756],[72.6444,33.2459],[72.6298,33.1992],[72.6625,33.2109],[72.7058,33.2132],[72.7236,33.196],[72.7916,33.172],[72.8107,33.1566],[72.8326,33.1674],[72.8522,33.1608],[72.9263,33.1683],[72.9443,33.1177],[73.0135,33.1091],[73.0283,33.0694],[73.061,33.0731],[73.0925,33.1071],[73.1055,33.1017],[73.1062,33.0819],[73.1215,33.0768],[73.1333,33.096],[73.2046,33.0954],[73.2051,33.095],[73.246,33.0895],[73.3189,33.1069],[73.3462,33.1082],[73.3685,33.1014],[73.3935,33.1328],[73.3799,33.1615],[73.3626,33.1779],[73.3744,33.1938],[73.4131,33.2006],[73.4236,33.2398],[73.4605,33.253],[73.47,33.2198],[73.4828,33.2289],[73.5201,33.2289],[73.5292,33.2407],[73.5511,33.2043],[73.5579,33.233],[73.5934,33.2325],[73.6066,33.2525]]]}},{"type":"Feature","properties":{"map_unit_id":"pb_sahiwal","name":"Sahiwal","province_code":"PB","district_ids":["pb_sahiwal"],"in_census_tables":true},"geometry":{"type":"Polygon","coordinates":[[[72.8077,30.3633],[72.8473,30.3702],[72.8311,30.3951],[72.8577,30.4047],[72.8709,30.3941],[72.891,30.4096],[72.9037,30.3911],[72.9041,30.4226],[72.9357,30.4231],[72.9485,30.4327],[72.9515,30.4105],[72.9665,30.4482],[72.9898,30.4182],[73.0014,30.4182],[73.0028,30.4008],[73.0145,30.4177],[73.056,30.4066],[73.0763,30.4264],[73.0807,30.4584],[73.0923,30.4453],[73.0903,30.4656],[73.1029,30.4675],[73.1078,30.4516],[73.1324,30.4845],[73.1437,30.4797],[73.1993,30.4903],[73.189,30.5217],[73.2137,30.5169],[73.2306,30.5353],[73.2847,30.5315],[73.3032,30.5367],[73.2959,30.5493],[73.3626,30.5764],[73.3472,30.5914],[73.3742,30.6088],[73.3771,30.6325],[73.3476,30.6866],[73.3709,30.7123],[73.3699,30.764],[73.3409,30.7863],[73.309,30.7732],[73.2886,30.7829],[73.2795,30.8095],[73.2911,30.8143],[73.2838,30.839],[73.308,30.8516],[73.2872,30.8622],[73.2993,30.8844],[73.2751,30.882],[73.2693,30.9351],[73.2427,30.9304],[73.2272,30.9096],[73.1938,30.9222],[73.1963,30.9014],[73.1789,30.899],[73.176,30.8844],[73.1871,30.8656],[73.174,30.8371],[73.1581,30.867],[73.1315,30.8632],[73.1411,30.8312],[73.1155,30.8075],[73.101,30.8129],[73.087,30.7945],[73.0623,30.8071],[73.0468,30.7993],[73.0425,30.778],[72.9946,30.7742],[72.9927,30.7616],[72.9777,30.7693],[72.9477,30.7573],[72.9428,30.7394],[72.9216,30.7311],[72.9399,30.7186],[72.9201,30.6774],[72.9003,30.675],[72.8664,30.6924],[72.8418,30.6779],[72.8253,30.6934],[72.8147,30.6828],[72.7887,30.678],[72.7721,30.6833],[72.7586,30.6745],[72.7658,30.661],[72.7881,30.661],[72.775,30.6431],[72.7842,30.6305],[72.7663,30.6257],[72.7624,30.6001],[72.7305,30.5967],[72.7387,30.5817],[72.6662,30.5744],[72.6647,30.5909],[72.6502,30.571],[72.6184,30.576],[72.6077,30.5904],[72.6004,30.5759],[72.5874,30.6039],[72.5719,30.6146],[72.5173,30.5973],[72.5269,30.5817],[72.4993,30.5783],[72.497,30.5679],[72.5037,30.5479],[72.4849,30.5406],[72.4873,30.5034],[72.4728,30.469],[72.4471,30.4468],[72.4404,30.4323],[72.4409,30.3689],[72.4264,30.3375],[72.407,30.3177],[72.3959,30.2891],[72.406,30.2688],[72.3994,30.2175],[72.4128,30.2067],[72.4018,30.1831],[72.4477,30.1787],[72.4613,30.1605],[72.4829,30.1704],[72.4893,30.1904],[72.5116,30.217],[72.5246,30.2619],[72.5744,30.2652],[72.5877,30.2267],[72.6046,30.2452],[72.6269,30.2559],[72.6306,30.2772],[72.6581,30.3117],[72.6784,30.3264],[72.6894,30.3081],[72.7123,30.2941],[72.7246,30.3107],[72.7253,30.3327],[72.7369,30.3371],[72.7535,30.3251],[72.7804,30.3251],[72.7904,30.3444],[72.7931,30.328],[72.81,30.342],[72.8077,30.3633]]]}},{"type":"Feature","properties":{"map_unit_id":"pb_sargodha","name":"Sargodha","province_code":"PB","district_ids":["pb_sargodha"],"in_census_tables":true},"geometry":{"type":"Polygon","coordinates":[[[72.3934,31.6544],[72.4391,31.6637],[72.4727,31.6678],[72.5219,31.706],[72.5265,31.7314],[72.5544,31.7332],[72.5572,31.7581],[72.6099,31.7725],[72.6441,31.7737],[72.6533,31.7812],[72.6793,31.7748],[72.7118,31.7969],[72.7384,31.8038],[72.7876,31.8368],[72.8228,31.8391],[72.85,31.8223],[72.8518,31.8397],[72.8738,31.8692],[72.8952,31.8727],[72.9159,31.842],[72.945,31.8507],[72.9641,31.8339],[72.9832,31.8426],[72.9849,31.868],[72.9456,31.8906],[72.9247,31.89],[72.8975,31.9085],[72.8992,31.923],[72.9398,31.9357],[72.9502,31.9763],[72.978,31.956],[73.0,31.9606],[73.0717,31.9282],[73.1163,31.9271],[73.1412,31.9195],[73.166,31.8925],[73.18,31.897],[73.1939,31.9346],[73.1904,31.9462],[73.2187,31.9786],[73.2355,31.9878],[73.2338,32.0307],[73.2529,32.037],[73.2622,32.0538],[73.2575,32.0735],[73.2674,32.0874],[73.3073,32.11],[73.3102,32.1221],[73.2923,32.147],[73.2604,32.1684],[73.2541,32.2055],[73.2216,32.2639],[73.1968,32.239],[73.1609,32.2379],[73.136,32.2865],[73.1371,32.2969],[73.0877,32.286],[73.0801,32.3097],[73.1027,32.3231],[73.1068,32.348],[73.0819,32.3977],[73.0593,32.3989],[73.0512,32.4296],[73.0744,32.4354],[73.0749,32.4522],[73.0887,32.4584],[73.16,32.4602],[73.1721,32.4903],[73.1519,32.4955],[73.1859,32.5093],[73.204,32.5233],[73.1982,32.5615],[73.1652,32.5712],[73.0794,32.5469],[73.0152,32.5396],[72.997,32.5455],[72.9799,32.5219],[72.9489,32.5063],[72.8741,32.4877],[72.8618,32.4713],[72.8035,32.4294],[72.7471,32.4249],[72.7293,32.4085],[72.7109,32.4089],[72.7,32.3958],[72.6633,32.3953],[72.6524,32.3984],[72.6009,32.3798],[72.5914,32.3698],[72.569,32.3725],[72.524,32.3479],[72.5181,32.3329],[72.4803,32.3138],[72.458,32.2896],[72.4083,32.2696],[72.3929,32.2559],[72.3751,32.2555],[72.3487,32.2323],[72.346,32.205],[72.3259,32.1544],[72.3309,32.1367],[72.3266,32.111],[72.3246,32.0455],[72.295,32.0156],[72.2658,32.0064],[72.2535,31.9832],[72.2695,31.9669],[72.2554,31.9168],[72.2731,31.8753],[72.2881,31.8621],[72.284,31.848],[72.2576,31.8544],[72.2567,31.8344],[72.2686,31.8212],[72.2613,31.8075],[72.2426,31.8048],[72.217,31.7563],[72.24,31.7465],[72.266,31.7633],[72.3002,31.7534],[72.328,31.7389],[72.3592,31.7117],[72.3349,31.6851],[72.3314,31.6695],[72.3042,31.6822],[72.31,31.6556],[72.284,31.6336],[72.2458,31.5902],[72.2608,31.563],[72.2793,31.5566],[72.2903,31.5856],[72.3297,31.6076],[72.372,31.6203],[72.3731,31.6602],[72.3934,31.6544]]]}},{"type":"Feature","properties":{"map_unit_id":"pb_sheikhupura","name":"Sheikhupura","province_code":"PB","district_ids":["pb_sheikhupura"],"in_census_tables":true},"geometry":{"type":"Polygon","coordinates":[[[74.0382,31.4015],[74.0237,31.3681],[74.0494,31.3647],[74.0731,31.371],[74.0842,31.3957],[74.0746,31.4165],[74.1084,31.458],[74.1215,31.4503],[74.1282,31.4194],[74.1403,31.4266],[74.15,31.4532],[74.18,31.4672],[74.1834,31.5098],[74.2235,31.5509],[74.2477,31.5683],[74.2492,31.5925],[74.2404,31.6114],[74.2588,31.6128],[74.2801,31.6694],[74.3072,31.667],[74.3159,31.6544],[74.341,31.6462],[74.3686,31.6699],[74.4073,31.6404],[74.4508,31.6718],[74.4383,31.6926],[74.4571,31.6907],[74.4899,31.7134],[74.504,31.7405],[74.5478,31.7496],[74.5625,31.7636],[74.5512,31.7787],[74.5539,31.8033],[74.573,31.8161],[74.5707,31.8372],[74.5907,31.8487],[74.597,31.8674],[74.6205,31.8876],[74.6362,31.8843],[74.6583,31.9104],[74.6915,31.9267],[74.6753,31.9468],[74.6397,31.9774],[74.62,32.0083],[74.5974,32.0295],[74.5912,32.0593],[74.5838,32.061],[74.5764,32.0605],[74.5751,32.0552],[74.5261,32.0233],[74.5246,32.0105],[74.4908,32.0054],[74.4762,31.9963],[74.4715,31.9665],[74.4478,31.9636],[74.3998,31.9155],[74.3856,31.9108],[74.3627,31.8879],[74.327,31.8886],[74.3041,31.8813],[74.2658,31.8882],[74.2349,31.8813],[74.2047,31.8831],[74.1934,31.8551],[74.1657,31.85],[74.1599,31.8365],[74.129,31.8176],[74.1053,31.8231],[74.0711,31.8223],[74.0446,31.8384],[73.9914,31.8271],[73.9776,31.8529],[73.9634,31.8515],[73.9452,31.8355],[73.8982,31.8413],[73.8811,31.8536],[73.8764,31.8875],[73.8535,31.9035],[73.8804,31.9319],[73.8808,31.9436],[73.8357,31.957],[73.8091,31.9809],[73.7657,31.9563],[73.7369,31.921],[73.6922,31.8889],[73.658,31.89],[73.6288,31.882],[73.6063,31.8675],[73.5928,31.8707],[73.5688,31.8919],[73.5593,31.8893],[73.56,31.8431],[73.5222,31.806],[73.4935,31.8236],[73.4714,31.7978],[73.4735,31.7732],[73.4852,31.7608],[73.4983,31.7245],[73.4921,31.7129],[73.5284,31.6821],[73.5411,31.6877],[73.5513,31.7087],[73.5729,31.6994],[73.568,31.6646],[73.5369,31.6479],[73.5372,31.6378],[73.5711,31.6325],[73.5908,31.6677],[73.6297,31.6606],[73.6148,31.6397],[73.6447,31.615],[73.6545,31.5999],[73.6261,31.5673],[73.6288,31.5368],[73.6385,31.5175],[73.6618,31.4956],[73.6796,31.5187],[73.721,31.534],[73.7504,31.5298],[73.7569,31.5387],[73.7271,31.5522],[73.7271,31.5601],[73.7732,31.5862],[73.7937,31.5848],[73.8328,31.5666],[73.8836,31.5736],[73.898,31.5694],[73.9139,31.5918],[73.9288,31.596],[73.9516,31.5527],[73.9932,31.5603],[73.9978,31.5407],[73.9853,31.5209],[73.9728,31.5178],[73.95,31.495],[73.9479,31.4732],[73.9946,31.4669],[73.9988,31.4524],[74.0237,31.4514],[74.0351,31.4233],[74.0216,31.4119],[74.0382,31.4015]]]}},{"type":"Feature","properties":{"map_unit_id":"pb_sialkot","name":"Sialkot","province_code":"PB","district_ids":["pb_sialkot"],"in_census_tables":true},"geometry":{"type":"Polygon","coordinates":[[[74.2259,32.5551],[74.2116,32.5527],[74.2021,32.5227],[74.2091,32.4928],[74.1992,32.448],[74.2098,32.4207],[74.2065,32.4],[74.2269,32.38],[74.2247,32.3498],[74.2342,32.3367],[74.2465,32.2781],[74.2728,32.2519],[74.3284,32.2442],[74.3314,32.2053],[74.3514,32.1896],[74.3758,32.1812],[74.3803,32.1695],[74.4241,32.1593],[74.4391,32.1685],[74.454,32.1558],[74.4904,32.1499],[74.4922,32.1183],[74.5199,32.1001],[74.5072,32.0921],[74.5275,32.0659],[74.5672,32.0531],[74.5764,32.0605],[74.5838,32.061],[74.6215,32.0655],[74.6302,32.0957],[74.6793,32.1346],[74.7339,32.1485],[74.7572,32.1656],[74.7591,32.1947],[74.7416,32.2176],[74.7547,32.2544],[74.766,32.2559],[74.7701,32.2857],[74.7783,32.2948],[74.8096,32.2861],[74.8257,32.3068],[74.853,32.3054],[74.8642,32.3316],[74.8657,32.3589],[74.8781,32.3829],[74.8985,32.3854],[74.9319,32.4157],[74.9451,32.451],[74.9399,32.4714],[74.9194,32.4657],[74.8783,32.4794],[74.885,32.4906],[74.8412,32.4934],[74.8198,32.4998],[74.8122,32.4808],[74.7688,32.4834],[74.7145,32.4778],[74.7104,32.4933],[74.6854,32.4941],[74.691,32.534],[74.6625,32.546],[74.6753,32.5651],[74.6526,32.5656],[74.6521,32.5886],[74.6389,32.6142],[74.6551,32.6148],[74.6641,32.6344],[74.6968,32.666],[74.6754,32.6844],[74.6663,32.6779],[74.6561,32.6967],[74.6606,32.7308],[74.6852,32.787],[74.7052,32.8149],[74.7062,32.8428],[74.6663,32.8252],[74.653,32.8297],[74.6325,32.8091],[74.6581,32.7867],[74.6394,32.7826],[74.6326,32.7523],[74.6215,32.7606],[74.5795,32.7499],[74.5694,32.7604],[74.5111,32.7428],[74.506,32.7581],[74.4813,32.7694],[74.4548,32.7897],[74.4304,32.7833],[74.4574,32.7212],[74.462,32.6905],[74.4429,32.6558],[74.4313,32.6535],[74.3503,32.5962],[74.2976,32.5834],[74.282,32.5898],[74.238,32.5719],[74.2259,32.5551]]]}},{"type":"Feature","properties":{"map_unit_id":"pb_toba_tek_singh","name":"Toba Tek Singh","province_code":"PB","district_ids":["pb_toba_tek_singh"],"in_census_tables":true},"geometry":{"type":"Polygon","coordinates":[[[72.7721,30.6833],[72.7887,30.678],[72.7828,30.6915],[72.8108,30.7128],[72.8403,30.7181],[72.8345,30.7403],[72.7924,30.7514],[72.7711,30.7365],[72.7426,30.7384],[72.7349,30.7635],[72.7407,30.7858],[72.7721,30.8013],[72.7649,30.8153],[72.7721,30.8356],[72.7339,30.8612],[72.7155,30.8622],[72.7054,30.8874],[72.7355,30.9213],[72.7383,30.9347],[72.7716,30.9444],[72.7755,30.9673],[72.7969,30.9853],[72.8027,31.023],[72.8206,31.0317],[72.8139,31.0515],[72.8225,31.0671],[72.7926,31.0859],[72.7689,31.0694],[72.7413,31.0873],[72.766,31.0946],[72.781,31.1193],[72.7781,31.1415],[72.7858,31.1546],[72.7766,31.1744],[72.7798,31.1978],[72.7987,31.2037],[72.8245,31.2223],[72.8598,31.2784],[72.8205,31.3159],[72.8099,31.3322],[72.7501,31.271],[72.7026,31.2496],[72.6893,31.2346],[72.6112,31.2409],[72.5897,31.2357],[72.5753,31.2461],[72.5521,31.2224],[72.4912,31.2134],[72.4866,31.1879],[72.5033,31.1816],[72.4983,31.1622],[72.4769,31.1611],[72.4902,31.1258],[72.4721,31.1254],[72.4657,31.1138],[72.4414,31.1092],[72.4379,31.0519],[72.3858,31.023],[72.3743,30.9813],[72.3581,30.972],[72.3581,30.9471],[72.3349,30.9211],[72.317,30.9136],[72.3158,30.895],[72.2828,30.891],[72.255,30.8673],[72.2498,30.8441],[72.277,30.832],[72.2874,30.8383],[72.3175,30.8088],[72.3372,30.8088],[72.3436,30.8262],[72.3494,30.8042],[72.3459,30.7822],[72.3696,30.7567],[72.354,30.7556],[72.3644,30.7359],[72.343,30.7139],[72.3025,30.7243],[72.2799,30.7162],[72.2375,30.7231],[72.2223,30.6903],[72.1822,30.6354],[72.1854,30.6242],[72.1559,30.5746],[72.1973,30.5611],[72.1974,30.5444],[72.2105,30.5619],[72.2295,30.5642],[72.2601,30.5483],[72.3012,30.5483],[72.3209,30.563],[72.3543,30.577],[72.3783,30.5634],[72.4066,30.5839],[72.4349,30.5894],[72.4488,30.5994],[72.4756,30.5936],[72.497,30.5679],[72.4993,30.5783],[72.5269,30.5817],[72.5173,30.5973],[72.5719,30.6146],[72.5874,30.6039],[72.6004,30.5759],[72.6077,30.5904],[72.6184,30.576],[72.6502,30.571],[72.6647,30.5909],[72.6662,30.5744],[72.7387,30.5817],[72.7305,30.5967],[72.7624,30.6001],[72.7663,30.6257],[72.7842,30.6305],[72.775,30.6431],[72.7881,30.661],[72.7658,30.661],[72.7586,30.6745],[72.7721,30.6833]]]}},{"type":"Feature","properties":{"map_unit_id":"pb_vehari","name":"Vehari","province_code":"PB","district_ids":["pb_vehari"],"in_census_tables":true},"geometry":{"type":"Polygon","coordinates":[[[72.1076,29.6125],[72.0998,29.5994],[72.1371,29.5965],[72.1661,29.6188],[72.1642,29.6434],[72.1835,29.6526],[72.1966,29.7111],[72.2154,29.7039],[72.2445,29.7082],[72.2445,29.7213],[72.2174,29.758],[72.228,29.7672],[72.2343,29.7943],[72.2585,29.8127],[72.3102,29.8035],[72.3127,29.82],[72.3407,29.8432],[72.3726,29.8374],[72.39,29.8572],[72.4026,29.8596],[72.4186,29.8436],[72.4408,29.8398],[72.4602,29.8485],[72.4703,29.8214],[72.4926,29.8306],[72.5025,29.8175],[72.5124,29.8432],[72.5322,29.8301],[72.5429,29.8088],[72.5634,29.8083],[72.5699,29.8398],[72.6048,29.8388],[72.6183,29.8548],[72.6439,29.8591],[72.6556,29.8707],[72.6836,29.8557],[72.6962,29.8862],[72.6942,29.9104],[72.7097,29.9225],[72.7325,29.9235],[72.7518,29.8925],[72.7707,29.8925],[72.7624,29.9128],[72.7736,29.9322],[72.7673,29.9617],[72.7876,29.98],[72.8195,29.9805],[72.8384,29.9679],[72.8601,29.9244],[72.8601,29.9549],[72.894,29.9989],[72.9259,29.9941],[72.9462,29.9607],[72.9722,29.9711],[72.9671,29.9931],[72.9791,30.0285],[72.9616,30.0325],[72.9303,30.0303],[72.9424,30.0521],[72.9327,30.0845],[72.9462,30.0991],[72.9472,30.1788],[72.9599,30.1861],[72.9545,30.2451],[72.9714,30.2673],[72.9933,30.2829],[72.9927,30.2963],[72.9425,30.2925],[72.9317,30.3071],[72.8529,30.3123],[72.8437,30.3375],[72.8473,30.3702],[72.8077,30.3633],[72.81,30.342],[72.7931,30.328],[72.7904,30.3444],[72.7804,30.3251],[72.7535,30.3251],[72.7369,30.3371],[72.7253,30.3327],[72.7246,30.3107],[72.7123,30.2941],[72.6894,30.3081],[72.6784,30.3264],[72.6581,30.3117],[72.6306,30.2772],[72.6269,30.2559],[72.6046,30.2452],[72.5877,30.2267],[72.5744,30.2652],[72.5246,30.2619],[72.5116,30.217],[72.4893,30.1904],[72.4829,30.1704],[72.4613,30.1605],[72.4477,30.1787],[72.4018,30.1831],[72.4128,30.2067],[72.3994,30.2175],[72.3804,30.2054],[72.3548,30.2001],[72.3298,30.2121],[72.2943,30.2001],[72.2933,30.1861],[72.2735,30.1759],[72.2653,30.1822],[72.2411,30.1658],[72.2101,30.1537],[72.1816,30.1522],[72.1816,30.1285],[72.1497,30.116],[72.126,30.0782],[72.11,30.0637],[72.0882,30.0777],[72.0578,30.07],[71.9997,30.0908],[71.9828,30.0724],[71.9702,30.0777],[71.9557,30.041],[71.9291,30.0376],[71.8987,30.0473],[71.8803,30.0236],[71.873,30.0405],[71.8575,30.0308],[71.8392,30.0057],[71.8145,30.0062],[71.7739,30.0226],[71.7773,30.0071],[71.7502,29.9617],[71.7362,29.9495],[71.7376,29.9365],[71.7589,29.9186],[71.7985,29.8998],[71.8329,29.9181],[71.8638,29.9089],[71.8967,29.9114],[71.8875,29.9031],[71.8914,29.8843],[71.9204,29.8794],[71.9224,29.8673],[71.8933,29.8765],[71.8875,29.8577],[71.9059,29.862],[71.9078,29.8461],[71.9306,29.848],[71.9301,29.8345],[71.946,29.8301],[71.9659,29.8045],[71.9891,29.7958],[71.9736,29.7919],[71.963,29.7706],[71.9388,29.7609],[71.9349,29.7464],[71.9688,29.7455],[71.977,29.729],[71.991,29.7295],[71.993,29.6995],[72.036,29.6913],[72.0418,29.6831],[72.0699,29.6792],[72.0534,29.6695],[72.0612,29.6536],[72.0844,29.6536],[72.0979,29.6695],[72.1115,29.6536],[72.0969,29.627],[72.1076,29.6125]]]}},{"type":"Feature","properties":{"map_unit_id":"sd_badin","name":"Badin","province_code":"SD","district_ids":["sd_badin"],"in_census_tables":true},"geometry":{"type":"Polygon","coordinates":[[[69.0275,24.2309],[69.082,24.264],[69.0561,24.3244],[69.0639,24.3822],[69.0776,24.451],[69.1035,24.4626],[69.1094,24.4763],[69.1386,24.5048],[69.195,24.5386],[69.2009,24.5288],[69.221,24.5425],[69.21,24.5652],[69.2216,24.5827],[69.1996,24.6002],[69.2067,24.621],[69.2268,24.5957],[69.2353,24.5957],[69.234,24.6333],[69.2521,24.6476],[69.2424,24.6619],[69.219,24.6658],[69.2216,24.682],[69.2418,24.7015],[69.2859,24.7216],[69.2586,24.7333],[69.2528,24.7521],[69.2762,24.7573],[69.3138,24.7787],[69.3326,24.8007],[69.3017,24.8291],[69.3179,24.8512],[69.3283,24.8778],[69.3244,24.9064],[69.2893,24.9552],[69.2361,24.9604],[69.1847,24.9506],[69.173,24.9539],[69.1549,24.9857],[69.1334,24.9922],[69.1302,25.0169],[69.0918,25.0461],[69.0873,25.0695],[69.0106,25.1079],[68.982,25.1325],[68.9683,25.2979],[68.9443,25.2781],[68.9047,25.2618],[68.8904,25.2644],[68.8859,25.2287],[68.8371,25.2183],[68.8059,25.2164],[68.7877,25.2066],[68.7709,25.2086],[68.7696,25.2462],[68.7375,25.2535],[68.7267,25.2365],[68.7007,25.217],[68.7007,25.2001],[68.663,25.193],[68.6149,25.1592],[68.6221,25.1507],[68.6662,25.1553],[68.6584,25.1397],[68.6026,25.1001],[68.572,25.089],[68.6305,25.039],[68.6643,25.0253],[68.7564,24.9622],[68.8148,24.9836],[68.8452,24.9872],[68.8474,24.9531],[68.8662,24.9566],[68.8676,24.9335],[68.8568,24.9393],[68.8349,24.9284],[68.8472,24.9028],[68.8463,24.8824],[68.8335,24.8671],[68.8188,24.819],[68.7993,24.817],[68.7861,24.831],[68.7743,24.8153],[68.7464,24.8078],[68.7455,24.7911],[68.7058,24.7891],[68.6637,24.8003],[68.6748,24.8244],[68.6484,24.8472],[68.6503,24.8568],[68.6748,24.8656],[68.6836,24.8922],[68.6461,24.8998],[68.6279,24.8863],[68.5798,24.8655],[68.5636,24.8824],[68.5324,24.8889],[68.4993,24.8596],[68.485,24.8733],[68.4733,24.846],[68.4531,24.8376],[68.4336,24.7914],[68.3817,24.7784],[68.3576,24.7583],[68.3537,24.7388],[68.3713,24.7265],[68.3648,24.6719],[68.3544,24.6485],[68.3661,24.6459],[68.381,24.6251],[68.3758,24.592],[68.3895,24.5653],[68.4063,24.5582],[68.394,24.5192],[68.4089,24.4951],[68.4076,24.449],[68.4167,24.4263],[68.4336,24.4373],[68.457,24.4386],[68.4609,24.4282],[68.4486,24.3944],[68.5279,24.3691],[68.5824,24.36],[68.6162,24.3769],[68.7078,24.3801],[68.7332,24.373],[68.7684,24.2687],[68.7765,24.2941],[68.8262,24.3031],[68.8356,24.2892],[68.8391,24.2565],[68.8532,24.2035],[68.8697,24.2024],[68.8977,24.2668],[68.9167,24.2838],[68.9468,24.2808],[68.964,24.2446],[68.979,24.2282],[69.0017,24.2244],[69.0275,24.2309]]]}},{"type":"Feature","properties":{"map_unit_id":"sd_dadu","name":"Dadu","province_code":"SD","district_ids":["sd_dadu"],"in_census_tables":true},"geometry":{"type":"Polygon","coordinates":[[[67.3917,26.1356],[67.417,26.0965],[67.4672,26.1377],[67.4819,26.1628],[67.4915,26.2192],[67.5032,26.2499],[67.4913,26.2903],[67.4994,26.3385],[67.5378,26.343],[67.5713,26.3311],[67.5912,26.3678],[67.6202,26.3985],[67.6258,26.4336],[67.646,26.4751],[67.6302,26.513],[67.6317,26.5557],[67.6472,26.5652],[67.6731,26.5606],[67.693,26.5759],[67.7211,26.5806],[67.7552,26.5755],[67.7573,26.5988],[67.7963,26.6042],[67.803,26.5974],[67.8184,26.6036],[67.8479,26.6322],[67.8693,26.6608],[67.8628,26.6824],[67.8444,26.6905],[67.8357,26.723],[67.8521,26.7284],[67.8646,26.7651],[67.8506,26.7948],[67.8341,26.8558],[67.8681,26.8992],[67.8844,26.9118],[67.9211,26.9219],[67.9314,26.9364],[67.9164,26.9568],[67.9265,26.9717],[67.9695,26.9778],[67.9798,26.9865],[67.9734,27.0136],[67.9553,27.0261],[67.9101,27.0426],[67.9111,27.0565],[67.9472,27.0715],[68.0045,27.0697],[68.0366,27.0989],[68.0474,27.1296],[68.0005,27.1604],[67.9903,27.172],[67.9411,27.2022],[67.9397,27.2211],[67.9548,27.2275],[67.9536,27.2494],[67.9769,27.2677],[67.9982,27.2985],[67.9264,27.3061],[67.883,27.3211],[67.8406,27.3109],[67.7992,27.3073],[67.6775,27.3056],[67.6579,27.3023],[67.6409,27.3213],[67.6265,27.3232],[67.5963,27.3114],[67.557,27.3177],[67.5296,27.3145],[67.5005,27.3192],[67.4645,27.3432],[67.4562,27.3549],[67.405,27.3788],[67.3758,27.3831],[67.3615,27.358],[67.3489,27.3572],[67.3384,27.3759],[67.3142,27.3671],[67.2984,27.3871],[67.2643,27.3929],[67.2395,27.4045],[67.2358,27.4156],[67.2053,27.4255],[67.174,27.4479],[67.1632,27.3675],[67.1372,27.3316],[67.1273,27.3091],[67.1234,27.2759],[67.1403,27.214],[67.1557,27.1269],[67.1585,27.0747],[67.1636,27.0656],[67.138,26.9962],[67.1443,26.9552],[67.1317,26.9236],[67.1343,26.8729],[67.147,26.7662],[67.1257,26.7389],[67.134,26.6719],[67.1275,26.6551],[67.1289,26.634],[67.1417,26.5969],[67.162,26.514],[67.1774,26.4773],[67.2153,26.4284],[67.2552,26.3708],[67.2656,26.3472],[67.3435,26.2031],[67.3593,26.1546],[67.3917,26.1356]]]}},{"type":"Feature","properties":{"map_unit_id":"sd_ghotki","name":"Ghotki","province_code":"SD","district_ids":["sd_ghotki"],"in_census_tables":true},"geometry":{"type":"Polygon","coordinates":[[[69.7719,27.3301],[69.7934,27.3357],[69.8178,27.3553],[69.8931,27.4323],[69.936,27.4978],[69.9889,27.5373],[70.0303,27.5619],[70.1119,27.7525],[70.1264,27.7926],[70.1431,27.8163],[70.1772,27.8464],[70.1456,27.8779],[70.0745,27.895],[70.0561,27.9042],[70.0285,27.9343],[69.9942,27.9398],[69.9629,27.9876],[69.9053,28.0458],[69.882,28.0758],[69.8422,28.1402],[69.8373,28.1819],[69.8557,28.1947],[69.8281,28.2456],[69.8305,28.2713],[69.8146,28.275],[69.8121,28.3225],[69.7476,28.3139],[69.7419,28.2534],[69.7253,28.2418],[69.6933,28.2639],[69.669,28.2523],[69.6626,28.2381],[69.6422,28.2302],[69.6038,28.2318],[69.5941,28.2564],[69.5525,28.2559],[69.5202,28.2718],[69.515,28.2425],[69.5258,28.2217],[69.5783,28.2009],[69.5605,28.17],[69.5606,28.1441],[69.5513,28.13],[69.5248,28.1378],[69.5208,28.1778],[69.4887,28.2037],[69.4776,28.205],[69.4303,28.1496],[69.3985,28.1634],[69.3733,28.166],[69.3287,28.1265],[69.29,28.1174],[69.2718,28.1038],[69.2264,28.0992],[69.2098,28.0811],[69.1977,28.0432],[69.1992,28.0054],[69.1779,27.9916],[69.165,27.9774],[69.1833,27.9483],[69.1779,27.93],[69.1844,27.9096],[69.2113,27.8643],[69.2124,27.8482],[69.2597,27.7911],[69.249,27.7782],[69.2716,27.7545],[69.2716,27.7427],[69.2339,27.7276],[69.2296,27.7373],[69.2005,27.747],[69.1973,27.7276],[69.1822,27.7212],[69.1564,27.7244],[69.1542,27.6953],[69.1962,27.69],[69.2393,27.6544],[69.2813,27.5888],[69.2985,27.5705],[69.3351,27.5436],[69.4234,27.5317],[69.4438,27.5177],[69.5202,27.5188],[69.5504,27.5285],[69.5547,27.5134],[69.5472,27.4887],[69.531,27.4639],[69.6214,27.3993],[69.6979,27.3778],[69.7442,27.3423],[69.7719,27.3301]]]}},{"type":"Feature","properties":{"map_unit_id":"sd_hyderabad","name":"Hyderabad","province_code":"SD","district_ids":["sd_hyderabad"],"in_census_tables":true},"geometry":{"type":"Polygon","coordinates":[[[68.3258,25.2372],[68.3433,25.2164],[68.3765,25.1787],[68.4193,25.1637],[68.4317,25.1761],[68.4564,25.1819],[68.4928,25.1585],[68.5097,25.1644],[68.5292,25.1579],[68.5369,25.1702],[68.5584,25.1754],[68.5538,25.204],[68.5707,25.2001],[68.5844,25.1787],[68.6078,25.2021],[68.6006,25.2384],[68.6422,25.2417],[68.6403,25.2627],[68.6143,25.2833],[68.6104,25.3125],[68.5766,25.3379],[68.5727,25.358],[68.5954,25.347],[68.6253,25.3502],[68.6253,25.3612],[68.6058,25.3755],[68.6162,25.3924],[68.6123,25.41],[68.5902,25.4249],[68.5899,25.4366],[68.5264,25.4628],[68.4685,25.4907],[68.4544,25.5053],[68.4376,25.54],[68.3926,25.5546],[68.384,25.5519],[68.3931,25.5293],[68.3193,25.5074],[68.3026,25.4765],[68.3073,25.4384],[68.2945,25.4152],[68.2923,25.3895],[68.3443,25.3027],[68.3453,25.282],[68.3258,25.2592],[68.3258,25.2372]]]}},{"type":"Feature","properties":{"map_unit_id":"sd_jacobabad","name":"Jacobabad","province_code":"SD","district_ids":["sd_jacobabad"],"in_census_tables":true},"geometry":{"type":"Polygon","coordinates":[[[68.2221,27.9366],[68.2416,27.9282],[68.2868,27.926],[68.2894,27.9359],[68.3135,27.9346],[68.3082,27.9976],[68.3217,28.1206],[68.3771,28.1156],[68.4127,28.1193],[68.4444,28.1301],[68.4754,28.1516],[68.5303,28.1643],[68.5759,28.1549],[68.6218,28.1585],[68.6528,28.1549],[68.6996,28.1338],[68.7527,28.1305],[68.8015,28.11],[68.8723,28.0912],[68.8812,28.0833],[68.9024,28.0942],[68.9336,28.0973],[68.9055,28.1114],[68.9131,28.1613],[68.901,28.1825],[68.9086,28.1931],[68.9071,28.2188],[68.898,28.237],[68.9207,28.2763],[68.9237,28.3142],[68.9207,28.349],[68.9252,28.402],[68.9198,28.4347],[68.8455,28.4323],[68.4638,28.4323],[68.395,28.3896],[68.3547,28.2924],[68.2005,28.2426],[68.0654,28.1382],[68.0156,28.0956],[67.9705,28.0766],[67.9231,28.0363],[67.9136,28.0007],[67.9293,27.9847],[67.9623,27.988],[68.0019,27.9808],[68.0296,27.9953],[68.0527,27.9834],[68.0863,27.9844],[68.1225,27.9328],[68.1773,27.9399],[68.2037,27.9227],[68.2221,27.9366]]]}},{"type":"Feature","properties":{"map_unit_id":"sd_jamshoro","name":"Jamshoro","province_code":"SD","district_ids":["sd_jamshoro"],"in_census_tables":true},"geometry":{"type":"Polygon","coordinates":[[[68.3931,25.5293],[68.384,25.5519],[68.3571,25.5985],[68.3571,25.6169],[68.3695,25.6272],[68.4068,25.6392],[68.4561,25.6619],[68.4625,25.6769],[68.3965,25.6962],[68.3314,25.7266],[68.2954,25.7639],[68.3082,25.7884],[68.3318,25.8055],[68.3207,25.8548],[68.2701,25.8852],[68.2448,25.9079],[68.2337,25.9298],[68.2722,25.9748],[68.2551,25.9861],[68.2452,26.001],[68.1801,25.9992],[68.1106,26.0695],[68.0541,26.1218],[68.0215,26.1557],[68.0155,26.1964],[67.9889,26.2033],[67.9529,26.229],[67.9156,26.2457],[67.904,26.2916],[67.8792,26.2959],[67.8719,26.3186],[67.8753,26.337],[67.898,26.3833],[67.9274,26.3746],[67.9257,26.3978],[67.9008,26.4121],[67.8965,26.4273],[67.8789,26.4355],[67.9203,26.4853],[67.9203,26.5038],[67.9093,26.5475],[67.8501,26.5467],[67.8075,26.5725],[67.803,26.5974],[67.7963,26.6042],[67.7573,26.5988],[67.7552,26.5755],[67.7211,26.5806],[67.693,26.5759],[67.6731,26.5606],[67.6472,26.5652],[67.6317,26.5557],[67.6302,26.513],[67.646,26.4751],[67.6258,26.4336],[67.6202,26.3985],[67.5912,26.3678],[67.5713,26.3311],[67.5378,26.343],[67.4994,26.3385],[67.4913,26.2903],[67.5032,26.2499],[67.4915,26.2192],[67.4819,26.1628],[67.4672,26.1377],[67.417,26.0965],[67.4303,26.0768],[67.4165,26.024],[67.4063,25.966],[67.4051,25.9044],[67.3992,25.8827],[67.4157,25.8421],[67.4165,25.8251],[67.3996,25.7841],[67.3723,25.7624],[67.3743,25.7529],[67.3499,25.7332],[67.336,25.6977],[67.3239,25.6426],[67.3811,25.6426],[67.3973,25.59],[67.3921,25.564],[67.3999,25.4925],[67.4155,25.4535],[67.3934,25.4074],[67.3603,25.3054],[67.3291,25.2963],[67.3284,25.2761],[67.3076,25.2605],[67.2823,25.2261],[67.2712,25.1819],[67.2907,25.1663],[67.383,25.1319],[67.4571,25.0936],[67.4967,25.0604],[67.5143,25.0182],[67.5214,24.9795],[67.5584,24.9688],[67.5903,24.9721],[67.6241,25.0078],[67.6487,25.0156],[67.7098,25.0006],[67.7274,25.0455],[67.7456,25.0695],[67.7716,25.0825],[67.8047,25.0903],[67.8183,25.126],[67.8281,25.1897],[67.8222,25.2138],[67.8404,25.2287],[67.8586,25.2657],[67.8723,25.2664],[67.8892,25.2969],[67.906,25.3015],[67.9119,25.334],[67.9093,25.3606],[67.9307,25.3755],[67.9424,25.4106],[67.9619,25.4074],[67.9925,25.4418],[68.0139,25.4483],[68.0801,25.4187],[68.1082,25.3955],[68.1523,25.3164],[68.1744,25.2982],[68.201,25.3028],[68.2556,25.2898],[68.3225,25.2872],[68.3443,25.3027],[68.2923,25.3895],[68.2945,25.4152],[68.3073,25.4384],[68.3026,25.4765],[68.3193,25.5074],[68.3931,25.5293]]]}},{"type":"Feature","properties":{"map_unit_id":"sd_kambar_shahdad_kot","name":"Kambar Shahdad Kot","province_code":"SD","district_ids":["sd_kambar_shahdad_kot"],"in_census_tables":true},"geometry":{"type":"Polygon","coordinates":[[[67.1778,27.5198],[67.174,27.4479],[67.2053,27.4255],[67.2358,27.4156],[67.2395,27.4045],[67.2643,27.3929],[67.2984,27.3871],[67.3142,27.3671],[67.3384,27.3759],[67.3489,27.3572],[67.3615,27.358],[67.3758,27.3831],[67.405,27.3788],[67.4562,27.3549],[67.4645,27.3432],[67.5005,27.3192],[67.5296,27.3145],[67.557,27.3177],[67.5963,27.3114],[67.6265,27.3232],[67.6409,27.3213],[67.6579,27.3023],[67.6775,27.3056],[67.7992,27.3073],[67.8406,27.3109],[67.883,27.3211],[67.9264,27.3061],[67.9982,27.2985],[68.0111,27.3405],[68.0154,27.3708],[68.0546,27.3731],[68.0513,27.3889],[68.0326,27.3863],[68.0029,27.411],[68.0293,27.4483],[68.0579,27.5228],[68.0724,27.5277],[68.0807,27.5624],[68.0935,27.5676],[68.1156,27.5973],[68.1104,27.6534],[68.0995,27.6854],[68.1249,27.6755],[68.1443,27.6764],[68.1958,27.718],[68.173,27.7444],[68.172,27.7757],[68.1869,27.8192],[68.1664,27.8687],[68.1183,27.9221],[68.1225,27.9328],[68.0863,27.9844],[68.0527,27.9834],[68.0296,27.9953],[68.0019,27.9808],[67.9623,27.988],[67.9293,27.9847],[67.9136,28.0007],[67.8686,28.0055],[67.833,27.9912],[67.7879,27.9817],[67.7856,27.9509],[67.7382,27.9414],[67.672,27.9374],[67.6599,27.9367],[67.5437,27.9059],[67.5329,27.9124],[67.5014,27.9029],[67.4201,27.8951],[67.3976,27.9123],[67.385,27.8709],[67.368,27.8366],[67.3581,27.8039],[67.355,27.7577],[67.3309,27.7194],[67.2524,27.6591],[67.2236,27.5687],[67.1853,27.5403],[67.1778,27.5198]]]}},{"type":"Feature","properties":{"map_unit_id":"sd_karachi","name":"Karachi (7 districts)","province_code":"SD","district_ids":["sd_karachi_central","sd_karachi_east","sd_karachi_south","sd_karachi_west","sd_keamari","sd_korangi","sd_malir"],"in_census_tables":true},"geometry":{"type":"Polygon","coordinates":[[[66.729,24.9194],[66.6912,24.8972],[66.722,24.8918],[66.7118,24.8801],[66.6852,24.8807],[66.6593,24.8556],[66.6658,24.8253],[66.724,24.8381],[66.749,24.8521],[66.7763,24.8422],[66.8012,24.8451],[66.8226,24.8383],[66.8347,24.8593],[66.8682,24.8584],[66.9257,24.8309],[66.9818,24.7849],[66.9931,24.7873],[66.9684,24.8089],[66.9496,24.8358],[66.9292,24.8407],[66.9343,24.8517],[66.961,24.8579],[66.976,24.8534],[66.9654,24.8414],[66.9766,24.8055],[67.0032,24.8111],[67.0339,24.797],[67.0726,24.7491],[67.0883,24.7464],[67.1107,24.7614],[67.1023,24.7781],[67.1318,24.7751],[67.1592,24.79],[67.1808,24.7799],[67.21,24.8115],[67.2434,24.7951],[67.2434,24.784],[67.2723,24.7902],[67.3286,24.7614],[67.3462,24.7753],[67.3737,24.7803],[67.4086,24.7792],[67.4288,24.7724],[67.4439,24.7819],[67.4394,24.7928],[67.439,24.8386],[67.453,24.8367],[67.5035,24.8104],[67.5176,24.7983],[67.5474,24.7895],[67.5799,24.7901],[67.5799,24.8174],[67.5665,24.8493],[67.5308,24.9128],[67.5207,24.9558],[67.5214,24.9795],[67.5143,25.0182],[67.4967,25.0604],[67.4571,25.0936],[67.383,25.1319],[67.2907,25.1663],[67.2712,25.1819],[67.2823,25.2261],[67.3076,25.2605],[67.3284,25.2761],[67.3291,25.2963],[67.3603,25.3054],[67.3934,25.4074],[67.4155,25.4535],[67.3999,25.4925],[67.3921,25.564],[67.3973,25.59],[67.3811,25.6426],[67.3239,25.6426],[67.2966,25.5852],[67.2638,25.5742],[67.2485,25.5264],[67.222,25.5126],[67.1956,25.4893],[67.1869,25.4696],[67.162,25.4526],[67.164,25.3911],[67.1439,25.3619],[67.1384,25.3362],[67.1407,25.3106],[67.1151,25.2709],[67.0879,25.2405],[67.0429,25.2099],[67.0094,25.1598],[67.0121,25.1125],[67.0062,25.0889],[66.9959,25.0857],[66.9399,25.0296],[66.915,25.0107],[66.8787,25.0059],[66.7683,24.9531],[66.729,24.9194]]]}},{"type":"Feature","properties":{"map_unit_id":"sd_kashmore","name":"Kashmore","province_code":"SD","district_ids":["sd_kashmore"],"in_census_tables":true},"geometry":{"type":"Polygon","coordinates":[[[69.1538,27.9903],[69.1779,27.9916],[69.1992,28.0054],[69.1977,28.0432],[69.2098,28.0811],[69.2264,28.0992],[69.2718,28.1038],[69.29,28.1174],[69.3287,28.1265],[69.3733,28.166],[69.3985,28.1634],[69.4303,28.1496],[69.4776,28.205],[69.4657,28.2174],[69.476,28.2317],[69.4755,28.2682],[69.515,28.2425],[69.5202,28.2718],[69.5525,28.2559],[69.5941,28.2564],[69.5926,28.2882],[69.5582,28.3493],[69.532,28.3894],[69.5566,28.3991],[69.5823,28.3555],[69.6373,28.3539],[69.6686,28.3355],[69.6948,28.3005],[69.7127,28.2934],[69.7379,28.3144],[69.7476,28.3139],[69.8121,28.3225],[69.8115,28.3614],[69.7999,28.3657],[69.7508,28.4051],[69.7253,28.427],[69.6553,28.4331],[69.6222,28.4331],[69.597,28.4478],[69.6167,28.4699],[69.6019,28.4748],[69.4763,28.4877],[69.4242,28.4687],[69.4187,28.4534],[69.3911,28.4478],[69.3608,28.4512],[69.2415,28.4512],[69.1751,28.4418],[69.131,28.4398],[69.0708,28.437],[68.9198,28.4347],[68.9252,28.402],[68.9207,28.349],[68.9237,28.3142],[68.9207,28.2763],[68.898,28.237],[68.9071,28.2188],[68.9086,28.1931],[68.901,28.1825],[68.9131,28.1613],[68.9055,28.1114],[68.9336,28.0973],[68.957,28.0917],[68.9873,28.0932],[69.0145,28.0856],[69.0493,28.0478],[69.0587,28.0284],[69.0705,28.0039],[69.0902,27.9918],[69.1144,28.0175],[69.1538,27.9903]]]}},{"type":"Feature","properties":{"map_unit_id":"sd_khairpur","name":"Khairpur","province_code":"SD","district_ids":["sd_khairpur"],"in_census_tables":true},"geometry":{"type":"Polygon","coordinates":[[[68.2857,26.6618],[68.3572,26.6304],[68.4794,26.6158],[68.526,26.6152],[68.5725,26.604],[68.6292,26.5972],[68.6893,26.5972],[68.7769,26.581],[68.8089,26.5624],[68.8206,26.5428],[68.8532,26.4709],[68.8493,26.4479],[68.8562,26.4373],[68.9161,26.4693],[68.9262,26.4625],[68.9492,26.4243],[68.9548,26.3828],[68.9857,26.3604],[69.0177,26.2997],[69.0575,26.2964],[69.0603,26.2503],[69.0743,26.261],[69.0811,26.2408],[69.1072,26.2258],[69.1543,26.2289],[69.2068,26.2371],[69.2417,26.2383],[69.3911,26.2159],[69.4821,26.2159],[69.5443,26.2047],[69.5767,26.2059],[69.6228,26.2171],[69.6614,26.2146],[69.7461,26.2034],[69.7959,26.2084],[69.8407,26.2059],[69.893,26.1935],[69.9229,26.1947],[69.9565,26.1835],[70.0437,26.1661],[70.0711,26.1536],[70.096,26.1524],[70.1289,26.1387],[70.1429,26.156],[70.1694,26.2175],[70.1768,26.2507],[70.1649,26.294],[70.187,26.3745],[70.1786,26.4234],[70.1861,26.4791],[70.1751,26.5526],[70.1179,26.5883],[70.056,26.602],[69.9341,26.5828],[69.8957,26.5802],[69.8259,26.5898],[69.7913,26.6],[69.7231,26.6547],[69.5111,26.7445],[69.4859,26.8054],[69.4993,26.8653],[69.5146,27.01],[69.5403,27.069],[69.4985,27.0726],[69.4596,27.1007],[69.4022,27.1164],[69.3476,27.1479],[69.2769,27.1696],[69.2394,27.1846],[69.1823,27.1835],[69.126,27.2082],[69.0917,27.2114],[69.0674,27.2025],[69.0075,27.2039],[68.9121,27.242],[68.8462,27.287],[68.8305,27.3017],[68.8372,27.3545],[68.8683,27.382],[68.8915,27.4134],[68.8661,27.443],[68.8943,27.4808],[68.8312,27.4805],[68.8326,27.5008],[68.7998,27.5094],[68.7926,27.5215],[68.8101,27.58],[68.8319,27.6246],[68.8533,27.6411],[68.8394,27.6757],[68.8433,27.6953],[68.7937,27.6942],[68.768,27.6999],[68.7434,27.6767],[68.7188,27.6767],[68.6924,27.685],[68.6695,27.721],[68.6,27.7287],[68.5568,27.7117],[68.5169,27.7226],[68.5014,27.7203],[68.4599,27.6887],[68.4968,27.6413],[68.4923,27.6267],[68.4322,27.6087],[68.3811,27.6065],[68.343,27.6115],[68.3312,27.5885],[68.3435,27.5604],[68.334,27.5251],[68.3037,27.5043],[68.2711,27.4959],[68.2762,27.4757],[68.2992,27.4268],[68.3497,27.378],[68.325,27.3572],[68.2722,27.3606],[68.2391,27.3477],[68.22,27.3337],[68.2139,27.2961],[68.1791,27.2528],[68.1774,27.2354],[68.1976,27.2338],[68.2745,27.2096],[68.2857,27.2175],[68.3362,27.2068],[68.3536,27.1832],[68.3463,27.1709],[68.4131,27.1265],[68.4204,27.1035],[68.4434,27.076],[68.4474,27.0356],[68.43,27.0104],[68.4081,26.9901],[68.3828,26.9834],[68.3682,26.943],[68.3508,26.9144],[68.3329,26.8987],[68.3155,26.8189],[68.3278,26.7903],[68.2857,26.6618]]]}},{"type":"Feature","properties":{"map_unit_id":"sd_larkana","name":"Larkana","province_code":"SD","district_ids":["sd_larkana"],"in_census_tables":true},"geometry":{"type":"Polygon","coordinates":[[[68.1342,27.2063],[68.1774,27.2354],[68.1791,27.2528],[68.2139,27.2961],[68.22,27.3337],[68.2391,27.3477],[68.2722,27.3606],[68.325,27.3572],[68.3497,27.378],[68.2992,27.4268],[68.2762,27.4757],[68.2711,27.4959],[68.3037,27.5043],[68.334,27.5251],[68.3435,27.5604],[68.3312,27.5885],[68.343,27.6115],[68.3811,27.6065],[68.4322,27.6087],[68.4923,27.6267],[68.4968,27.6413],[68.4599,27.6887],[68.4384,27.6972],[68.4127,27.7177],[68.3959,27.718],[68.3976,27.7368],[68.3438,27.751],[68.3359,27.7932],[68.3184,27.8166],[68.2891,27.8433],[68.2901,27.8621],[68.2634,27.8766],[68.2416,27.9282],[68.2221,27.9366],[68.2037,27.9227],[68.1773,27.9399],[68.1225,27.9328],[68.1183,27.9221],[68.1664,27.8687],[68.1869,27.8192],[68.172,27.7757],[68.173,27.7444],[68.1958,27.718],[68.1443,27.6764],[68.1249,27.6755],[68.0995,27.6854],[68.1104,27.6534],[68.1156,27.5973],[68.0935,27.5676],[68.0807,27.5624],[68.0724,27.5277],[68.0579,27.5228],[68.0293,27.4483],[68.0029,27.411],[68.0326,27.3863],[68.0513,27.3889],[68.0546,27.3731],[68.0154,27.3708],[68.0111,27.3405],[67.9982,27.2985],[67.9769,27.2677],[67.9536,27.2494],[67.9548,27.2275],[67.9397,27.2211],[67.9411,27.2022],[67.9903,27.172],[68.0005,27.1604],[68.0474,27.1296],[68.0646,27.1406],[68.0719,27.1232],[68.0937,27.1439],[68.0831,27.1591],[68.0943,27.1838],[68.0937,27.2113],[68.105,27.204],[68.1342,27.2063]]]}},{"type":"Feature","properties":{"map_unit_id":"sd_matiari","name":"Matiari","province_code":"SD","district_ids":["sd_matiari"],"in_census_tables":true},"geometry":{"type":"Polygon","coordinates":[[[68.6539,25.6582],[68.6656,25.6765],[68.6387,25.6923],[68.622,25.6936],[68.5881,25.7228],[68.5517,25.7425],[68.5573,25.7549],[68.5414,25.7806],[68.5401,25.8128],[68.5264,25.8261],[68.493,25.8342],[68.4913,25.8484],[68.5238,25.8634],[68.502,25.8707],[68.4853,25.8857],[68.475,25.9079],[68.4553,25.9011],[68.4428,25.9199],[68.4754,25.9289],[68.4827,25.9731],[68.5003,25.9992],[68.5024,26.0194],[68.5157,26.0404],[68.544,26.0498],[68.5328,26.0635],[68.5016,26.0507],[68.4514,26.0443],[68.4346,26.0585],[68.3991,26.088],[68.3738,26.0965],[68.3468,26.0777],[68.3254,26.0485],[68.3095,26.0142],[68.2551,25.9861],[68.2722,25.9748],[68.2337,25.9298],[68.2448,25.9079],[68.2701,25.8852],[68.3207,25.8548],[68.3318,25.8055],[68.3082,25.7884],[68.2954,25.7639],[68.3314,25.7266],[68.3965,25.6962],[68.4625,25.6769],[68.4561,25.6619],[68.4068,25.6392],[68.3695,25.6272],[68.3571,25.6169],[68.3571,25.5985],[68.384,25.5519],[68.3926,25.5546],[68.4376,25.54],[68.4544,25.5053],[68.4685,25.4907],[68.5264,25.4628],[68.5899,25.4366],[68.5902,25.4652],[68.6058,25.4951],[68.6032,25.525],[68.6188,25.5536],[68.6708,25.5991],[68.6539,25.6309],[68.6539,25.6582]]]}},{"type":"Feature","properties":{"map_unit_id":"sd_mirpur_khas","name":"Mirpur Khas","province_code":"SD","district_ids":["sd_mirpur_khas"],"in_census_tables":true},"geometry":{"type":"Polygon","coordinates":[[[69.443,24.8514],[69.4852,24.8822],[69.4765,24.8863],[69.4726,24.9571],[69.4648,24.985],[69.4453,24.998],[69.4005,25.0578],[69.4063,25.1156],[69.3927,25.1384],[69.3758,25.1858],[69.3647,25.2307],[69.3641,25.2963],[69.3296,25.3242],[69.3049,25.3677],[69.2913,25.3749],[69.2699,25.3697],[69.279,25.3846],[69.2738,25.4002],[69.2517,25.3996],[69.2348,25.4171],[69.1828,25.4561],[69.1834,25.486],[69.1717,25.5282],[69.1704,25.5588],[69.2088,25.5588],[69.2393,25.5523],[69.2953,25.5491],[69.2926,25.5682],[69.2756,25.5871],[69.2703,25.608],[69.2893,25.6335],[69.2871,25.6817],[69.2638,25.6953],[69.2451,25.7259],[69.2336,25.731],[69.228,25.7551],[69.2128,25.7569],[69.1865,25.7814],[69.1604,25.7789],[69.1487,25.7858],[69.1453,25.8068],[69.1072,25.8118],[69.0973,25.8057],[69.1095,25.7693],[69.0838,25.752],[69.0501,25.7502],[69.0487,25.7216],[69.0314,25.7342],[69.023,25.7212],[68.9989,25.718],[68.9976,25.7011],[68.9203,25.7543],[68.9112,25.7368],[68.882,25.7303],[68.8826,25.6985],[68.9034,25.6673],[68.9047,25.6419],[68.8859,25.5393],[68.9002,25.4938],[68.9612,25.4022],[68.9606,25.3814],[68.9683,25.2979],[68.982,25.1325],[69.0106,25.1079],[69.0873,25.0695],[69.0918,25.0461],[69.1302,25.0169],[69.1334,24.9922],[69.1549,24.9857],[69.173,24.9539],[69.1847,24.9506],[69.2361,24.9604],[69.2893,24.9552],[69.3244,24.9064],[69.3283,24.8778],[69.3179,24.8512],[69.3017,24.8291],[69.3326,24.8007],[69.3884,24.8274],[69.406,24.8475],[69.443,24.8514]]]}},{"type":"Feature","properties":{"map_unit_id":"sd_naushahro_feroze","name":"Naushahro Feroze","province_code":"SD","district_ids":["sd_naushahro_feroze"],"in_census_tables":true},"geometry":{"type":"Polygon","coordinates":[[[67.8501,26.5467],[67.9093,26.5475],[67.9371,26.5546],[67.9551,26.5821],[67.9989,26.572],[68.0314,26.604],[68.0595,26.5826],[68.082,26.5753],[68.1123,26.5781],[68.1353,26.5927],[68.1633,26.5984],[68.2279,26.5984],[68.2633,26.6197],[68.3572,26.6304],[68.2857,26.6618],[68.3278,26.7903],[68.3155,26.8189],[68.3329,26.8987],[68.3508,26.9144],[68.3682,26.943],[68.3828,26.9834],[68.4081,26.9901],[68.43,27.0104],[68.4474,27.0356],[68.4434,27.076],[68.4204,27.1035],[68.4131,27.1265],[68.3463,27.1709],[68.3536,27.1832],[68.3362,27.2068],[68.2857,27.2175],[68.2745,27.2096],[68.1976,27.2338],[68.1774,27.2354],[68.1342,27.2063],[68.105,27.204],[68.0937,27.2113],[68.0943,27.1838],[68.0831,27.1591],[68.0937,27.1439],[68.0719,27.1232],[68.0646,27.1406],[68.0474,27.1296],[68.0366,27.0989],[68.0045,27.0697],[67.9472,27.0715],[67.9111,27.0565],[67.9101,27.0426],[67.9553,27.0261],[67.9734,27.0136],[67.9798,26.9865],[67.9695,26.9778],[67.9265,26.9717],[67.9164,26.9568],[67.9314,26.9364],[67.9211,26.9219],[67.8844,26.9118],[67.8681,26.8992],[67.8341,26.8558],[67.8506,26.7948],[67.8646,26.7651],[67.8521,26.7284],[67.8357,26.723],[67.8444,26.6905],[67.8628,26.6824],[67.8693,26.6608],[67.8479,26.6322],[67.8184,26.6036],[67.803,26.5974],[67.8075,26.5725],[67.8501,26.5467]]]}},{"type":"Feature","properties":{"map_unit_id":"sd_sanghar","name":"Sanghar","province_code":"SD","district_ids":["sd_sanghar"],"in_census_tables":true},"geometry":{"type":"Polygon","coordinates":[[[68.8683,25.6978],[68.8826,25.6985],[68.882,25.7303],[68.9112,25.7368],[68.9203,25.7543],[68.9976,25.7011],[68.9989,25.718],[69.023,25.7212],[69.0314,25.7342],[69.0487,25.7216],[69.0501,25.7502],[69.0838,25.752],[69.1095,25.7693],[69.0973,25.8057],[69.1072,25.8118],[69.1453,25.8068],[69.1487,25.7858],[69.1604,25.7789],[69.1865,25.7814],[69.2128,25.7569],[69.228,25.7551],[69.2336,25.731],[69.2451,25.7259],[69.2638,25.6953],[69.2871,25.6817],[69.2893,25.6335],[69.2703,25.608],[69.2756,25.5871],[69.2926,25.5682],[69.2953,25.5491],[69.3355,25.5705],[69.381,25.5575],[69.3933,25.5672],[69.4186,25.5497],[69.4479,25.5438],[69.4797,25.5588],[69.496,25.5555],[69.52,25.5724],[69.5616,25.5653],[69.5655,25.5269],[69.5759,25.5022],[69.6292,25.4925],[69.6363,25.5178],[69.6701,25.5126],[69.6863,25.5328],[69.7234,25.5477],[69.7422,25.5646],[69.7734,25.6082],[69.791,25.6536],[69.8488,25.6874],[69.8683,25.6933],[69.9306,25.7602],[69.9443,25.7576],[69.9742,25.7271],[69.9911,25.7258],[70.0346,25.742],[70.0463,25.753],[70.0898,25.7693],[70.1126,25.7628],[70.1334,25.7706],[70.171,25.7706],[70.2223,25.7945],[70.1755,25.8289],[70.1009,25.9391],[70.0854,26.0824],[70.1289,26.1387],[70.096,26.1524],[70.0711,26.1536],[70.0437,26.1661],[69.9565,26.1835],[69.9229,26.1947],[69.893,26.1935],[69.8407,26.2059],[69.7959,26.2084],[69.7461,26.2034],[69.6614,26.2146],[69.6228,26.2171],[69.5767,26.2059],[69.5443,26.2047],[69.4821,26.2159],[69.3911,26.2159],[69.2417,26.2383],[69.2068,26.2371],[69.1543,26.2289],[69.1072,26.2258],[69.0811,26.2408],[69.0743,26.261],[69.0603,26.2503],[69.0575,26.2964],[69.0177,26.2997],[68.9857,26.3604],[68.9548,26.3828],[68.9492,26.4243],[68.9262,26.4625],[68.9161,26.4693],[68.8562,26.4373],[68.8395,26.3984],[68.8089,26.3595],[68.7753,26.3324],[68.7446,26.3172],[68.7378,26.3374],[68.701,26.3346],[68.6938,26.3071],[68.6797,26.2992],[68.6411,26.2988],[68.6328,26.2772],[68.6588,26.2339],[68.6678,26.2101],[68.6422,26.1682],[68.6223,26.196],[68.6017,26.1733],[68.5846,26.18],[68.5757,26.1617],[68.5553,26.1687],[68.5265,26.1558],[68.5053,26.166],[68.4863,26.155],[68.5006,26.15],[68.4873,26.1311],[68.4532,26.1139],[68.4682,26.0838],[68.4682,26.0701],[68.4346,26.0585],[68.4514,26.0443],[68.5016,26.0507],[68.5328,26.0635],[68.544,26.0498],[68.5157,26.0404],[68.5024,26.0194],[68.5003,25.9992],[68.4827,25.9731],[68.4754,25.9289],[68.4428,25.9199],[68.4553,25.9011],[68.475,25.9079],[68.4853,25.8857],[68.502,25.8707],[68.5238,25.8634],[68.4913,25.8484],[68.493,25.8342],[68.5264,25.8261],[68.5401,25.8128],[68.5414,25.7806],[68.5573,25.7549],[68.5517,25.7425],[68.5881,25.7228],[68.622,25.6936],[68.6387,25.6923],[68.6656,25.6765],[68.6773,25.6835],[68.6916,25.7134],[68.6922,25.7297],[68.7267,25.7238],[68.739,25.755],[68.8105,25.7368],[68.8404,25.7225],[68.8683,25.6978]]]}},{"type":"Feature","properties":{"map_unit_id":"sd_shaheed_benazirabad","name":"Shaheed Benazirabad","province_code":"SD","district_ids":["sd_shaheed_benazirabad"],"in_census_tables":true},"geometry":{"type":"Polygon","coordinates":[[[68.3991,26.088],[68.4346,26.0585],[68.4682,26.0701],[68.4682,26.0838],[68.4532,26.1139],[68.4873,26.1311],[68.5006,26.15],[68.4863,26.155],[68.5053,26.166],[68.5265,26.1558],[68.5553,26.1687],[68.5757,26.1617],[68.5846,26.18],[68.6017,26.1733],[68.6223,26.196],[68.6422,26.1682],[68.6678,26.2101],[68.6588,26.2339],[68.6328,26.2772],[68.6411,26.2988],[68.6797,26.2992],[68.6938,26.3071],[68.701,26.3346],[68.7378,26.3374],[68.7446,26.3172],[68.7753,26.3324],[68.8089,26.3595],[68.8395,26.3984],[68.8562,26.4373],[68.8493,26.4479],[68.8532,26.4709],[68.8206,26.5428],[68.8089,26.5624],[68.7769,26.581],[68.6893,26.5972],[68.6292,26.5972],[68.5725,26.604],[68.526,26.6152],[68.4794,26.6158],[68.3572,26.6304],[68.2633,26.6197],[68.2279,26.5984],[68.1633,26.5984],[68.1353,26.5927],[68.1123,26.5781],[68.082,26.5753],[68.0595,26.5826],[68.0314,26.604],[67.9989,26.572],[67.9551,26.5821],[67.9371,26.5546],[67.9093,26.5475],[67.9203,26.5038],[67.9203,26.4853],[67.8789,26.4355],[67.8965,26.4273],[67.9008,26.4121],[67.9257,26.3978],[67.9274,26.3746],[67.898,26.3833],[67.8753,26.337],[67.8719,26.3186],[67.8792,26.2959],[67.904,26.2916],[67.9156,26.2457],[67.9529,26.229],[67.9889,26.2033],[68.0155,26.1964],[68.0215,26.1557],[68.0541,26.1218],[68.1106,26.0695],[68.1801,25.9992],[68.2452,26.001],[68.2551,25.9861],[68.3095,26.0142],[68.3254,26.0485],[68.3468,26.0777],[68.3738,26.0965],[68.3991,26.088]]]}},{"type":"Feature","properties":{"map_unit_id":"sd_shikarpur","name":"Shikarpur","province_code":"SD","district_ids":["sd_shikarpur"],"in_census_tables":true},"geometry":{"type":"Polygon","coordinates":[[[68.5568,27.7117],[68.6,27.7287],[68.6188,27.7503],[68.6554,27.7553],[68.6739,27.7734],[68.6725,27.7932],[68.7045,27.7988],[68.721,27.8097],[68.7645,27.7902],[68.8067,27.7975],[68.8568,27.8436],[68.8667,27.8594],[68.8572,27.8829],[68.8707,27.8977],[68.8958,27.9102],[68.9007,27.9396],[68.9459,27.9521],[68.9574,27.9679],[68.9808,27.9804],[69.0161,27.9818],[69.0408,28.0184],[69.0587,28.0284],[69.0493,28.0478],[69.0145,28.0856],[68.9873,28.0932],[68.957,28.0917],[68.9336,28.0973],[68.9024,28.0942],[68.8812,28.0833],[68.8723,28.0912],[68.8015,28.11],[68.7527,28.1305],[68.6996,28.1338],[68.6528,28.1549],[68.6218,28.1585],[68.5759,28.1549],[68.5303,28.1643],[68.4754,28.1516],[68.4444,28.1301],[68.4127,28.1193],[68.3771,28.1156],[68.3217,28.1206],[68.3082,27.9976],[68.3135,27.9346],[68.2894,27.9359],[68.2868,27.926],[68.2416,27.9282],[68.2634,27.8766],[68.2901,27.8621],[68.2891,27.8433],[68.3184,27.8166],[68.3359,27.7932],[68.3438,27.751],[68.3976,27.7368],[68.3959,27.718],[68.4127,27.7177],[68.4384,27.6972],[68.4599,27.6887],[68.5014,27.7203],[68.5169,27.7226],[68.5568,27.7117]]]}},{"type":"Feature","properties":{"map_unit_id":"sd_sujawal","name":"Sujawal","province_code":"SD","district_ids":["sd_sujawal"],"in_census_tables":true},"geometry":{"type":"MultiPolygon","coordinates":[[[[68.1731,23.7757],[68.194,23.786],[68.1921,23.8331],[68.1674,23.8444],[68.1734,23.8259],[68.1611,23.819],[68.1324,23.8216],[68.1204,23.8312],[68.0894,23.8052],[68.0801,23.7611],[68.0573,23.7354],[68.0675,23.7084],[68.1194,23.7031],[68.1299,23.7147],[68.1536,23.7057],[68.1623,23.7544],[68.1731,23.7757]]],[[[67.4903,24.0056],[67.4864,23.9741],[67.5008,23.9698],[67.4695,23.9393],[67.4812,23.9402],[67.4891,23.9175],[67.5509,23.8846],[67.6005,23.8625],[67.6494,23.8458],[67.6493,23.8248],[67.6874,23.8071],[67.7268,23.8103],[67.7365,23.8199],[67.7051,23.8556],[67.7542,23.8283],[67.7743,23.8093],[67.8117,23.8099],[67.8397,23.8381],[67.8314,23.8852],[67.8416,23.9246],[67.8547,23.9366],[67.8698,23.9298],[67.8635,23.9135],[67.8725,23.8842],[67.9429,23.8173],[67.9596,23.8065],[67.9282,23.7907],[67.9306,23.7777],[67.97,23.7571],[67.9842,23.7634],[68.0081,23.7585],[68.0353,23.7782],[68.0471,23.8263],[68.0277,23.8693],[68.0298,23.9032],[68.042,23.9119],[68.0553,23.903],[68.0471,23.8814],[68.0519,23.859],[68.082,23.8483],[68.1169,23.8517],[68.1421,23.8397],[68.136,23.8695],[68.1599,23.8547],[68.1941,23.847],[68.2011,23.8767],[68.2574,23.9007],[68.2876,23.8901],[68.2892,23.9031],[68.2638,23.9214],[68.2762,23.9396],[68.2946,23.9239],[68.3141,23.9231],[68.3161,23.9396],[68.339,23.9335],[68.3494,23.9475],[68.3294,23.9485],[68.3355,23.9757],[68.356,23.9774],[68.3647,23.9405],[68.3797,23.971],[68.3975,23.9701],[68.7515,23.9701],[68.7624,24.0479],[68.767,24.116],[68.7684,24.2687],[68.7332,24.373],[68.7078,24.3801],[68.6162,24.3769],[68.5824,24.36],[68.5279,24.3691],[68.4486,24.3944],[68.4609,24.4282],[68.457,24.4386],[68.4336,24.4373],[68.4167,24.4263],[68.4076,24.449],[68.4089,24.4951],[68.394,24.5192],[68.4063,24.5582],[68.3895,24.5653],[68.3758,24.592],[68.381,24.6251],[68.3661,24.6459],[68.3544,24.6485],[68.3648,24.6719],[68.3713,24.7265],[68.3537,24.7388],[68.3576,24.7583],[68.3349,24.7901],[68.2991,24.8077],[68.2998,24.8311],[68.2777,24.8447],[68.2725,24.87],[68.2595,24.8869],[68.2745,24.8921],[68.2907,24.924],[68.3089,24.9253],[68.3108,24.9383],[68.2599,24.9891],[68.2353,24.9753],[68.227,24.9565],[68.2142,24.9537],[68.1821,24.9748],[68.1355,24.9709],[68.125,24.9548],[68.1227,24.9132],[68.0867,24.8955],[68.0878,24.88],[68.1161,24.8544],[68.1237,24.8405],[68.1089,24.8384],[68.0911,24.8544],[68.0501,24.85],[68.0263,24.8267],[68.0324,24.7779],[68.019,24.7507],[68.0074,24.7441],[68.008,24.7197],[67.9941,24.7175],[67.9625,24.6676],[67.9697,24.6032],[67.9891,24.5883],[67.9913,24.5478],[67.973,24.5367],[67.9509,24.5022],[67.9826,24.5048],[67.9924,24.475],[67.9636,24.4646],[67.9641,24.4203],[67.9453,24.4175],[67.8649,24.4275],[67.8471,24.4203],[67.8366,24.4025],[67.8521,24.3776],[67.8276,24.3607],[67.7782,24.3357],[67.7823,24.2955],[67.8133,24.2628],[67.8094,24.2417],[67.7512,24.2434],[67.7418,24.2173],[67.7242,24.2277],[67.7131,24.2093],[67.6618,24.1585],[67.6371,24.1846],[67.6226,24.1846],[67.5983,24.1596],[67.5832,24.1557],[67.5456,24.1596],[67.539,24.1385],[67.5542,24.1287],[67.5621,24.1096],[67.5595,24.0786],[67.5726,24.0648],[67.5489,24.0516],[67.5022,24.0398],[67.4903,24.0056]]]]}},{"type":"Feature","properties":{"map_unit_id":"sd_sukkur","name":"Sukkur","province_code":"SD","district_ids":["sd_sukkur"],"in_census_tables":true},"geometry":{"type":"Polygon","coordinates":[[[69.7795,27.3205],[69.7934,27.3357],[69.7719,27.3301],[69.7442,27.3423],[69.6979,27.3778],[69.6214,27.3993],[69.531,27.4639],[69.5472,27.4887],[69.5547,27.5134],[69.5504,27.5285],[69.5202,27.5188],[69.4438,27.5177],[69.4234,27.5317],[69.3351,27.5436],[69.2985,27.5705],[69.2813,27.5888],[69.2393,27.6544],[69.1962,27.69],[69.1542,27.6953],[69.1564,27.7244],[69.1822,27.7212],[69.1973,27.7276],[69.2005,27.747],[69.2296,27.7373],[69.2339,27.7276],[69.2716,27.7427],[69.2716,27.7545],[69.249,27.7782],[69.2597,27.7911],[69.2124,27.8482],[69.2113,27.8643],[69.1844,27.9096],[69.1779,27.93],[69.1833,27.9483],[69.165,27.9774],[69.1779,27.9916],[69.1538,27.9903],[69.1144,28.0175],[69.0902,27.9918],[69.0705,28.0039],[69.0587,28.0284],[69.0408,28.0184],[69.0161,27.9818],[68.9808,27.9804],[68.9574,27.9679],[68.9459,27.9521],[68.9007,27.9396],[68.8958,27.9102],[68.8707,27.8977],[68.8572,27.8829],[68.8667,27.8594],[68.8568,27.8436],[68.8067,27.7975],[68.7645,27.7902],[68.721,27.8097],[68.7045,27.7988],[68.6725,27.7932],[68.6739,27.7734],[68.6554,27.7553],[68.6188,27.7503],[68.6,27.7287],[68.6695,27.721],[68.6924,27.685],[68.7188,27.6767],[68.7434,27.6767],[68.768,27.6999],[68.7937,27.6942],[68.8433,27.6953],[68.8394,27.6757],[68.8533,27.6411],[68.8319,27.6246],[68.8101,27.58],[68.7926,27.5215],[68.7998,27.5094],[68.8326,27.5008],[68.8312,27.4805],[68.8943,27.4808],[68.8661,27.443],[68.8915,27.4134],[68.8683,27.382],[68.8372,27.3545],[68.8305,27.3017],[68.8462,27.287],[68.9121,27.242],[69.0075,27.2039],[69.0674,27.2025],[69.0917,27.2114],[69.126,27.2082],[69.1823,27.1835],[69.2394,27.1846],[69.2769,27.1696],[69.3476,27.1479],[69.4022,27.1164],[69.4596,27.1007],[69.4985,27.0726],[69.5403,27.069],[69.5878,27.1799],[69.652,27.2293],[69.6978,27.2788],[69.7164,27.2934],[69.7795,27.3205]]]}},{"type":"Feature","properties":{"map_unit_id":"sd_tando_allahyar","name":"Tando Allahyar","province_code":"SD","district_ids":["sd_tando_allahyar"],"in_census_tables":true},"geometry":{"type":"Polygon","coordinates":[[[68.9443,25.2781],[68.9683,25.2979],[68.9606,25.3814],[68.9612,25.4022],[68.9002,25.4938],[68.8859,25.5393],[68.9047,25.6419],[68.9034,25.6673],[68.8826,25.6985],[68.8683,25.6978],[68.8404,25.7225],[68.8105,25.7368],[68.739,25.755],[68.7267,25.7238],[68.6922,25.7297],[68.6916,25.7134],[68.6773,25.6835],[68.6656,25.6765],[68.6539,25.6582],[68.6539,25.6309],[68.6708,25.5991],[68.6188,25.5536],[68.6032,25.525],[68.6058,25.4951],[68.5902,25.4652],[68.5899,25.4366],[68.5902,25.4249],[68.6123,25.41],[68.6162,25.3924],[68.6058,25.3755],[68.6253,25.3612],[68.6253,25.3502],[68.5954,25.347],[68.5727,25.358],[68.5766,25.3379],[68.6104,25.3125],[68.6143,25.2833],[68.6403,25.2627],[68.6635,25.2834],[68.7064,25.2856],[68.722,25.2629],[68.7375,25.2535],[68.7696,25.2462],[68.7709,25.2086],[68.7877,25.2066],[68.8059,25.2164],[68.8371,25.2183],[68.8859,25.2287],[68.8904,25.2644],[68.9047,25.2618],[68.9443,25.2781]]]}},{"type":"Feature","properties":{"map_unit_id":"sd_tando_muhammad_khan","name":"Tando Muhammad Khan","province_code":"SD","district_ids":["sd_tando_muhammad_khan"],"in_census_tables":true},"geometry":{"type":"Polygon","coordinates":[[[68.3349,24.7901],[68.3576,24.7583],[68.3817,24.7784],[68.4336,24.7914],[68.4531,24.8376],[68.4733,24.846],[68.485,24.8733],[68.4993,24.8596],[68.5324,24.8889],[68.5636,24.8824],[68.5798,24.8655],[68.6279,24.8863],[68.6461,24.8998],[68.6836,24.8922],[68.6748,24.8656],[68.6503,24.8568],[68.6484,24.8472],[68.6748,24.8244],[68.6637,24.8003],[68.7058,24.7891],[68.7455,24.7911],[68.7464,24.8078],[68.7743,24.8153],[68.7861,24.831],[68.7993,24.817],[68.8188,24.819],[68.8335,24.8671],[68.8463,24.8824],[68.8472,24.9028],[68.8349,24.9284],[68.8568,24.9393],[68.8676,24.9335],[68.8662,24.9566],[68.8474,24.9531],[68.8452,24.9872],[68.8148,24.9836],[68.7564,24.9622],[68.6643,25.0253],[68.6305,25.039],[68.572,25.089],[68.6026,25.1001],[68.6584,25.1397],[68.6662,25.1553],[68.6221,25.1507],[68.6149,25.1592],[68.663,25.193],[68.7007,25.2001],[68.7007,25.217],[68.7267,25.2365],[68.7375,25.2535],[68.722,25.2629],[68.7064,25.2856],[68.6635,25.2834],[68.6403,25.2627],[68.6422,25.2417],[68.6006,25.2384],[68.6078,25.2021],[68.5844,25.1787],[68.5707,25.2001],[68.5538,25.204],[68.5584,25.1754],[68.5369,25.1702],[68.5292,25.1579],[68.5097,25.1644],[68.4928,25.1585],[68.4564,25.1819],[68.4317,25.1761],[68.4193,25.1637],[68.3765,25.1787],[68.3433,25.2164],[68.3342,25.1943],[68.3524,25.1631],[68.3459,25.1286],[68.279,25.1241],[68.2654,25.0825],[68.2569,25.0188],[68.2599,24.9891],[68.3108,24.9383],[68.3089,24.9253],[68.2907,24.924],[68.2745,24.8921],[68.2595,24.8869],[68.2725,24.87],[68.2777,24.8447],[68.2998,24.8311],[68.2991,24.8077],[68.3349,24.7901]]]}},{"type":"Feature","properties":{"map_unit_id":"sd_tharparkar","name":"Tharparkar","province_code":"SD","district_ids":["sd_tharparkar"],"in_census_tables":true},"geometry":{"type":"Polygon","coordinates":[[[69.0561,24.3244],[69.082,24.264],[69.1939,24.2339],[69.2184,24.2362],[69.2626,24.2595],[69.2909,24.2688],[69.3269,24.2705],[69.3528,24.2648],[69.4197,24.2681],[69.5032,24.2578],[69.5616,24.2768],[69.5905,24.2808],[69.6243,24.2568],[69.7129,24.1783],[69.7249,24.1712],[69.7809,24.1625],[69.8544,24.1649],[69.9753,24.1623],[70.0203,24.164],[70.0435,24.176],[70.0741,24.2104],[70.1185,24.2878],[70.1326,24.295],[70.1859,24.2982],[70.2862,24.3293],[70.322,24.3431],[70.3741,24.3488],[70.4265,24.3735],[70.481,24.3822],[70.4968,24.393],[70.5547,24.4139],[70.5849,24.4134],[70.5982,24.3953],[70.5843,24.3642],[70.5649,24.3485],[70.5738,24.3145],[70.5843,24.3036],[70.5698,24.2904],[70.5849,24.2837],[70.5707,24.2632],[70.5831,24.2434],[70.6206,24.238],[70.6613,24.2212],[70.7961,24.2205],[70.8584,24.2474],[70.8966,24.256],[70.8984,24.2683],[70.8637,24.2841],[70.8677,24.3023],[70.9208,24.3212],[70.926,24.3297],[70.9913,24.3602],[71.0223,24.3495],[71.041,24.3531],[71.0681,24.3801],[71.125,24.4009],[71.1273,24.4207],[71.1035,24.4368],[71.0706,24.4387],[71.0373,24.4341],[70.9992,24.4472],[71.0072,24.5288],[70.9931,24.5451],[70.9878,24.5956],[70.9978,24.6155],[71.0243,24.6394],[71.0772,24.6629],[71.0991,24.6874],[71.0673,24.7181],[71.0283,24.8092],[70.9893,24.8695],[70.9426,24.9314],[70.919,25.0005],[70.889,25.1476],[70.7522,25.2785],[70.7378,25.3333],[70.6663,25.3973],[70.6732,25.4202],[70.6735,25.4648],[70.6797,25.523],[70.6686,25.5311],[70.6755,25.6756],[70.6614,25.7031],[70.6483,25.7135],[70.6082,25.7159],[70.5293,25.6844],[70.5006,25.6858],[70.4374,25.6816],[70.3881,25.675],[70.3595,25.681],[70.2697,25.7147],[70.2642,25.7208],[70.1965,25.677],[70.1803,25.6601],[70.1621,25.6607],[70.1524,25.6335],[70.1257,25.5907],[70.1653,25.5907],[70.1978,25.6023],[70.2263,25.5958],[70.2244,25.5868],[70.1705,25.5465],[70.1725,25.5335],[70.2095,25.5387],[70.2484,25.5621],[70.2848,25.5524],[70.2763,25.5232],[70.2822,25.4959],[70.2419,25.4557],[70.2335,25.4226],[70.2504,25.4239],[70.253,25.4037],[70.2679,25.4063],[70.2867,25.4258],[70.2964,25.4245],[70.325,25.3875],[70.2861,25.3693],[70.2757,25.3576],[70.3029,25.3434],[70.3049,25.27],[70.2945,25.2473],[70.2536,25.2201],[70.2523,25.233],[70.227,25.2389],[70.2134,25.2265],[70.164,25.2291],[70.1394,25.2103],[70.1115,25.2032],[70.0803,25.2123],[70.0401,25.2012],[70.0219,25.2077],[70.0037,25.2006],[69.9797,25.2045],[69.9018,25.2428],[69.885,25.2421],[69.7448,25.1701],[69.6857,25.1519],[69.6844,25.135],[69.7415,25.1045],[69.7376,25.0838],[69.7506,25.0617],[69.7337,25.0591],[69.7402,25.0059],[69.7078,24.9987],[69.6812,25.0117],[69.639,25.0448],[69.6253,25.0396],[69.5987,25.0124],[69.5857,24.9838],[69.5611,24.9611],[69.5157,24.9092],[69.4852,24.8822],[69.443,24.8514],[69.406,24.8475],[69.3884,24.8274],[69.3326,24.8007],[69.3138,24.7787],[69.2762,24.7573],[69.2528,24.7521],[69.2586,24.7333],[69.2859,24.7216],[69.2418,24.7015],[69.2216,24.682],[69.219,24.6658],[69.2424,24.6619],[69.2521,24.6476],[69.234,24.6333],[69.2353,24.5957],[69.2268,24.5957],[69.2067,24.621],[69.1996,24.6002],[69.2216,24.5827],[69.21,24.5652],[69.221,24.5425],[69.2009,24.5288],[69.195,24.5386],[69.1386,24.5048],[69.1094,24.4763],[69.1035,24.4626],[69.0776,24.451],[69.0639,24.3822],[69.0561,24.3244]]]}},{"type":"Feature","properties":{"map_unit_id":"sd_thatta","name":"Thatta","province_code":"SD","district_ids":["sd_thatta"],"in_census_tables":true},"geometry":{"type":"MultiPolygon","coordinates":[[[[67.3338,24.3733],[67.3304,24.3842],[67.3087,24.3785],[67.3154,24.3647],[67.3338,24.3733]]],[[[67.3225,24.4723],[67.329,24.4923],[67.3198,24.496],[67.3097,24.4745],[67.3225,24.4723]]],[[[67.2751,24.4673],[67.3027,24.471],[67.3128,24.4999],[67.288,24.5262],[67.2549,24.5086],[67.2482,24.4834],[67.2577,24.4721],[67.255,24.4507],[67.2751,24.4673]]],[[[67.3466,24.4983],[67.3191,24.5195],[67.3143,24.5079],[67.3448,24.4909],[67.3466,24.4983]]],[[[67.2944,24.5258],[67.3153,24.5267],[67.3505,24.5024],[67.3615,24.5249],[67.3475,24.543],[67.3083,24.544],[67.2944,24.5258]]],[[[67.2732,24.5249],[67.3029,24.5478],[67.2858,24.581],[67.2465,24.5741],[67.1991,24.577],[67.1966,24.5691],[67.237,24.5232],[67.2453,24.5379],[67.2732,24.5249]]],[[[67.3049,24.5875],[67.3086,24.6039],[67.3017,24.5993],[67.3049,24.5875]]],[[[67.3143,24.6098],[67.3136,24.5866],[67.3336,24.5962],[67.3345,24.6129],[67.3124,24.635],[67.2902,24.614],[67.2933,24.5865],[67.3046,24.6122],[67.3143,24.6098]]],[[[67.2728,24.6032],[67.283,24.6271],[67.2565,24.6611],[67.216,24.6635],[67.203,24.6793],[67.1767,24.6706],[67.1819,24.6426],[67.1981,24.6214],[67.2145,24.6386],[67.2257,24.616],[67.2562,24.5972],[67.2728,24.6032]]],[[[67.2794,24.6441],[67.2932,24.6347],[67.307,24.644],[67.2986,24.6662],[67.2834,24.6634],[67.2794,24.6441]]],[[[67.3343,24.6766],[67.3126,24.6471],[67.3293,24.6414],[67.343,24.655],[67.3343,24.6766]]],[[[67.316,24.6635],[67.3208,24.6697],[67.2911,24.6875],[67.316,24.6635]]],[[[67.1889,24.6911],[67.2137,24.6807],[67.2222,24.6678],[67.2457,24.6703],[67.2199,24.6909],[67.2122,24.7168],[67.1889,24.6911]]],[[[67.385,24.711],[67.3465,24.7355],[67.3297,24.7274],[67.3031,24.7372],[67.2749,24.7258],[67.2545,24.7063],[67.2257,24.7227],[67.2237,24.6992],[67.2364,24.6971],[67.2481,24.6771],[67.2732,24.6777],[67.2923,24.67],[67.2873,24.6917],[67.3301,24.6781],[67.3495,24.694],[67.3915,24.6966],[67.385,24.711]]],[[[67.4231,24.0676],[67.4105,24.0805],[67.413,24.0593],[67.4231,24.0676]]],[[[67.4413,23.951],[67.4864,23.9741],[67.4903,24.0056],[67.5022,24.0398],[67.5489,24.0516],[67.5726,24.0648],[67.5595,24.0786],[67.5621,24.1096],[67.5542,24.1287],[67.539,24.1385],[67.5456,24.1596],[67.5832,24.1557],[67.5983,24.1596],[67.6226,24.1846],[67.6371,24.1846],[67.6618,24.1585],[67.7131,24.2093],[67.7242,24.2277],[67.7418,24.2173],[67.7512,24.2434],[67.8094,24.2417],[67.8133,24.2628],[67.7823,24.2955],[67.7782,24.3357],[67.8276,24.3607],[67.8521,24.3776],[67.8366,24.4025],[67.8471,24.4203],[67.8649,24.4275],[67.9453,24.4175],[67.9641,24.4203],[67.9636,24.4646],[67.9924,24.475],[67.9826,24.5048],[67.9509,24.5022],[67.973,24.5367],[67.9913,24.5478],[67.9891,24.5883],[67.9697,24.6032],[67.9625,24.6676],[67.9941,24.7175],[68.008,24.7197],[68.0074,24.7441],[68.019,24.7507],[68.0324,24.7779],[68.0263,24.8267],[68.0501,24.85],[68.0911,24.8544],[68.1089,24.8384],[68.1237,24.8405],[68.1161,24.8544],[68.0878,24.88],[68.0867,24.8955],[68.1227,24.9132],[68.125,24.9548],[68.1355,24.9709],[68.1821,24.9748],[68.2142,24.9537],[68.227,24.9565],[68.2353,24.9753],[68.2599,24.9891],[68.2569,25.0188],[68.2654,25.0825],[68.279,25.1241],[68.3459,25.1286],[68.3524,25.1631],[68.3342,25.1943],[68.3433,25.2164],[68.3258,25.2372],[68.3258,25.2592],[68.3453,25.282],[68.3443,25.3027],[68.3225,25.2872],[68.2556,25.2898],[68.201,25.3028],[68.1744,25.2982],[68.1523,25.3164],[68.1082,25.3955],[68.0801,25.4187],[68.0139,25.4483],[67.9925,25.4418],[67.9619,25.4074],[67.9424,25.4106],[67.9307,25.3755],[67.9093,25.3606],[67.9119,25.334],[67.906,25.3015],[67.8892,25.2969],[67.8723,25.2664],[67.8586,25.2657],[67.8404,25.2287],[67.8222,25.2138],[67.8281,25.1897],[67.8183,25.126],[67.8047,25.0903],[67.7716,25.0825],[67.7456,25.0695],[67.7274,25.0455],[67.7098,25.0006],[67.6487,25.0156],[67.6241,25.0078],[67.5903,24.9721],[67.5584,24.9688],[67.5214,24.9795],[67.5207,24.9558],[67.5308,24.9128],[67.5665,24.8493],[67.5799,24.8174],[67.5799,24.7901],[67.5474,24.7895],[67.5176,24.7983],[67.5035,24.8104],[67.453,24.8367],[67.439,24.8386],[67.4394,24.7928],[67.4439,24.7819],[67.4607,24.7801],[67.4266,24.769],[67.3806,24.7765],[67.3546,24.7683],[67.3496,24.7458],[67.3714,24.7242],[67.3821,24.7254],[67.3932,24.7046],[67.4325,24.6982],[67.4344,24.6857],[67.4203,24.6727],[67.4465,24.6433],[67.4341,24.6406],[67.4143,24.6494],[67.4069,24.6358],[67.3809,24.6349],[67.3799,24.6194],[67.3661,24.6058],[67.3498,24.6072],[67.3381,24.5905],[67.3231,24.5906],[67.3155,24.5753],[67.2996,24.5771],[67.3233,24.5491],[67.3521,24.5551],[67.3834,24.5774],[67.3571,24.5504],[67.3579,24.5419],[67.4016,24.5439],[67.3975,24.5246],[67.3702,24.5304],[67.3553,24.5028],[67.3523,24.4797],[67.3263,24.4801],[67.3258,24.4653],[67.3094,24.4589],[67.3424,24.4591],[67.3743,24.4721],[67.4021,24.5012],[67.3911,24.5142],[67.4131,24.517],[67.4039,24.5065],[67.4213,24.4707],[67.4078,24.484],[67.3874,24.4798],[67.3604,24.4608],[67.3762,24.4594],[67.3958,24.4406],[67.4345,24.4423],[67.4061,24.4328],[67.3735,24.4063],[67.3469,24.3981],[67.3605,24.3877],[67.3756,24.3978],[67.4158,24.4014],[67.4222,24.3826],[67.4055,24.3919],[67.369,24.3857],[67.362,24.3727],[67.3696,24.3477],[67.3967,24.3311],[67.438,24.3224],[67.4566,24.3422],[67.4757,24.3257],[67.4872,24.3263],[67.5124,24.3526],[67.5146,24.3424],[67.4906,24.3218],[67.449,24.3322],[67.4421,24.3161],[67.4201,24.3193],[67.4109,24.3113],[67.3737,24.3358],[67.3509,24.343],[67.3386,24.3323],[67.3594,24.3013],[67.3402,24.3088],[67.3299,24.3339],[67.29,24.2977],[67.2882,24.2661],[67.3128,24.2586],[67.3259,24.2449],[67.3632,24.2858],[67.3814,24.2732],[67.3613,24.2757],[67.3501,24.2542],[67.3739,24.2433],[67.3972,24.242],[67.4192,24.2275],[67.3625,24.2386],[67.342,24.2352],[67.3168,24.2132],[67.3428,24.1559],[67.3571,24.1404],[67.4146,24.1288],[67.4118,24.1233],[67.3722,24.1323],[67.3616,24.1214],[67.3847,24.0693],[67.4073,24.0547],[67.4088,24.084],[67.4431,24.1202],[67.4331,24.0963],[67.4184,24.0883],[67.438,24.0636],[67.3839,24.0201],[67.3912,24.0043],[67.4127,23.993],[67.4187,23.9724],[67.4413,23.951]]],[[[67.3591,24.3603],[67.3557,24.3838],[67.3376,24.3671],[67.3591,24.3603]]],[[[67.34,24.3937],[67.3441,24.417],[67.3632,24.4118],[67.3671,24.4234],[67.3529,24.4367],[67.3104,24.428],[67.34,24.4177],[67.3086,24.4156],[67.308,24.3906],[67.34,24.3937]]],[[[67.3951,24.4296],[67.3774,24.4338],[67.379,24.4215],[67.3951,24.4296]]],[[[67.3059,24.432],[67.3372,24.4416],[67.3595,24.4418],[67.3623,24.4573],[67.3018,24.4501],[67.3059,24.432]]],[[[67.3398,24.6175],[67.3463,24.6098],[67.3479,24.6213],[67.3398,24.6175]]],[[[67.3267,24.63],[67.3475,24.6292],[67.3622,24.6155],[67.3725,24.6338],[67.3556,24.6445],[67.3267,24.63]]],[[[67.3649,24.6521],[67.3671,24.667],[67.3447,24.6498],[67.3649,24.6521]]],[[[67.4069,24.6477],[67.4163,24.657],[67.437,24.6484],[67.4158,24.6699],[67.4289,24.6908],[67.4209,24.6984],[67.3856,24.6889],[67.3405,24.6858],[67.3475,24.6718],[67.3666,24.6722],[67.3869,24.6506],[67.4069,24.6477]]]]}},{"type":"Feature","properties":{"map_unit_id":"sd_umer_kot","name":"Umer Kot","province_code":"SD","district_ids":["sd_umer_kot"],"in_census_tables":true},"geometry":{"type":"Polygon","coordinates":[[[69.4765,24.8863],[69.4852,24.8822],[69.5157,24.9092],[69.5611,24.9611],[69.5857,24.9838],[69.5987,25.0124],[69.6253,25.0396],[69.639,25.0448],[69.6812,25.0117],[69.7078,24.9987],[69.7402,25.0059],[69.7337,25.0591],[69.7506,25.0617],[69.7376,25.0838],[69.7415,25.1045],[69.6844,25.135],[69.6857,25.1519],[69.7448,25.1701],[69.885,25.2421],[69.9018,25.2428],[69.9797,25.2045],[70.0037,25.2006],[70.0219,25.2077],[70.0401,25.2012],[70.0803,25.2123],[70.1115,25.2032],[70.1394,25.2103],[70.164,25.2291],[70.2134,25.2265],[70.227,25.2389],[70.2523,25.233],[70.2536,25.2201],[70.2945,25.2473],[70.3049,25.27],[70.3029,25.3434],[70.2757,25.3576],[70.2861,25.3693],[70.325,25.3875],[70.2964,25.4245],[70.2867,25.4258],[70.2679,25.4063],[70.253,25.4037],[70.2504,25.4239],[70.2335,25.4226],[70.2419,25.4557],[70.2822,25.4959],[70.2763,25.5232],[70.2848,25.5524],[70.2484,25.5621],[70.2095,25.5387],[70.1725,25.5335],[70.1705,25.5465],[70.2244,25.5868],[70.2263,25.5958],[70.1978,25.6023],[70.1653,25.5907],[70.1257,25.5907],[70.1524,25.6335],[70.1621,25.6607],[70.1803,25.6601],[70.1965,25.677],[70.2642,25.7208],[70.2524,25.7571],[70.2223,25.7945],[70.171,25.7706],[70.1334,25.7706],[70.1126,25.7628],[70.0898,25.7693],[70.0463,25.753],[70.0346,25.742],[69.9911,25.7258],[69.9742,25.7271],[69.9443,25.7576],[69.9306,25.7602],[69.8683,25.6933],[69.8488,25.6874],[69.791,25.6536],[69.7734,25.6082],[69.7422,25.5646],[69.7234,25.5477],[69.6863,25.5328],[69.6701,25.5126],[69.6363,25.5178],[69.6292,25.4925],[69.5759,25.5022],[69.5655,25.5269],[69.5616,25.5653],[69.52,25.5724],[69.496,25.5555],[69.4797,25.5588],[69.4479,25.5438],[69.4186,25.5497],[69.3933,25.5672],[69.381,25.5575],[69.3355,25.5705],[69.2953,25.5491],[69.2393,25.5523],[69.2088,25.5588],[69.1704,25.5588],[69.1717,25.5282],[69.1834,25.486],[69.1828,25.4561],[69.2348,25.4171],[69.2517,25.3996],[69.2738,25.4002],[69.279,25.3846],[69.2699,25.3697],[69.2913,25.3749],[69.3049,25.3677],[69.3296,25.3242],[69.3641,25.2963],[69.3647,25.2307],[69.3758,25.1858],[69.3927,25.1384],[69.4063,25.1156],[69.4005,25.0578],[69.4453,24.998],[69.4648,24.985],[69.4726,24.9571],[69.4765,24.8863]]]}}]}