indicator_id,level,geo_id,geo_name,value,numerator,denominator,n_districts
population,national,PK,Pakistan,241499431.0,241499431.0,,136
population,province,BA,Balochistan,14894402.0,14894402.0,,34
population,province,IS,Islamabad Capital Territory,2363863.0,2363863.0,,1
population,province,KP,Khyber Pakhtunkhwa,40856097.0,40856097.0,,35
population,province,PB,Punjab,127688922.0,127688922.0,,36
population,province,SD,Sindh,55696147.0,55696147.0,,30
population,map_unit,sd_karachi,Karachi (7 districts),20382881.0,20382881.0,,7
population,district,ba_awaran,Awaran,178958.0,178958.0,,1
population,district,ba_barkhan,Barkhan,210249.0,210249.0,,1
population,district,ba_chagai,Chagai,269192.0,269192.0,,1
population,district,ba_chaman,Chaman,466218.0,466218.0,,1
population,district,ba_dera_bugti,Dera Bugti,355274.0,355274.0,,1
population,district,ba_duki,Duki,205044.0,205044.0,,1
population,district,ba_gwadar,Gwadar,305160.0,305160.0,,1
population,district,ba_harnai,Harnai,127571.0,127571.0,,1
population,district,ba_jaffarabad,Jaffarabad,594558.0,594558.0,,1
population,district,ba_jhal_magsi,Jhal Magsi,203368.0,203368.0,,1
population,district,ba_kachhi,Kachhi,442674.0,442674.0,,1
population,district,ba_kalat,Kalat,271560.0,271560.0,,1
population,district,ba_kech,Kech,1060931.0,1060931.0,,1
population,district,ba_kharan,Kharan,260352.0,260352.0,,1
population,district,ba_khuzdar,Khuzdar,997214.0,997214.0,,1
population,district,ba_killa_abdullah,Killa Abdullah,361971.0,361971.0,,1
population,district,ba_killa_saifullah,Killa Saifullah,380200.0,380200.0,,1
population,district,ba_kohlu,Kohlu,260220.0,260220.0,,1
population,district,ba_lasbela,Lasbela,680977.0,680977.0,,1
population,district,ba_loralai,Loralai,272432.0,272432.0,,1
population,district,ba_mastung,Mastung,313271.0,313271.0,,1
population,district,ba_musakhel,Musakhel,182275.0,182275.0,,1
population,district,ba_nasirabad,Nasirabad,563315.0,563315.0,,1
population,district,ba_nushki,Nushki,207834.0,207834.0,,1
population,district,ba_panjgur,Panjgur,509781.0,509781.0,,1
population,district,ba_pishin,Pishin,835482.0,835482.0,,1
population,district,ba_quetta,Quetta,2595492.0,2595492.0,,1
population,district,ba_sherani,Sherani,191687.0,191687.0,,1
population,district,ba_sibi,Sibi,224148.0,224148.0,,1
population,district,ba_sohbatpur,Sohbatpur,240106.0,240106.0,,1
population,district,ba_surab,Surab,279038.0,279038.0,,1
population,district,ba_washuk,Washuk,302623.0,302623.0,,1
population,district,ba_zhob,Zhob,355692.0,355692.0,,1
population,district,ba_ziarat,Ziarat,189535.0,189535.0,,1
population,district,is_islamabad,Islamabad,2363863.0,2363863.0,,1
population,district,kp_abbottabad,Abbottabad,1419072.0,1419072.0,,1
population,district,kp_bajaur,Bajaur,1287960.0,1287960.0,,1
population,district,kp_bannu,Bannu,1357890.0,1357890.0,,1
population,district,kp_batagram,Batagram,554133.0,554133.0,,1
population,district,kp_buner,Buner,1016869.0,1016869.0,,1
population,district,kp_charsadda,Charsadda,1835504.0,1835504.0,,1
population,district,kp_dera_ismail_khan,Dera Ismail Khan,1829811.0,1829811.0,,1
population,district,kp_hangu,Hangu,528902.0,528902.0,,1
population,district,kp_haripur,Haripur,1174783.0,1174783.0,,1
population,district,kp_karak,Karak,815878.0,815878.0,,1
population,district,kp_khyber,Khyber,1146267.0,1146267.0,,1
population,district,kp_kohat,Kohat,1234661.0,1234661.0,,1
population,district,kp_kolai_palas_kohistan,Kolai Palas Kohistan,280162.0,280162.0,,1
population,district,kp_kurram,Kurram,785434.0,785434.0,,1
population,district,kp_lakki_marwat,Lakki Marwat,1040856.0,1040856.0,,1
population,district,kp_lower_chitral,Lower Chitral,320407.0,320407.0,,1
population,district,kp_lower_dir,Lower Dir,1650183.0,1650183.0,,1
population,district,kp_lower_kohistan,Lower Kohistan,340017.0,340017.0,,1
population,district,kp_malakand,Malakand,826250.0,826250.0,,1
population,district,kp_mansehra,Mansehra,1797177.0,1797177.0,,1
population,district,kp_mardan,Mardan,2744898.0,2744898.0,,1
population,district,kp_mohmand,Mohmand,553933.0,553933.0,,1
population,district,kp_north_waziristan,North Waziristan,693332.0,693332.0,,1
population,district,kp_nowshera,Nowshera,1740705.0,1740705.0,,1
population,district,kp_orakzai,Orakzai,387561.0,387561.0,,1
population,district,kp_peshawar,Peshawar,4758762.0,4758762.0,,1
population,district,kp_shangla,Shangla,891252.0,891252.0,,1
population,district,kp_south_waziristan,South Waziristan,888675.0,888675.0,,1
population,district,kp_swabi,Swabi,1894600.0,1894600.0,,1
population,district,kp_swat,Swat,2687384.0,2687384.0,,1
population,district,kp_tank,Tank,470293.0,470293.0,,1
population,district,kp_torghar,Torghar,200445.0,200445.0,,1
population,district,kp_upper_chitral,Upper Chitral,195528.0,195528.0,,1
population,district,kp_upper_dir,Upper Dir,1083566.0,1083566.0,,1
population,district,kp_upper_kohistan,Upper Kohistan,422947.0,422947.0,,1
population,district,pb_attock,Attock,2170423.0,2170423.0,,1
population,district,pb_bahawalnagar,Bahawalnagar,3550342.0,3550342.0,,1
population,district,pb_bahawalpur,Bahawalpur,4284964.0,4284964.0,,1
population,district,pb_bhakkar,Bhakkar,1957470.0,1957470.0,,1
population,district,pb_chakwal,Chakwal,1734854.0,1734854.0,,1
population,district,pb_chiniot,Chiniot,1563024.0,1563024.0,,1
population,district,pb_dera_ghazi_khan,Dera Ghazi Khan,3393705.0,3393705.0,,1
population,district,pb_faisalabad,Faisalabad,9075819.0,9075819.0,,1
population,district,pb_gujranwala,Gujranwala,5959750.0,5959750.0,,1
population,district,pb_gujrat,Gujrat,3219375.0,3219375.0,,1
population,district,pb_hafizabad,Hafizabad,1319909.0,1319909.0,,1
population,district,pb_jhang,Jhang,3065639.0,3065639.0,,1
population,district,pb_jhelum,Jhelum,1382308.0,1382308.0,,1
population,district,pb_kasur,Kasur,4084286.0,4084286.0,,1
population,district,pb_khanewal,Khanewal,3364077.0,3364077.0,,1
population,district,pb_khushab,Khushab,1501089.0,1501089.0,,1
population,district,pb_lahore,Lahore,13004135.0,13004135.0,,1
population,district,pb_layyah,Layyah,2102386.0,2102386.0,,1
population,district,pb_lodhran,Lodhran,1928299.0,1928299.0,,1
population,district,pb_mandi_bahauddin,Mandi Bahauddin,1829486.0,1829486.0,,1
population,district,pb_mianwali,Mianwali,1798268.0,1798268.0,,1
population,district,pb_multan,Multan,5362305.0,5362305.0,,1
population,district,pb_muzaffargarh,Muzaffargarh,5015325.0,5015325.0,,1
population,district,pb_nankana_sahib,Nankana Sahib,1634871.0,1634871.0,,1
population,district,pb_narowal,Narowal,1950954.0,1950954.0,,1
population,district,pb_okara,Okara,3515490.0,3515490.0,,1
population,district,pb_pakpattan,Pakpattan,2136170.0,2136170.0,,1
population,district,pb_rahim_yar_khan,Rahim Yar Khan,5564703.0,5564703.0,,1
population,district,pb_rajanpur,Rajanpur,2381049.0,2381049.0,,1
population,district,pb_rawalpindi,Rawalpindi,6118911.0,6118911.0,,1
population,district,pb_sahiwal,Sahiwal,2881811.0,2881811.0,,1
population,district,pb_sargodha,Sargodha,4334448.0,4334448.0,,1
population,district,pb_sheikhupura,Sheikhupura,4049418.0,4049418.0,,1
population,district,pb_sialkot,Sialkot,4499394.0,4499394.0,,1
population,district,pb_toba_tek_singh,Toba Tek Singh,2524044.0,2524044.0,,1
population,district,pb_vehari,Vehari,3430421.0,3430421.0,,1
population,district,sd_badin,Badin,1947081.0,1947081.0,,1
population,district,sd_dadu,Dadu,1742320.0,1742320.0,,1
population,district,sd_ghotki,Ghotki,1772609.0,1772609.0,,1
population,district,sd_hyderabad,Hyderabad,2432540.0,2432540.0,,1
population,district,sd_jacobabad,Jacobabad,1174097.0,1174097.0,,1
population,district,sd_jamshoro,Jamshoro,1117308.0,1117308.0,,1
population,district,sd_kambar_shahdad_kot,Kambar Shahdad Kot,1514869.0,1514869.0,,1
population,district,sd_karachi_central,Karachi Central,3822325.0,3822325.0,,1
population,district,sd_karachi_east,Karachi East,3921742.0,3921742.0,,1
population,district,sd_karachi_south,Karachi South,2329764.0,2329764.0,,1
population,district,sd_karachi_west,Karachi West,2679380.0,2679380.0,,1
population,district,sd_kashmore,Kashmore,1233957.0,1233957.0,,1
population,district,sd_keamari,Keamari,2068451.0,2068451.0,,1
population,district,sd_khairpur,Khairpur,2597535.0,2597535.0,,1
population,district,sd_korangi,Korangi,3128971.0,3128971.0,,1
population,district,sd_larkana,Larkana,1784453.0,1784453.0,,1
population,district,sd_malir,Malir,2432248.0,2432248.0,,1
population,district,sd_matiari,Matiari,849383.0,849383.0,,1
population,district,sd_mirpur_khas,Mirpur Khas,1681386.0,1681386.0,,1
population,district,sd_naushahro_feroze,Naushahro Feroze,1777082.0,1777082.0,,1
population,district,sd_sanghar,Sanghar,2308465.0,2308465.0,,1
population,district,sd_shaheed_benazirabad,Shaheed Benazirabad,1845102.0,1845102.0,,1
population,district,sd_shikarpur,Shikarpur,1386330.0,1386330.0,,1
population,district,sd_sujawal,Sujawal,839292.0,839292.0,,1
population,district,sd_sukkur,Sukkur,1639897.0,1639897.0,,1
population,district,sd_tando_allahyar,Tando Allahyar,922012.0,922012.0,,1
population,district,sd_tando_muhammad_khan,Tando Muhammad Khan,726119.0,726119.0,,1
population,district,sd_tharparkar,Tharparkar,1778407.0,1778407.0,,1
population,district,sd_thatta,Thatta,1083191.0,1083191.0,,1
population,district,sd_umer_kot,Umer Kot,1159831.0,1159831.0,,1
population_2017,national,PK,Pakistan,207684626.0,207684626.0,,136
population_2017,province,BA,Balochistan,12335129.0,12335129.0,,34
population_2017,province,IS,Islamabad Capital Territory,2003368.0,2003368.0,,1
population_2017,province,KP,Khyber Pakhtunkhwa,35501964.0,35501964.0,,35
population_2017,province,PB,Punjab,109989655.0,109989655.0,,36
population_2017,province,SD,Sindh,47854510.0,47854510.0,,30
population_2017,map_unit,sd_karachi,Karachi (7 districts),16024894.0,16024894.0,,7
population_2017,district,ba_awaran,Awaran,121821.0,121821.0,,1
population_2017,district,ba_barkhan,Barkhan,171025.0,171025.0,,1
population_2017,district,ba_chagai,Chagai,226517.0,226517.0,,1
population_2017,district,ba_chaman,Chaman,434561.0,434561.0,,1
population_2017,district,ba_dera_bugti,Dera Bugti,313110.0,313110.0,,1
population_2017,district,ba_duki,Duki,152977.0,152977.0,,1
population_2017,district,ba_gwadar,Gwadar,262253.0,262253.0,,1
population_2017,district,ba_harnai,Harnai,97052.0,97052.0,,1
population_2017,district,ba_jaffarabad,Jaffarabad,513972.0,513972.0,,1
population_2017,district,ba_jhal_magsi,Jhal Magsi,148900.0,148900.0,,1
population_2017,district,ba_kachhi,Kachhi,308000.0,308000.0,,1
population_2017,district,ba_kalat,Kalat,203565.0,203565.0,,1
population_2017,district,ba_kech,Kech,907182.0,907182.0,,1
population_2017,district,ba_kharan,Kharan,162766.0,162766.0,,1
population_2017,district,ba_khuzdar,Khuzdar,798896.0,798896.0,,1
population_2017,district,ba_killa_abdullah,Killa Abdullah,323793.0,323793.0,,1
population_2017,district,ba_killa_saifullah,Killa Saifullah,342932.0,342932.0,,1
population_2017,district,ba_kohlu,Kohlu,213933.0,213933.0,,1
population_2017,district,ba_lasbela,Lasbela,576271.0,576271.0,,1
population_2017,district,ba_loralai,Loralai,244446.0,244446.0,,1
population_2017,district,ba_mastung,Mastung,265676.0,265676.0,,1
population_2017,district,ba_musakhel,Musakhel,167243.0,167243.0,,1
population_2017,district,ba_nasirabad,Nasirabad,489779.0,489779.0,,1
population_2017,district,ba_nushki,Nushki,178947.0,178947.0,,1
population_2017,district,ba_panjgur,Panjgur,315353.0,315353.0,,1
population_2017,district,ba_pishin,Pishin,736903.0,736903.0,,1
population_2017,district,ba_quetta,Quetta,2269473.0,2269473.0,,1
population_2017,district,ba_sherani,Sherani,152952.0,152952.0,,1
population_2017,district,ba_sibi,Sibi,179751.0,179751.0,,1
population_2017,district,ba_sohbatpur,Sohbatpur,200426.0,200426.0,,1
population_2017,district,ba_surab,Surab,208493.0,208493.0,,1
population_2017,district,ba_washuk,Washuk,175712.0,175712.0,,1
population_2017,district,ba_zhob,Zhob,310354.0,310354.0,,1
population_2017,district,ba_ziarat,Ziarat,160095.0,160095.0,,1
population_2017,district,is_islamabad,Islamabad,2003368.0,2003368.0,,1
population_2017,district,kp_abbottabad,Abbottabad,1333089.0,1333089.0,,1
population_2017,district,kp_bajaur,Bajaur,1090987.0,1090987.0,,1
population_2017,district,kp_bannu,Bannu,1210183.0,1210183.0,,1
population_2017,district,kp_batagram,Batagram,476749.0,476749.0,,1
population_2017,district,kp_buner,Buner,895460.0,895460.0,,1
population_2017,district,kp_charsadda,Charsadda,1610960.0,1610960.0,,1
population_2017,district,kp_dera_ismail_khan,Dera Ismail Khan,1693594.0,1693594.0,,1
population_2017,district,kp_hangu,Hangu,518811.0,518811.0,,1
population_2017,district,kp_haripur,Haripur,1001515.0,1001515.0,,1
population_2017,district,kp_karak,Karak,705362.0,705362.0,,1
population_2017,district,kp_khyber,Khyber,984246.0,984246.0,,1
population_2017,district,kp_kohat,Kohat,1111266.0,1111266.0,,1
population_2017,district,kp_kolai_palas_kohistan,Kolai Palas Kohistan,274923.0,274923.0,,1
population_2017,district,kp_kurram,Kurram,615372.0,615372.0,,1
population_2017,district,kp_lakki_marwat,Lakki Marwat,902138.0,902138.0,,1
population_2017,district,kp_lower_chitral,Lower Chitral,278328.0,278328.0,,1
population_2017,district,kp_lower_dir,Lower Dir,1436082.0,1436082.0,,1
population_2017,district,kp_lower_kohistan,Lower Kohistan,202502.0,202502.0,,1
population_2017,district,kp_malakand,Malakand,717806.0,717806.0,,1
population_2017,district,kp_mansehra,Mansehra,1555742.0,1555742.0,,1
population_2017,district,kp_mardan,Mardan,2373399.0,2373399.0,,1
population_2017,district,kp_mohmand,Mohmand,474345.0,474345.0,,1
population_2017,district,kp_north_waziristan,North Waziristan,540546.0,540546.0,,1
population_2017,district,kp_nowshera,Nowshera,1520995.0,1520995.0,,1
population_2017,district,kp_orakzai,Orakzai,254303.0,254303.0,,1
population_2017,district,kp_peshawar,Peshawar,4331959.0,4331959.0,,1
population_2017,district,kp_shangla,Shangla,759609.0,759609.0,,1
population_2017,district,kp_south_waziristan,South Waziristan,675215.0,675215.0,,1
population_2017,district,kp_swabi,Swabi,1625477.0,1625477.0,,1
population_2017,district,kp_swat,Swat,2308624.0,2308624.0,,1
population_2017,district,kp_tank,Tank,427044.0,427044.0,,1
population_2017,district,kp_torghar,Torghar,171349.0,171349.0,,1
population_2017,district,kp_upper_chitral,Upper Chitral,169297.0,169297.0,,1
population_2017,district,kp_upper_dir,Upper Dir,947401.0,947401.0,,1
population_2017,district,kp_upper_kohistan,Upper Kohistan,307286.0,307286.0,,1
population_2017,district,pb_attock,Attock,1886378.0,1886378.0,,1
population_2017,district,pb_bahawalnagar,Bahawalnagar,2975656.0,2975656.0,,1
population_2017,district,pb_bahawalpur,Bahawalpur,3669176.0,3669176.0,,1
population_2017,district,pb_bhakkar,Bhakkar,1647852.0,1647852.0,,1
population_2017,district,pb_chakwal,Chakwal,1495463.0,1495463.0,,1
population_2017,district,pb_chiniot,Chiniot,1368659.0,1368659.0,,1
population_2017,district,pb_dera_ghazi_khan,Dera Ghazi Khan,2872631.0,2872631.0,,1
population_2017,district,pb_faisalabad,Faisalabad,7882444.0,7882444.0,,1
population_2017,district,pb_gujranwala,Gujranwala,5011066.0,5011066.0,,1
population_2017,district,pb_gujrat,Gujrat,2756289.0,2756289.0,,1
population_2017,district,pb_hafizabad,Hafizabad,1156954.0,1156954.0,,1
population_2017,district,pb_jhang,Jhang,2743526.0,2743526.0,,1
population_2017,district,pb_jhelum,Jhelum,1222403.0,1222403.0,,1
population_2017,district,pb_kasur,Kasur,3454881.0,3454881.0,,1
population_2017,district,pb_khanewal,Khanewal,2920233.0,2920233.0,,1
population_2017,district,pb_khushab,Khushab,1280372.0,1280372.0,,1
population_2017,district,pb_lahore,Lahore,11119985.0,11119985.0,,1
population_2017,district,pb_layyah,Layyah,1823995.0,1823995.0,,1
population_2017,district,pb_lodhran,Lodhran,1699693.0,1699693.0,,1
population_2017,district,pb_mandi_bahauddin,Mandi Bahauddin,1594039.0,1594039.0,,1
population_2017,district,pb_mianwali,Mianwali,1542601.0,1542601.0,,1
population_2017,district,pb_multan,Multan,4746166.0,4746166.0,,1
population_2017,district,pb_muzaffargarh,Muzaffargarh,4328549.0,4328549.0,,1
population_2017,district,pb_nankana_sahib,Nankana Sahib,1354986.0,1354986.0,,1
population_2017,district,pb_narowal,Narowal,1707575.0,1707575.0,,1
population_2017,district,pb_okara,Okara,3040826.0,3040826.0,,1
population_2017,district,pb_pakpattan,Pakpattan,1824228.0,1824228.0,,1
population_2017,district,pb_rahim_yar_khan,Rahim Yar Khan,4807762.0,4807762.0,,1
population_2017,district,pb_rajanpur,Rajanpur,1996039.0,1996039.0,,1
population_2017,district,pb_rawalpindi,Rawalpindi,5402380.0,5402380.0,,1
population_2017,district,pb_sahiwal,Sahiwal,2513011.0,2513011.0,,1
population_2017,district,pb_sargodha,Sargodha,3696212.0,3696212.0,,1
population_2017,district,pb_sheikhupura,Sheikhupura,3460004.0,3460004.0,,1
population_2017,district,pb_sialkot,Sialkot,3894938.0,3894938.0,,1
population_2017,district,pb_toba_tek_singh,Toba Tek Singh,2190602.0,2190602.0,,1
population_2017,district,pb_vehari,Vehari,2902081.0,2902081.0,,1
population_2017,district,sd_badin,Badin,1804958.0,1804958.0,,1
population_2017,district,sd_dadu,Dadu,1550390.0,1550390.0,,1
population_2017,district,sd_ghotki,Ghotki,1648708.0,1648708.0,,1
population_2017,district,sd_hyderabad,Hyderabad,2199928.0,2199928.0,,1
population_2017,district,sd_jacobabad,Jacobabad,1007009.0,1007009.0,,1
population_2017,district,sd_jamshoro,Jamshoro,993908.0,993908.0,,1
population_2017,district,sd_kambar_shahdad_kot,Kambar Shahdad Kot,1338035.0,1338035.0,,1
population_2017,district,sd_karachi_central,Karachi Central,2971382.0,2971382.0,,1
population_2017,district,sd_karachi_east,Karachi East,2875315.0,2875315.0,,1
population_2017,district,sd_karachi_south,Karachi South,1769230.0,1769230.0,,1
population_2017,district,sd_karachi_west,Karachi West,2077228.0,2077228.0,,1
population_2017,district,sd_kashmore,Kashmore,1090336.0,1090336.0,,1
population_2017,district,sd_keamari,Keamari,1829837.0,1829837.0,,1
population_2017,district,sd_khairpur,Khairpur,2405190.0,2405190.0,,1
population_2017,district,sd_korangi,Korangi,2577556.0,2577556.0,,1
population_2017,district,sd_larkana,Larkana,1521786.0,1521786.0,,1
population_2017,district,sd_malir,Malir,1924346.0,1924346.0,,1
population_2017,district,sd_matiari,Matiari,770040.0,770040.0,,1
population_2017,district,sd_mirpur_khas,Mirpur Khas,1504440.0,1504440.0,,1
population_2017,district,sd_naushahro_feroze,Naushahro Feroze,1612047.0,1612047.0,,1
population_2017,district,sd_sanghar,Sanghar,2049873.0,2049873.0,,1
population_2017,district,sd_shaheed_benazirabad,Shaheed Benazirabad,1613506.0,1613506.0,,1
population_2017,district,sd_shikarpur,Shikarpur,1233760.0,1233760.0,,1
population_2017,district,sd_sujawal,Sujawal,779062.0,779062.0,,1
population_2017,district,sd_sukkur,Sukkur,1488372.0,1488372.0,,1
population_2017,district,sd_tando_allahyar,Tando Allahyar,838527.0,838527.0,,1
population_2017,district,sd_tando_muhammad_khan,Tando Muhammad Khan,677098.0,677098.0,,1
population_2017,district,sd_tharparkar,Tharparkar,1647036.0,1647036.0,,1
population_2017,district,sd_thatta,Thatta,982138.0,982138.0,,1
population_2017,district,sd_umer_kot,Umer Kot,1073469.0,1073469.0,,1
growth_rate,national,PK,Pakistan,2.545977,241499431.0,207684626.0,136
growth_rate,province,BA,Balochistan,3.192127,14894402.0,12335129.0,34
growth_rate,province,IS,Islamabad Capital Territory,2.796169,2363863.0,2003368.0,1
growth_rate,province,KP,Khyber Pakhtunkhwa,2.368754,40856097.0,35501964.0,35
growth_rate,province,PB,Punjab,2.518025,127688922.0,109989655.0,36
growth_rate,province,SD,Sindh,2.561346,55696147.0,47854510.0,30
growth_rate,map_unit,sd_karachi,Karachi (7 districts),4.090653,20382881.0,16024894.0,7
growth_rate,district,ba_awaran,Awaran,6.619873,178958.0,121821.0,1
growth_rate,district,ba_barkhan,Barkhan,3.501281,210249.0,171025.0,1
growth_rate,district,ba_chagai,Chagai,2.918526,269192.0,226517.0,1
growth_rate,district,ba_chaman,Chaman,1.178844,466218.0,434561.0,1
growth_rate,district,ba_dera_bugti,Dera Bugti,2.127903,355274.0,313110.0,1
growth_rate,district,ba_duki,Duki,5.00343,205044.0,152977.0,1
growth_rate,district,ba_gwadar,Gwadar,2.557602,305160.0,262253.0,1
growth_rate,district,ba_harnai,Harnai,4.662534,127571.0,97052.0,1
growth_rate,district,ba_jaffarabad,Jaffarabad,2.457195,594558.0,513972.0,1
growth_rate,district,ba_jhal_magsi,Jhal Magsi,5.333048,203368.0,148900.0,1
growth_rate,district,ba_kachhi,Kachhi,6.232047,442674.0,308000.0,1
growth_rate,district,ba_kalat,Kalat,4.920523,271560.0,203565.0,1
growth_rate,district,ba_kech,Kech,2.643658,1060931.0,907182.0,1
growth_rate,district,ba_kharan,Kharan,8.14328,260352.0,162766.0,1
growth_rate,district,ba_khuzdar,Khuzdar,3.764712,997214.0,798896.0,1
growth_rate,district,ba_killa_abdullah,Killa Abdullah,1.875023,361971.0,323793.0,1
growth_rate,district,ba_killa_saifullah,Killa Saifullah,1.734288,380200.0,342932.0,1
growth_rate,district,ba_kohlu,Kohlu,3.318275,260220.0,213933.0,1
growth_rate,district,ba_lasbela,Lasbela,2.821582,680977.0,576271.0,1
growth_rate,district,ba_loralai,Loralai,1.822994,272432.0,244446.0,1
growth_rate,district,ba_mastung,Mastung,2.784583,313271.0,265676.0,1
growth_rate,district,ba_musakhel,Musakhel,1.444816,182275.0,167243.0,1
growth_rate,district,ba_nasirabad,Nasirabad,2.358802,563315.0,489779.0,1
growth_rate,district,ba_nushki,Nushki,2.525531,207834.0,178947.0,1
growth_rate,district,ba_panjgur,Panjgur,8.333917,509781.0,315353.0,1
growth_rate,district,ba_pishin,Pishin,2.114589,835482.0,736903.0,1
growth_rate,district,ba_quetta,Quetta,2.262352,2595492.0,2269473.0,1
growth_rate,district,ba_sherani,Sherani,3.834,191687.0,152952.0,1
growth_rate,district,ba_sibi,Sibi,3.747409,224148.0,179751.0,1
growth_rate,district,ba_sohbatpur,Sohbatpur,3.056366,240106.0,200426.0,1
growth_rate,district,ba_surab,Surab,4.977279,279038.0,208493.0,1
growth_rate,district,ba_washuk,Washuk,9.483856,302623.0,175712.0,1
growth_rate,district,ba_zhob,Zhob,2.298545,355692.0,310354.0,1
growth_rate,district,ba_ziarat,Ziarat,2.85339,189535.0,160095.0,1
growth_rate,district,is_islamabad,Islamabad,2.796169,2363863.0,2003368.0,1
growth_rate,district,kp_abbottabad,Abbottabad,1.047184,1419072.0,1333089.0,1
growth_rate,district,kp_bajaur,Bajaur,2.804896,1287960.0,1090987.0,1
growth_rate,district,kp_bannu,Bannu,1.937878,1357890.0,1210183.0,1
growth_rate,district,kp_batagram,Batagram,2.538597,554133.0,476749.0,1
growth_rate,district,kp_buner,Buner,2.141713,1016869.0,895460.0,1
growth_rate,district,kp_charsadda,Charsadda,2.198635,1835504.0,1610960.0,1
growth_rate,district,kp_dera_ismail_khan,Dera Ismail Khan,1.297677,1829811.0,1693594.0,1
growth_rate,district,kp_hangu,Hangu,0.321574,528902.0,518811.0,1
growth_rate,district,kp_haripur,Haripur,2.695173,1174783.0,1001515.0,1
growth_rate,district,kp_karak,Karak,2.455559,815878.0,705362.0,1
growth_rate,district,kp_khyber,Khyber,2.572362,1146267.0,984246.0,1
growth_rate,district,kp_kohat,Kohat,1.770432,1234661.0,1111266.0,1
growth_rate,district,kp_kolai_palas_kohistan,Kolai Palas Kohistan,0.315111,280162.0,274923.0,1
growth_rate,district,kp_kurram,Kurram,4.150652,785434.0,615372.0,1
growth_rate,district,kp_lakki_marwat,Lakki Marwat,2.412495,1040856.0,902138.0,1
growth_rate,district,kp_lower_chitral,Lower Chitral,2.374277,320407.0,278328.0,1
growth_rate,district,kp_lower_dir,Lower Dir,2.343157,1650183.0,1436082.0,1
growth_rate,district,kp_lower_kohistan,Lower Kohistan,9.021433,340017.0,202502.0,1
growth_rate,district,kp_malakand,Malakand,2.372678,826250.0,717806.0,1
growth_rate,district,kp_mansehra,Mansehra,2.433547,1797177.0,1555742.0,1
growth_rate,district,kp_mardan,Mardan,2.45329,2744898.0,2373399.0,1
growth_rate,district,kp_mohmand,Mohmand,2.618852,553933.0,474345.0,1
growth_rate,district,kp_north_waziristan,North Waziristan,4.236087,693332.0,540546.0,1
growth_rate,district,kp_nowshera,Nowshera,2.274233,1740705.0,1520995.0,1
growth_rate,district,kp_orakzai,Orakzai,7.274895,387561.0,254303.0,1
growth_rate,district,kp_peshawar,Peshawar,1.578456,4758762.0,4331959.0,1
growth_rate,district,kp_shangla,Shangla,2.699517,891252.0,759609.0,1
growth_rate,district,kp_south_waziristan,South Waziristan,4.684764,888675.0,675215.0,1
growth_rate,district,kp_swabi,Swabi,2.58632,1894600.0,1625477.0,1
growth_rate,district,kp_swat,Swat,2.564268,2687384.0,2308624.0,1
growth_rate,district,kp_tank,Tank,1.620809,470293.0,427044.0,1
growth_rate,district,kp_torghar,Torghar,2.648422,200445.0,171349.0,1
growth_rate,district,kp_upper_chitral,Upper Chitral,2.429869,195528.0,169297.0,1
growth_rate,district,kp_upper_dir,Upper Dir,2.263406,1083566.0,947401.0,1
growth_rate,district,kp_upper_kohistan,Upper Kohistan,5.468765,422947.0,307286.0,1
growth_rate,district,pb_attock,Attock,2.365264,2170423.0,1886378.0,1
growth_rate,district,pb_bahawalnagar,Bahawalnagar,2.986724,3550342.0,2975656.0,1
growth_rate,district,pb_bahawalpur,Bahawalpur,2.619471,4284964.0,3669176.0,1
growth_rate,district,pb_bhakkar,Bhakkar,2.911242,1957470.0,1647852.0,1
growth_rate,district,pb_chakwal,Chakwal,2.505667,1734854.0,1495463.0,1
growth_rate,district,pb_chiniot,Chiniot,2.237856,1563024.0,1368659.0,1
growth_rate,district,pb_dera_ghazi_khan,Dera Ghazi Khan,2.817185,3393705.0,2872631.0,1
growth_rate,district,pb_faisalabad,Faisalabad,2.377414,9075819.0,7882444.0,1
growth_rate,district,pb_gujranwala,Gujranwala,2.93182,5959750.0,5011066.0,1
growth_rate,district,pb_gujrat,Gujrat,2.622156,3219375.0,2756289.0,1
growth_rate,district,pb_hafizabad,Hafizabad,2.220496,1319909.0,1156954.0,1
growth_rate,district,pb_jhang,Jhang,1.867424,3065639.0,2743526.0,1
growth_rate,district,pb_jhelum,Jhelum,2.070068,1382308.0,1222403.0,1
growth_rate,district,pb_kasur,Kasur,2.828581,4084286.0,3454881.0,1
growth_rate,district,pb_khanewal,Khanewal,2.386195,3364077.0,2920233.0,1
growth_rate,district,pb_khushab,Khushab,2.686112,1501089.0,1280372.0,1
growth_rate,district,pb_lahore,Lahore,2.643049,13004135.0,11119985.0,1
growth_rate,district,pb_layyah,Layyah,2.395641,2102386.0,1823995.0,1
growth_rate,district,pb_lodhran,Lodhran,2.12545,1928299.0,1699693.0,1
growth_rate,district,pb_mandi_bahauddin,Mandi Bahauddin,2.322629,1829486.0,1594039.0,1
growth_rate,district,pb_mianwali,Mianwali,2.588844,1798268.0,1542601.0,1
growth_rate,district,pb_multan,Multan,2.055112,5362305.0,4746166.0,1
growth_rate,district,pb_muzaffargarh,Muzaffargarh,2.4848,5015325.0,4328549.0,1
growth_rate,district,pb_nankana_sahib,Nankana Sahib,3.179032,1634871.0,1354986.0,1
growth_rate,district,pb_narowal,Narowal,2.245579,1950954.0,1707575.0,1
growth_rate,district,pb_okara,Okara,2.446954,3515490.0,3040826.0,1
growth_rate,district,pb_pakpattan,Pakpattan,2.665876,2136170.0,1824228.0,1
growth_rate,district,pb_rahim_yar_khan,Rahim Yar Khan,2.4668,5564703.0,4807762.0,1
growth_rate,district,pb_rajanpur,Rajanpur,2.98324,2381049.0,1996039.0,1
growth_rate,district,pb_rawalpindi,Rawalpindi,2.097436,6118911.0,5402380.0,1
growth_rate,district,pb_sahiwal,Sahiwal,2.308531,2881811.0,2513011.0,1
growth_rate,district,pb_sargodha,Sargodha,2.690315,4334448.0,3696212.0,1
growth_rate,district,pb_sheikhupura,Sheikhupura,2.656393,4049418.0,3460004.0,1
growth_rate,district,pb_sialkot,Sialkot,2.433555,4499394.0,3894938.0,1
growth_rate,district,pb_toba_tek_singh,Toba Tek Singh,2.389536,2524044.0,2190602.0,1
growth_rate,district,pb_vehari,Vehari,2.826799,3430421.0,2902081.0,1
growth_rate,district,sd_badin,Badin,1.271246,1947081.0,1804958.0,1
growth_rate,district,sd_dadu,Dadu,1.964226,1742320.0,1550390.0,1
growth_rate,district,sd_ghotki,Ghotki,1.214997,1772609.0,1648708.0,1
growth_rate,district,sd_hyderabad,Hyderabad,1.689299,2432540.0,2199928.0,1
growth_rate,district,sd_jacobabad,Jacobabad,2.591592,1174097.0,1007009.0,1
growth_rate,district,sd_jamshoro,Jamshoro,1.969695,1117308.0,993908.0,1
growth_rate,district,sd_kambar_shahdad_kot,Kambar Shahdad Kot,2.090328,1514869.0,1338035.0,1
growth_rate,district,sd_karachi_central,Karachi Central,4.286523,3822325.0,2971382.0,1
growth_rate,district,sd_karachi_east,Karachi East,5.309027,3921742.0,2875315.0,1
growth_rate,district,sd_karachi_south,Karachi South,4.693875,2329764.0,1769230.0,1
growth_rate,district,sd_karachi_west,Karachi West,4.3338,2679380.0,2077228.0,1
growth_rate,district,sd_kashmore,Kashmore,2.083749,1233957.0,1090336.0,1
growth_rate,district,sd_keamari,Keamari,2.063895,2068451.0,1829837.0,1
growth_rate,district,sd_khairpur,Khairpur,1.290489,2597535.0,2405190.0,1
growth_rate,district,sd_korangi,Korangi,3.283807,3128971.0,2577556.0,1
growth_rate,district,sd_larkana,Larkana,2.689315,1784453.0,1521786.0,1
growth_rate,district,sd_malir,Malir,3.98103,2432248.0,1924346.0,1
growth_rate,district,sd_matiari,Matiari,1.647893,849383.0,770040.0,1
growth_rate,district,sd_mirpur_khas,Mirpur Khas,1.870575,1681386.0,1504440.0,1
growth_rate,district,sd_naushahro_feroze,Naushahro Feroze,1.637731,1777082.0,1612047.0,1
growth_rate,district,sd_sanghar,Sanghar,1.999816,2308465.0,2049873.0,1
growth_rate,district,sd_shaheed_benazirabad,Shaheed Benazirabad,2.260591,1845102.0,1613506.0,1
growth_rate,district,sd_shikarpur,Shikarpur,1.962229,1386330.0,1233760.0,1
growth_rate,district,sd_sujawal,Sujawal,1.248868,839292.0,779062.0,1
growth_rate,district,sd_sukkur,Sukkur,1.628967,1639897.0,1488372.0,1
growth_rate,district,sd_tando_allahyar,Tando Allahyar,1.594435,922012.0,838527.0,1
growth_rate,district,sd_tando_muhammad_khan,Tando Muhammad Khan,1.171777,726119.0,677098.0,1
growth_rate,district,sd_tharparkar,Tharparkar,1.287226,1778407.0,1647036.0,1
growth_rate,district,sd_thatta,Thatta,1.64564,1083191.0,982138.0,1
growth_rate,district,sd_umer_kot,Umer Kot,1.297999,1159831.0,1073469.0,1
area,national,PK,Pakistan,796096.0,796096.0,,136
area,province,BA,Balochistan,347190.0,347190.0,,34
area,province,IS,Islamabad Capital Territory,906.0,906.0,,1
area,province,KP,Khyber Pakhtunkhwa,101741.0,101741.0,,35
area,province,PB,Punjab,205345.0,205345.0,,36
area,province,SD,Sindh,140914.0,140914.0,,30
area,map_unit,sd_karachi,Karachi (7 districts),3527.0,3527.0,,7
area,district,ba_awaran,Awaran,29510.0,29510.0,,1
area,district,ba_barkhan,Barkhan,3514.0,3514.0,,1
area,district,ba_chagai,Chagai,44748.0,44748.0,,1
area,district,ba_chaman,Chaman,1341.0,1341.0,,1
area,district,ba_dera_bugti,Dera Bugti,10160.0,10160.0,,1
area,district,ba_duki,Duki,4233.0,4233.0,,1
area,district,ba_gwadar,Gwadar,12637.0,12637.0,,1
area,district,ba_harnai,Harnai,2492.0,2492.0,,1
area,district,ba_jaffarabad,Jaffarabad,1643.0,1643.0,,1
area,district,ba_jhal_magsi,Jhal Magsi,3615.0,3615.0,,1
area,district,ba_kachhi,Kachhi,5682.0,5682.0,,1
area,district,ba_kalat,Kalat,7654.0,7654.0,,1
area,district,ba_kech,Kech,22539.0,22539.0,,1
area,district,ba_kharan,Kharan,14958.0,14958.0,,1
area,district,ba_khuzdar,Khuzdar,35380.0,35380.0,,1
area,district,ba_killa_abdullah,Killa Abdullah,3553.0,3553.0,,1
area,district,ba_killa_saifullah,Killa Saifullah,6831.0,6831.0,,1
area,district,ba_kohlu,Kohlu,7610.0,7610.0,,1
area,district,ba_lasbela,Lasbela,15153.0,15153.0,,1
area,district,ba_loralai,Loralai,3785.0,3785.0,,1
area,district,ba_mastung,Mastung,3308.0,3308.0,,1
area,district,ba_musakhel,Musakhel,5728.0,5728.0,,1
area,district,ba_nasirabad,Nasirabad,3387.0,3387.0,,1
area,district,ba_nushki,Nushki,5797.0,5797.0,,1
area,district,ba_panjgur,Panjgur,16891.0,16891.0,,1
area,district,ba_pishin,Pishin,6218.0,6218.0,,1
area,district,ba_quetta,Quetta,3447.0,3447.0,,1
area,district,ba_sherani,Sherani,4310.0,4310.0,,1
area,district,ba_sibi,Sibi,7121.0,7121.0,,1
area,district,ba_sohbatpur,Sohbatpur,802.0,802.0,,1
area,district,ba_surab,Surab,762.0,762.0,,1
area,district,ba_washuk,Washuk,33093.0,33093.0,,1
area,district,ba_zhob,Zhob,15987.0,15987.0,,1
area,district,ba_ziarat,Ziarat,3301.0,3301.0,,1
area,district,is_islamabad,Islamabad,906.0,906.0,,1
area,district,kp_abbottabad,Abbottabad,1967.0,1967.0,,1
area,district,kp_bajaur,Bajaur,1290.0,1290.0,,1
area,district,kp_bannu,Bannu,1972.0,1972.0,,1
area,district,kp_batagram,Batagram,1301.0,1301.0,,1
area,district,kp_buner,Buner,1865.0,1865.0,,1
area,district,kp_charsadda,Charsadda,996.0,996.0,,1
area,district,kp_dera_ismail_khan,Dera Ismail Khan,9334.0,9334.0,,1
area,district,kp_hangu,Hangu,1097.0,1097.0,,1
area,district,kp_haripur,Haripur,1725.0,1725.0,,1
area,district,kp_karak,Karak,3371.0,3371.0,,1
area,district,kp_khyber,Khyber,2576.0,2576.0,,1
area,district,kp_kohat,Kohat,2991.0,2991.0,,1
area,district,kp_kolai_palas_kohistan,Kolai Palas Kohistan,1410.0,1410.0,,1
area,district,kp_kurram,Kurram,3380.0,3380.0,,1
area,district,kp_lakki_marwat,Lakki Marwat,3296.0,3296.0,,1
area,district,kp_lower_chitral,Lower Chitral,6458.0,6458.0,,1
area,district,kp_lower_dir,Lower Dir,1583.0,1583.0,,1
area,district,kp_lower_kohistan,Lower Kohistan,642.0,642.0,,1
area,district,kp_malakand,Malakand,952.0,952.0,,1
area,district,kp_mansehra,Mansehra,4125.0,4125.0,,1
area,district,kp_mardan,Mardan,1632.0,1632.0,,1
area,district,kp_mohmand,Mohmand,2296.0,2296.0,,1
area,district,kp_north_waziristan,North Waziristan,4707.0,4707.0,,1
area,district,kp_nowshera,Nowshera,1748.0,1748.0,,1
area,district,kp_orakzai,Orakzai,1538.0,1538.0,,1
area,district,kp_peshawar,Peshawar,1518.0,1518.0,,1
area,district,kp_shangla,Shangla,1586.0,1586.0,,1
area,district,kp_south_waziristan,South Waziristan,6620.0,6620.0,,1
area,district,kp_swabi,Swabi,1543.0,1543.0,,1
area,district,kp_swat,Swat,5337.0,5337.0,,1
area,district,kp_tank,Tank,2900.0,2900.0,,1
area,district,kp_torghar,Torghar,454.0,454.0,,1
area,district,kp_upper_chitral,Upper Chitral,8392.0,8392.0,,1
area,district,kp_upper_dir,Upper Dir,3699.0,3699.0,,1
area,district,kp_upper_kohistan,Upper Kohistan,5440.0,5440.0,,1
area,district,pb_attock,Attock,6857.0,6857.0,,1
area,district,pb_bahawalnagar,Bahawalnagar,8878.0,8878.0,,1
area,district,pb_bahawalpur,Bahawalpur,24830.0,24830.0,,1
area,district,pb_bhakkar,Bhakkar,8153.0,8153.0,,1
area,district,pb_chakwal,Chakwal,6525.0,6525.0,,1
area,district,pb_chiniot,Chiniot,2643.0,2643.0,,1
area,district,pb_dera_ghazi_khan,Dera Ghazi Khan,11922.0,11922.0,,1
area,district,pb_faisalabad,Faisalabad,5857.0,5857.0,,1
area,district,pb_gujranwala,Gujranwala,3622.0,3622.0,,1
area,district,pb_gujrat,Gujrat,3192.0,3192.0,,1
area,district,pb_hafizabad,Hafizabad,2367.0,2367.0,,1
area,district,pb_jhang,Jhang,6166.0,6166.0,,1
area,district,pb_jhelum,Jhelum,3587.0,3587.0,,1
area,district,pb_kasur,Kasur,3995.0,3995.0,,1
area,district,pb_khanewal,Khanewal,4349.0,4349.0,,1
area,district,pb_khushab,Khushab,6511.0,6511.0,,1
area,district,pb_lahore,Lahore,1772.0,1772.0,,1
area,district,pb_layyah,Layyah,6289.0,6289.0,,1
area,district,pb_lodhran,Lodhran,2778.0,2778.0,,1
area,district,pb_mandi_bahauddin,Mandi Bahauddin,2673.0,2673.0,,1
area,district,pb_mianwali,Mianwali,5840.0,5840.0,,1
area,district,pb_multan,Multan,3720.0,3720.0,,1
area,district,pb_muzaffargarh,Muzaffargarh,8249.0,8249.0,,1
area,district,pb_nankana_sahib,Nankana Sahib,2216.0,2216.0,,1
area,district,pb_narowal,Narowal,2337.0,2337.0,,1
area,district,pb_okara,Okara,4377.0,4377.0,,1
area,district,pb_pakpattan,Pakpattan,2724.0,2724.0,,1
area,district,pb_rahim_yar_khan,Rahim Yar Khan,11880.0,11880.0,,1
area,district,pb_rajanpur,Rajanpur,12318.0,12318.0,,1
area,district,pb_rawalpindi,Rawalpindi,5285.0,5285.0,,1
area,district,pb_sahiwal,Sahiwal,3201.0,3201.0,,1
area,district,pb_sargodha,Sargodha,5856.0,5856.0,,1
area,district,pb_sheikhupura,Sheikhupura,3744.0,3744.0,,1
area,district,pb_sialkot,Sialkot,3016.0,3016.0,,1
area,district,pb_toba_tek_singh,Toba Tek Singh,3252.0,3252.0,,1
area,district,pb_vehari,Vehari,4364.0,4364.0,,1
area,district,sd_badin,Badin,6858.0,6858.0,,1
area,district,sd_dadu,Dadu,7866.0,7866.0,,1
area,district,sd_ghotki,Ghotki,6083.0,6083.0,,1
area,district,sd_hyderabad,Hyderabad,993.0,993.0,,1
area,district,sd_jacobabad,Jacobabad,2698.0,2698.0,,1
area,district,sd_jamshoro,Jamshoro,11204.0,11204.0,,1
area,district,sd_kambar_shahdad_kot,Kambar Shahdad Kot,5475.0,5475.0,,1
area,district,sd_karachi_central,Karachi Central,69.0,69.0,,1
area,district,sd_karachi_east,Karachi East,139.0,139.0,,1
area,district,sd_karachi_south,Karachi South,122.0,122.0,,1
area,district,sd_karachi_west,Karachi West,370.0,370.0,,1
area,district,sd_kashmore,Kashmore,2580.0,2580.0,,1
area,district,sd_keamari,Keamari,559.0,559.0,,1
area,district,sd_khairpur,Khairpur,15910.0,15910.0,,1
area,district,sd_korangi,Korangi,108.0,108.0,,1
area,district,sd_larkana,Larkana,1948.0,1948.0,,1
area,district,sd_malir,Malir,2160.0,2160.0,,1
area,district,sd_matiari,Matiari,1417.0,1417.0,,1
area,district,sd_mirpur_khas,Mirpur Khas,2925.0,2925.0,,1
area,district,sd_naushahro_feroze,Naushahro Feroze,2946.0,2946.0,,1
area,district,sd_sanghar,Sanghar,10728.0,10728.0,,1
area,district,sd_shaheed_benazirabad,Shaheed Benazirabad,4502.0,4502.0,,1
area,district,sd_shikarpur,Shikarpur,2512.0,2512.0,,1
area,district,sd_sujawal,Sujawal,8785.0,8785.0,,1
area,district,sd_sukkur,Sukkur,5165.0,5165.0,,1
area,district,sd_tando_allahyar,Tando Allahyar,1554.0,1554.0,,1
area,district,sd_tando_muhammad_khan,Tando Muhammad Khan,1423.0,1423.0,,1
area,district,sd_tharparkar,Tharparkar,19637.0,19637.0,,1
area,district,sd_thatta,Thatta,8570.0,8570.0,,1
area,district,sd_umer_kot,Umer Kot,5608.0,5608.0,,1
density,national,PK,Pakistan,303.354659,241499431.0,796096.0,136
density,province,BA,Balochistan,42.899859,14894402.0,347190.0,34
density,province,IS,Islamabad Capital Territory,2609.120309,2363863.0,906.0,1
density,province,KP,Khyber Pakhtunkhwa,401.569643,40856097.0,101741.0,35
density,province,PB,Punjab,621.826302,127688922.0,205345.0,36
density,province,SD,Sindh,395.249209,55696147.0,140914.0,30
density,map_unit,sd_karachi,Karachi (7 districts),5779.098667,20382881.0,3527.0,7
density,district,ba_awaran,Awaran,6.064317,178958.0,29510.0,1
density,district,ba_barkhan,Barkhan,59.831816,210249.0,3514.0,1
density,district,ba_chagai,Chagai,6.015733,269192.0,44748.0,1
density,district,ba_chaman,Chaman,347.66443,466218.0,1341.0,1
density,district,ba_dera_bugti,Dera Bugti,34.967913,355274.0,10160.0,1
density,district,ba_duki,Duki,48.439405,205044.0,4233.0,1
density,district,ba_gwadar,Gwadar,24.148136,305160.0,12637.0,1
density,district,ba_harnai,Harnai,51.192215,127571.0,2492.0,1
density,district,ba_jaffarabad,Jaffarabad,361.873402,594558.0,1643.0,1
density,district,ba_jhal_magsi,Jhal Magsi,56.256708,203368.0,3615.0,1
density,district,ba_kachhi,Kachhi,77.908131,442674.0,5682.0,1
density,district,ba_kalat,Kalat,35.479488,271560.0,7654.0,1
density,district,ba_kech,Kech,47.070899,1060931.0,22539.0,1
density,district,ba_kharan,Kharan,17.405535,260352.0,14958.0,1
density,district,ba_khuzdar,Khuzdar,28.185811,997214.0,35380.0,1
density,district,ba_killa_abdullah,Killa Abdullah,101.877568,361971.0,3553.0,1
density,district,ba_killa_saifullah,Killa Saifullah,55.65803,380200.0,6831.0,1
density,district,ba_kohlu,Kohlu,34.194481,260220.0,7610.0,1
density,district,ba_lasbela,Lasbela,44.940078,680977.0,15153.0,1
density,district,ba_loralai,Loralai,71.97675,272432.0,3785.0,1
density,district,ba_mastung,Mastung,94.701028,313271.0,3308.0,1
density,district,ba_musakhel,Musakhel,31.821753,182275.0,5728.0,1
density,district,ba_nasirabad,Nasirabad,166.3168,563315.0,3387.0,1
density,district,ba_nushki,Nushki,35.851992,207834.0,5797.0,1
density,district,ba_panjgur,Panjgur,30.180629,509781.0,16891.0,1
density,district,ba_pishin,Pishin,134.365069,835482.0,6218.0,1
density,district,ba_quetta,Quetta,752.971279,2595492.0,3447.0,1
density,district,ba_sherani,Sherani,44.474942,191687.0,4310.0,1
density,district,ba_sibi,Sibi,31.47704,224148.0,7121.0,1
density,district,ba_sohbatpur,Sohbatpur,299.38404,240106.0,802.0,1
density,district,ba_surab,Surab,366.191601,279038.0,762.0,1
density,district,ba_washuk,Washuk,9.144623,302623.0,33093.0,1
density,district,ba_zhob,Zhob,22.248827,355692.0,15987.0,1
density,district,ba_ziarat,Ziarat,57.417449,189535.0,3301.0,1
density,district,is_islamabad,Islamabad,2609.120309,2363863.0,906.0,1
density,district,kp_abbottabad,Abbottabad,721.439756,1419072.0,1967.0,1
density,district,kp_bajaur,Bajaur,998.418605,1287960.0,1290.0,1
density,district,kp_bannu,Bannu,688.585193,1357890.0,1972.0,1
density,district,kp_batagram,Batagram,425.928517,554133.0,1301.0,1
density,district,kp_buner,Buner,545.23807,1016869.0,1865.0,1
density,district,kp_charsadda,Charsadda,1842.875502,1835504.0,996.0,1
density,district,kp_dera_ismail_khan,Dera Ismail Khan,196.037176,1829811.0,9334.0,1
density,district,kp_hangu,Hangu,482.134913,528902.0,1097.0,1
density,district,kp_haripur,Haripur,681.033623,1174783.0,1725.0,1
density,district,kp_karak,Karak,242.028478,815878.0,3371.0,1
density,district,kp_khyber,Khyber,444.979425,1146267.0,2576.0,1
density,district,kp_kohat,Kohat,412.792043,1234661.0,2991.0,1
density,district,kp_kolai_palas_kohistan,Kolai Palas Kohistan,198.696454,280162.0,1410.0,1
density,district,kp_kurram,Kurram,232.376923,785434.0,3380.0,1
density,district,kp_lakki_marwat,Lakki Marwat,315.793689,1040856.0,3296.0,1
density,district,kp_lower_chitral,Lower Chitral,49.613967,320407.0,6458.0,1
density,district,kp_lower_dir,Lower Dir,1042.440303,1650183.0,1583.0,1
density,district,kp_lower_kohistan,Lower Kohistan,529.621495,340017.0,642.0,1
density,district,kp_malakand,Malakand,867.909664,826250.0,952.0,1
density,district,kp_mansehra,Mansehra,435.679273,1797177.0,4125.0,1
density,district,kp_mardan,Mardan,1681.922794,2744898.0,1632.0,1
density,district,kp_mohmand,Mohmand,241.260017,553933.0,2296.0,1
density,district,kp_north_waziristan,North Waziristan,147.298067,693332.0,4707.0,1
density,district,kp_nowshera,Nowshera,995.826659,1740705.0,1748.0,1
density,district,kp_orakzai,Orakzai,251.990247,387561.0,1538.0,1
density,district,kp_peshawar,Peshawar,3134.889328,4758762.0,1518.0,1
density,district,kp_shangla,Shangla,561.949559,891252.0,1586.0,1
density,district,kp_south_waziristan,South Waziristan,134.240937,888675.0,6620.0,1
density,district,kp_swabi,Swabi,1227.86779,1894600.0,1543.0,1
density,district,kp_swat,Swat,503.538317,2687384.0,5337.0,1
density,district,kp_tank,Tank,162.17,470293.0,2900.0,1
density,district,kp_torghar,Torghar,441.508811,200445.0,454.0,1
density,district,kp_upper_chitral,Upper Chitral,23.299333,195528.0,8392.0,1
density,district,kp_upper_dir,Upper Dir,292.934847,1083566.0,3699.0,1
density,district,kp_upper_kohistan,Upper Kohistan,77.74761,422947.0,5440.0,1
density,district,pb_attock,Attock,316.526615,2170423.0,6857.0,1
density,district,pb_bahawalnagar,Bahawalnagar,399.903357,3550342.0,8878.0,1
density,district,pb_bahawalpur,Bahawalpur,172.57205,4284964.0,24830.0,1
density,district,pb_bhakkar,Bhakkar,240.091991,1957470.0,8153.0,1
density,district,pb_chakwal,Chakwal,265.878008,1734854.0,6525.0,1
density,district,pb_chiniot,Chiniot,591.38252,1563024.0,2643.0,1
density,district,pb_dera_ghazi_khan,Dera Ghazi Khan,284.659034,3393705.0,11922.0,1
density,district,pb_faisalabad,Faisalabad,1549.567868,9075819.0,5857.0,1
density,district,pb_gujranwala,Gujranwala,1645.430701,5959750.0,3622.0,1
density,district,pb_gujrat,Gujrat,1008.576128,3219375.0,3192.0,1
density,district,pb_hafizabad,Hafizabad,557.629489,1319909.0,2367.0,1
density,district,pb_jhang,Jhang,497.184398,3065639.0,6166.0,1
density,district,pb_jhelum,Jhelum,385.366044,1382308.0,3587.0,1
density,district,pb_kasur,Kasur,1022.349437,4084286.0,3995.0,1
density,district,pb_khanewal,Khanewal,773.528857,3364077.0,4349.0,1
density,district,pb_khushab,Khushab,230.546613,1501089.0,6511.0,1
density,district,pb_lahore,Lahore,7338.676637,13004135.0,1772.0,1
density,district,pb_layyah,Layyah,334.295754,2102386.0,6289.0,1
density,district,pb_lodhran,Lodhran,694.132109,1928299.0,2778.0,1
density,district,pb_mandi_bahauddin,Mandi Bahauddin,684.431725,1829486.0,2673.0,1
density,district,pb_mianwali,Mianwali,307.922603,1798268.0,5840.0,1
density,district,pb_multan,Multan,1441.479839,5362305.0,3720.0,1
density,district,pb_muzaffargarh,Muzaffargarh,607.991878,5015325.0,8249.0,1
density,district,pb_nankana_sahib,Nankana Sahib,737.757671,1634871.0,2216.0,1
density,district,pb_narowal,Narowal,834.811297,1950954.0,2337.0,1
density,district,pb_okara,Okara,803.173406,3515490.0,4377.0,1
density,district,pb_pakpattan,Pakpattan,784.203377,2136170.0,2724.0,1
density,district,pb_rahim_yar_khan,Rahim Yar Khan,468.409343,5564703.0,11880.0,1
density,district,pb_rajanpur,Rajanpur,193.298344,2381049.0,12318.0,1
density,district,pb_rawalpindi,Rawalpindi,1157.788269,6118911.0,5285.0,1
density,district,pb_sahiwal,Sahiwal,900.284599,2881811.0,3201.0,1
density,district,pb_sargodha,Sargodha,740.172131,4334448.0,5856.0,1
density,district,pb_sheikhupura,Sheikhupura,1081.575321,4049418.0,3744.0,1
density,district,pb_sialkot,Sialkot,1491.841512,4499394.0,3016.0,1
density,district,pb_toba_tek_singh,Toba Tek Singh,776.151292,2524044.0,3252.0,1
density,district,pb_vehari,Vehari,786.07264,3430421.0,4364.0,1
density,district,sd_badin,Badin,283.913823,1947081.0,6858.0,1
density,district,sd_dadu,Dadu,221.500127,1742320.0,7866.0,1
density,district,sd_ghotki,Ghotki,291.403748,1772609.0,6083.0,1
density,district,sd_hyderabad,Hyderabad,2449.687815,2432540.0,993.0,1
density,district,sd_jacobabad,Jacobabad,435.173091,1174097.0,2698.0,1
density,district,sd_jamshoro,Jamshoro,99.724027,1117308.0,11204.0,1
density,district,sd_kambar_shahdad_kot,Kambar Shahdad Kot,276.688402,1514869.0,5475.0,1
density,district,sd_karachi_central,Karachi Central,55396.014493,3822325.0,69.0,1
density,district,sd_karachi_east,Karachi East,28213.971223,3921742.0,139.0,1
density,district,sd_karachi_south,Karachi South,19096.42623,2329764.0,122.0,1
density,district,sd_karachi_west,Karachi West,7241.567568,2679380.0,370.0,1
density,district,sd_kashmore,Kashmore,478.277907,1233957.0,2580.0,1
density,district,sd_keamari,Keamari,3700.270125,2068451.0,559.0,1
density,district,sd_khairpur,Khairpur,163.264299,2597535.0,15910.0,1
density,district,sd_korangi,Korangi,28971.953704,3128971.0,108.0,1
density,district,sd_larkana,Larkana,916.043634,1784453.0,1948.0,1
density,district,sd_malir,Malir,1126.040741,2432248.0,2160.0,1
density,district,sd_matiari,Matiari,599.42343,849383.0,1417.0,1
density,district,sd_mirpur_khas,Mirpur Khas,574.832821,1681386.0,2925.0,1
density,district,sd_naushahro_feroze,Naushahro Feroze,603.218601,1777082.0,2946.0,1
density,district,sd_sanghar,Sanghar,215.181301,2308465.0,10728.0,1
density,district,sd_shaheed_benazirabad,Shaheed Benazirabad,409.840515,1845102.0,4502.0,1
density,district,sd_shikarpur,Shikarpur,551.882962,1386330.0,2512.0,1
density,district,sd_sujawal,Sujawal,95.536938,839292.0,8785.0,1
density,district,sd_sukkur,Sukkur,317.501839,1639897.0,5165.0,1
density,district,sd_tando_allahyar,Tando Allahyar,593.315315,922012.0,1554.0,1
density,district,sd_tando_muhammad_khan,Tando Muhammad Khan,510.273366,726119.0,1423.0,1
density,district,sd_tharparkar,Tharparkar,90.564088,1778407.0,19637.0,1
density,district,sd_thatta,Thatta,126.393349,1083191.0,8570.0,1
density,district,sd_umer_kot,Umer Kot,206.817225,1159831.0,5608.0,1
urban_share,national,PK,Pakistan,38.875745,93884702.0,241499431.0,136
urban_share,province,BA,Balochistan,30.963499,4611828.0,14894402.0,34
urban_share,province,IS,Islamabad Capital Territory,46.909318,1108872.0,2363863.0,1
urban_share,province,KP,Khyber Pakhtunkhwa,15.007053,6131296.0,40856097.0,35
urban_share,province,PB,Punjab,40.70515,51975967.0,127688922.0,36
urban_share,province,SD,Sindh,53.965562,30056739.0,55696147.0,30
urban_share,map_unit,sd_karachi,Karachi (7 districts),92.567979,18868021.0,20382881.0,7
urban_share,district,ba_awaran,Awaran,26.171504,46836.0,178958.0,1
urban_share,district,ba_barkhan,Barkhan,6.860913,14425.0,210249.0,1
urban_share,district,ba_chagai,Chagai,7.449701,20054.0,269192.0,1
urban_share,district,ba_chaman,Chaman,27.913766,130139.0,466218.0,1
urban_share,district,ba_dera_bugti,Dera Bugti,30.524891,108447.0,355274.0,1
urban_share,district,ba_duki,Duki,4.771171,9783.0,205044.0,1
urban_share,district,ba_gwadar,Gwadar,52.115284,159035.0,305160.0,1
urban_share,district,ba_harnai,Harnai,26.207367,33433.0,127571.0,1
urban_share,district,ba_jaffarabad,Jaffarabad,27.481423,163393.0,594558.0,1
urban_share,district,ba_jhal_magsi,Jhal Magsi,11.86519,24130.0,203368.0,1
urban_share,district,ba_kachhi,Kachhi,18.174097,80452.0,442674.0,1
urban_share,district,ba_kalat,Kalat,16.364708,44440.0,271560.0,1
urban_share,district,ba_kech,Kech,36.444029,386646.0,1060931.0,1
urban_share,district,ba_kharan,Kharan,31.037211,80806.0,260352.0,1
urban_share,district,ba_khuzdar,Khuzdar,36.539599,364378.0,997214.0,1
urban_share,district,ba_killa_abdullah,Killa Abdullah,9.775369,35384.0,361971.0,1
urban_share,district,ba_killa_saifullah,Killa Saifullah,16.879274,64175.0,380200.0,1
urban_share,district,ba_kohlu,Kohlu,7.29306,18978.0,260220.0,1
urban_share,district,ba_lasbela,Lasbela,48.545692,330585.0,680977.0,1
urban_share,district,ba_loralai,Loralai,21.877386,59601.0,272432.0,1
urban_share,district,ba_mastung,Mastung,12.887883,40374.0,313271.0,1
urban_share,district,ba_musakhel,Musakhel,8.670964,15805.0,182275.0,1
urban_share,district,ba_nasirabad,Nasirabad,18.98618,106952.0,563315.0,1
urban_share,district,ba_nushki,Nushki,23.370575,48572.0,207834.0,1
urban_share,district,ba_panjgur,Panjgur,30.933479,157693.0,509781.0,1
urban_share,district,ba_pishin,Pishin,29.178965,243785.0,835482.0,1
urban_share,district,ba_quetta,Quetta,60.31789,1565546.0,2595492.0,1
urban_share,district,ba_sherani,Sherani,0.0,0.0,191687.0,1
urban_share,district,ba_sibi,Sibi,30.917073,69300.0,224148.0,1
urban_share,district,ba_sohbatpur,Sohbatpur,6.133958,14728.0,240106.0,1
urban_share,district,ba_surab,Surab,13.069188,36468.0,279038.0,1
urban_share,district,ba_washuk,Washuk,13.583568,41107.0,302623.0,1
urban_share,district,ba_zhob,Zhob,13.206932,46976.0,355692.0,1
urban_share,district,ba_ziarat,Ziarat,26.064843,49402.0,189535.0,1
urban_share,district,is_islamabad,Islamabad,46.909318,1108872.0,2363863.0,1
urban_share,district,kp_abbottabad,Abbottabad,23.417769,332315.0,1419072.0,1
urban_share,district,kp_bajaur,Bajaur,0.0,0.0,1287960.0,1
urban_share,district,kp_bannu,Bannu,3.564206,48398.0,1357890.0,1
urban_share,district,kp_batagram,Batagram,0.0,0.0,554133.0,1
urban_share,district,kp_buner,Buner,0.0,0.0,1016869.0,1
urban_share,district,kp_charsadda,Charsadda,15.931646,292426.0,1835504.0,1
urban_share,district,kp_dera_ismail_khan,Dera Ismail Khan,20.48064,374757.0,1829811.0,1
urban_share,district,kp_hangu,Hangu,16.208485,85727.0,528902.0,1
urban_share,district,kp_haripur,Haripur,12.578068,147765.0,1174783.0,1
urban_share,district,kp_karak,Karak,7.116873,58065.0,815878.0,1
urban_share,district,kp_khyber,Khyber,8.262211,94707.0,1146267.0,1
urban_share,district,kp_kohat,Kohat,22.576319,278741.0,1234661.0,1
urban_share,district,kp_kolai_palas_kohistan,Kolai Palas Kohistan,0.0,0.0,280162.0,1
urban_share,district,kp_kurram,Kurram,5.789283,45471.0,785434.0,1
urban_share,district,kp_lakki_marwat,Lakki Marwat,9.904252,103089.0,1040856.0,1
urban_share,district,kp_lower_chitral,Lower Chitral,17.838874,57157.0,320407.0,1
urban_share,district,kp_lower_dir,Lower Dir,2.900284,47860.0,1650183.0,1
urban_share,district,kp_lower_kohistan,Lower Kohistan,0.0,0.0,340017.0,1
urban_share,district,kp_malakand,Malakand,8.898638,73525.0,826250.0,1
urban_share,district,kp_mansehra,Mansehra,8.615401,154834.0,1797177.0,1
urban_share,district,kp_mardan,Mardan,16.515805,453342.0,2744898.0,1
urban_share,district,kp_mohmand,Mohmand,0.0,0.0,553933.0,1
urban_share,district,kp_north_waziristan,North Waziristan,0.595818,4131.0,693332.0,1
urban_share,district,kp_nowshera,Nowshera,19.644857,341959.0,1740705.0,1
urban_share,district,kp_orakzai,Orakzai,0.0,0.0,387561.0,1
urban_share,district,kp_peshawar,Peshawar,40.051908,1905975.0,4758762.0,1
urban_share,district,kp_shangla,Shangla,0.0,0.0,891252.0,1
urban_share,district,kp_south_waziristan,South Waziristan,0.0,0.0,888675.0,1
urban_share,district,kp_swabi,Swabi,17.928323,339670.0,1894600.0,1
urban_share,district,kp_swat,Swat,29.559155,794368.0,2687384.0,1
urban_share,district,kp_tank,Tank,10.45561,49172.0,470293.0,1
urban_share,district,kp_torghar,Torghar,0.0,0.0,200445.0,1
urban_share,district,kp_upper_chitral,Upper Chitral,0.0,0.0,195528.0,1
urban_share,district,kp_upper_dir,Upper Dir,4.415236,47842.0,1083566.0,1
urban_share,district,kp_upper_kohistan,Upper Kohistan,0.0,0.0,422947.0,1
urban_share,district,pb_attock,Attock,28.749419,623984.0,2170423.0,1
urban_share,district,pb_bahawalnagar,Bahawalnagar,27.4373,974118.0,3550342.0,1
urban_share,district,pb_bahawalpur,Bahawalpur,37.790773,1619321.0,4284964.0,1
urban_share,district,pb_bhakkar,Bhakkar,18.004567,352434.0,1957470.0,1
urban_share,district,pb_chakwal,Chakwal,25.062916,434805.0,1734854.0,1
urban_share,district,pb_chiniot,Chiniot,31.456459,491672.0,1563024.0,1
urban_share,district,pb_dera_ghazi_khan,Dera Ghazi Khan,23.791461,807412.0,3393705.0,1
urban_share,district,pb_faisalabad,Faisalabad,48.403114,4392979.0,9075819.0,1
urban_share,district,pb_gujranwala,Gujranwala,60.304056,3593971.0,5959750.0,1
urban_share,district,pb_gujrat,Gujrat,41.134195,1324264.0,3219375.0,1
urban_share,district,pb_hafizabad,Hafizabad,38.21324,504380.0,1319909.0,1
urban_share,district,pb_jhang,Jhang,26.125907,800926.0,3065639.0,1
urban_share,district,pb_jhelum,Jhelum,39.160448,541318.0,1382308.0,1
urban_share,district,pb_kasur,Kasur,30.455311,1243882.0,4084286.0,1
urban_share,district,pb_khanewal,Khanewal,21.307063,716786.0,3364077.0,1
urban_share,district,pb_khushab,Khushab,27.896081,418745.0,1501089.0,1
urban_share,district,pb_lahore,Lahore,100.0,13004135.0,13004135.0,1
urban_share,district,pb_layyah,Layyah,18.373505,386282.0,2102386.0,1
urban_share,district,pb_lodhran,Lodhran,16.856981,325053.0,1928299.0,1
urban_share,district,pb_mandi_bahauddin,Mandi Bahauddin,18.920123,346141.0,1829486.0,1
urban_share,district,pb_mianwali,Mianwali,20.211281,363453.0,1798268.0,1
urban_share,district,pb_multan,Multan,46.619336,2499871.0,5362305.0,1
urban_share,district,pb_muzaffargarh,Muzaffargarh,18.878019,946794.0,5015325.0,1
urban_share,district,pb_nankana_sahib,Nankana Sahib,19.780643,323388.0,1634871.0,1
urban_share,district,pb_narowal,Narowal,17.893554,349095.0,1950954.0,1
urban_share,district,pb_okara,Okara,33.779189,1187504.0,3515490.0,1
urban_share,district,pb_pakpattan,Pakpattan,22.122537,472575.0,2136170.0,1
urban_share,district,pb_rahim_yar_khan,Rahim Yar Khan,24.12082,1342252.0,5564703.0,1
urban_share,district,pb_rajanpur,Rajanpur,26.51029,631223.0,2381049.0,1
urban_share,district,pb_rawalpindi,Rawalpindi,68.815922,4210785.0,6118911.0,1
urban_share,district,pb_sahiwal,Sahiwal,26.2901,757631.0,2881811.0,1
urban_share,district,pb_sargodha,Sargodha,37.134763,1609587.0,4334448.0,1
urban_share,district,pb_sheikhupura,Sheikhupura,38.296689,1550793.0,4049418.0,1
urban_share,district,pb_sialkot,Sialkot,32.937058,1481968.0,4499394.0,1
urban_share,district,pb_toba_tek_singh,Toba Tek Singh,22.326275,563525.0,2524044.0,1
urban_share,district,pb_vehari,Vehari,22.822709,782915.0,3430421.0,1
urban_share,district,sd_badin,Badin,22.076585,429849.0,1947081.0,1
urban_share,district,sd_dadu,Dadu,25.198241,439034.0,1742320.0,1
urban_share,district,sd_ghotki,Ghotki,21.402464,379382.0,1772609.0,1
urban_share,district,sd_hyderabad,Hyderabad,83.138571,2022379.0,2432540.0,1
urban_share,district,sd_jacobabad,Jacobabad,30.825136,361917.0,1174097.0,1
urban_share,district,sd_jamshoro,Jamshoro,46.696703,521746.0,1117308.0,1
urban_share,district,sd_kambar_shahdad_kot,Kambar Shahdad Kot,27.848283,421865.0,1514869.0,1
urban_share,district,sd_karachi_central,Karachi Central,100.0,3822325.0,3822325.0,1
urban_share,district,sd_karachi_east,Karachi East,100.0,3921742.0,3921742.0,1
urban_share,district,sd_karachi_south,Karachi South,100.0,2329764.0,2329764.0,1
urban_share,district,sd_karachi_west,Karachi West,90.708597,2430428.0,2679380.0,1
urban_share,district,sd_kashmore,Kashmore,22.025241,271782.0,1233957.0,1
urban_share,district,sd_keamari,Keamari,100.0,2068451.0,2068451.0,1
urban_share,district,sd_khairpur,Khairpur,32.502469,844263.0,2597535.0,1
urban_share,district,sd_korangi,Korangi,100.0,3128971.0,3128971.0,1
urban_share,district,sd_larkana,Larkana,44.728048,798151.0,1784453.0,1
urban_share,district,sd_malir,Malir,47.953169,1166340.0,2432248.0,1
urban_share,district,sd_matiari,Matiari,23.861203,202673.0,849383.0,1
urban_share,district,sd_mirpur_khas,Mirpur Khas,29.271982,492175.0,1681386.0,1
urban_share,district,sd_naushahro_feroze,Naushahro Feroze,28.543646,507244.0,1777082.0,1
urban_share,district,sd_sanghar,Sanghar,27.324737,630782.0,2308465.0,1
urban_share,district,sd_shaheed_benazirabad,Shaheed Benazirabad,32.416636,598120.0,1845102.0,1
urban_share,district,sd_shikarpur,Shikarpur,22.991496,318738.0,1386330.0,1
urban_share,district,sd_sujawal,Sujawal,10.585946,88847.0,839292.0,1
urban_share,district,sd_sukkur,Sukkur,49.698182,814999.0,1639897.0,1
urban_share,district,sd_tando_allahyar,Tando Allahyar,30.985172,285687.0,922012.0,1
urban_share,district,sd_tando_muhammad_khan,Tando Muhammad Khan,22.329949,162142.0,726119.0,1
urban_share,district,sd_tharparkar,Tharparkar,8.119907,144405.0,1778407.0,1
urban_share,district,sd_thatta,Thatta,17.880411,193679.0,1083191.0,1
urban_share,district,sd_umer_kot,Umer Kot,22.318683,258859.0,1159831.0,1
sex_ratio,national,PK,Pakistan,106.119867,124324406.0,117154694.0,136
sex_ratio,province,BA,Balochistan,109.019684,7768166.0,7125471.0,34
sex_ratio,province,IS,Islamabad Capital Territory,111.810467,1247693.0,1115900.0,1
sex_ratio,province,KP,Khyber Pakhtunkhwa,104.18064,20845747.0,20009233.0,35
sex_ratio,province,PB,Punjab,105.177509,65448376.0,62226589.0,36
sex_ratio,province,SD,Sindh,108.759902,29014424.0,26677501.0,30
sex_ratio,map_unit,sd_karachi,Karachi (7 districts),112.721803,10799522.0,9580686.0,7
sex_ratio,district,ba_awaran,Awaran,104.930255,91623.0,87318.0,1
sex_ratio,district,ba_barkhan,Barkhan,108.951768,109624.0,100617.0,1
sex_ratio,district,ba_chagai,Chagai,108.244304,139922.0,129265.0,1
sex_ratio,district,ba_chaman,Chaman,127.404871,261194.0,205011.0,1
sex_ratio,district,ba_dera_bugti,Dera Bugti,121.09993,194587.0,160683.0,1
sex_ratio,district,ba_duki,Duki,109.660956,107221.0,97775.0,1
sex_ratio,district,ba_gwadar,Gwadar,111.330124,160744.0,144385.0,1
sex_ratio,district,ba_harnai,Harnai,111.887717,67362.0,60205.0,1
sex_ratio,district,ba_jaffarabad,Jaffarabad,102.794558,301370.0,293177.0,1
sex_ratio,district,ba_jhal_magsi,Jhal Magsi,103.491339,103422.0,99933.0,1
sex_ratio,district,ba_kachhi,Kachhi,111.732741,233584.0,209056.0,1
sex_ratio,district,ba_kalat,Kalat,104.264266,138611.0,132942.0,1
sex_ratio,district,ba_kech,Kech,109.816274,555219.0,505589.0,1
sex_ratio,district,ba_kharan,Kharan,115.789168,139695.0,120646.0,1
sex_ratio,district,ba_khuzdar,Khuzdar,116.840956,537313.0,459867.0,1
sex_ratio,district,ba_killa_abdullah,Killa Abdullah,109.485308,189172.0,172783.0,1
sex_ratio,district,ba_killa_saifullah,Killa Saifullah,109.909731,199074.0,181125.0,1
sex_ratio,district,ba_kohlu,Kohlu,109.907955,136243.0,123961.0,1
sex_ratio,district,ba_lasbela,Lasbela,105.036855,348840.0,332112.0,1
sex_ratio,district,ba_loralai,Loralai,110.130283,142774.0,129641.0,1
sex_ratio,district,ba_mastung,Mastung,113.704985,166679.0,146589.0,1
sex_ratio,district,ba_musakhel,Musakhel,113.01919,96706.0,85566.0,1
sex_ratio,district,ba_nasirabad,Nasirabad,104.541477,287902.0,275395.0,1
sex_ratio,district,ba_nushki,Nushki,108.751682,108271.0,99558.0,1
sex_ratio,district,ba_panjgur,Panjgur,112.09168,269372.0,240314.0,1
sex_ratio,district,ba_pishin,Pishin,104.337649,426597.0,408862.0,1
sex_ratio,district,ba_quetta,Quetta,103.477584,1319869.0,1275512.0,1
sex_ratio,district,ba_sherani,Sherani,122.017467,105345.0,86336.0,1
sex_ratio,district,ba_sibi,Sibi,105.428467,115033.0,109110.0,1
sex_ratio,district,ba_sohbatpur,Sohbatpur,103.063235,121863.0,118241.0,1
sex_ratio,district,ba_surab,Surab,103.112716,141648.0,137372.0,1
sex_ratio,district,ba_washuk,Washuk,116.628843,162913.0,139685.0,1
sex_ratio,district,ba_zhob,Zhob,117.565526,192202.0,163485.0,1
sex_ratio,district,ba_ziarat,Ziarat,103.017514,96172.0,93355.0,1
sex_ratio,district,is_islamabad,Islamabad,111.810467,1247693.0,1115900.0,1
sex_ratio,district,kp_abbottabad,Abbottabad,100.773682,712218.0,706750.0,1
sex_ratio,district,kp_bajaur,Bajaur,102.14252,650798.0,637147.0,1
sex_ratio,district,kp_bannu,Bannu,108.333679,706094.0,651777.0,1
sex_ratio,district,kp_batagram,Batagram,103.105654,281298.0,272825.0,1
sex_ratio,district,kp_buner,Buner,99.902294,508172.0,508669.0,1
sex_ratio,district,kp_charsadda,Charsadda,107.490168,950872.0,884613.0,1
sex_ratio,district,kp_dera_ismail_khan,Dera Ismail Khan,110.244124,959405.0,870255.0,1
sex_ratio,district,kp_hangu,Hangu,96.906936,260293.0,268601.0,1
sex_ratio,district,kp_haripur,Haripur,101.430389,591540.0,583198.0,1
sex_ratio,district,kp_karak,Karak,106.771083,421292.0,394575.0,1
sex_ratio,district,kp_khyber,Khyber,109.175184,598268.0,547989.0,1
sex_ratio,district,kp_kohat,Kohat,104.049145,629566.0,605066.0,1
sex_ratio,district,kp_kolai_palas_kohistan,Kolai Palas Kohistan,103.646091,142588.0,137572.0,1
sex_ratio,district,kp_kurram,Kurram,107.505581,406914.0,378505.0,1
sex_ratio,district,kp_lakki_marwat,Lakki Marwat,102.60822,527121.0,513722.0,1
sex_ratio,district,kp_lower_chitral,Lower Chitral,104.31123,163584.0,156823.0,1
sex_ratio,district,kp_lower_dir,Lower Dir,97.244339,813551.0,836605.0,1
sex_ratio,district,kp_lower_kohistan,Lower Kohistan,104.390716,173655.0,166351.0,1
sex_ratio,district,kp_malakand,Malakand,104.795189,422792.0,403446.0,1
sex_ratio,district,kp_mansehra,Mansehra,103.080327,912164.0,884906.0,1
sex_ratio,district,kp_mardan,Mardan,105.44186,1408776.0,1336069.0,1
sex_ratio,district,kp_mohmand,Mohmand,103.243892,281384.0,272543.0,1
sex_ratio,district,kp_north_waziristan,North Waziristan,104.710923,354636.0,338681.0,1
sex_ratio,district,kp_nowshera,Nowshera,103.779865,886471.0,854184.0,1
sex_ratio,district,kp_orakzai,Orakzai,112.144468,204870.0,182684.0,1
sex_ratio,district,kp_peshawar,Peshawar,103.988439,2425808.0,2332767.0,1
sex_ratio,district,kp_shangla,Shangla,106.650884,459965.0,431281.0,1
sex_ratio,district,kp_south_waziristan,South Waziristan,107.084333,459531.0,429130.0,1
sex_ratio,district,kp_swabi,Swabi,102.514644,959045.0,935520.0,1
sex_ratio,district,kp_swat,Swat,104.83399,1375358.0,1311939.0,1
sex_ratio,district,kp_tank,Tank,105.634382,241589.0,228703.0,1
sex_ratio,district,kp_torghar,Torghar,103.946846,102160.0,98281.0,1
sex_ratio,district,kp_upper_chitral,Upper Chitral,105.747477,100495.0,95033.0,1
sex_ratio,district,kp_upper_dir,Upper Dir,98.357205,537290.0,546264.0,1
sex_ratio,district,kp_upper_kohistan,Upper Kohistan,104.558447,216184.0,206759.0,1
sex_ratio,district,pb_attock,Attock,100.829842,1089655.0,1080687.0,1
sex_ratio,district,pb_bahawalnagar,Bahawalnagar,108.273144,1845493.0,1704479.0,1
sex_ratio,district,pb_bahawalpur,Bahawalpur,103.104764,2174995.0,2109500.0,1
sex_ratio,district,pb_bhakkar,Bhakkar,108.004935,1016361.0,941032.0,1
sex_ratio,district,pb_chakwal,Chakwal,99.229732,864029.0,870736.0,1
sex_ratio,district,pb_chiniot,Chiniot,102.409581,790731.0,772126.0,1
sex_ratio,district,pb_dera_ghazi_khan,Dera Ghazi Khan,101.920443,1712930.0,1680654.0,1
sex_ratio,district,pb_faisalabad,Faisalabad,108.923199,4731224.0,4343633.0,1
sex_ratio,district,pb_gujranwala,Gujranwala,103.322059,3028290.0,2930923.0,1
sex_ratio,district,pb_gujrat,Gujrat,99.829729,1608221.0,1610964.0,1
sex_ratio,district,pb_hafizabad,Hafizabad,103.108063,670023.0,649826.0,1
sex_ratio,district,pb_jhang,Jhang,107.152796,1585616.0,1479771.0,1
sex_ratio,district,pb_jhelum,Jhelum,103.702639,703667.0,678543.0,1
sex_ratio,district,pb_kasur,Kasur,104.534901,2087217.0,1996670.0,1
sex_ratio,district,pb_khanewal,Khanewal,106.483528,1734655.0,1629036.0,1
sex_ratio,district,pb_khushab,Khushab,104.804384,768126.0,732914.0,1
sex_ratio,district,pb_lahore,Lahore,112.466878,6881801.0,6118958.0,1
sex_ratio,district,pb_layyah,Layyah,106.233918,1082922.0,1019375.0,1
sex_ratio,district,pb_lodhran,Lodhran,107.256518,997846.0,930336.0,1
sex_ratio,district,pb_mandi_bahauddin,Mandi Bahauddin,100.537479,917125.0,912222.0,1
sex_ratio,district,pb_mianwali,Mianwali,104.320818,918115.0,880088.0,1
sex_ratio,district,pb_multan,Multan,103.774886,2730613.0,2631285.0,1
sex_ratio,district,pb_muzaffargarh,Muzaffargarh,103.181816,2546877.0,2468339.0,1
sex_ratio,district,pb_nankana_sahib,Nankana Sahib,103.621059,831931.0,802859.0,1
sex_ratio,district,pb_narowal,Narowal,104.40276,996445.0,954424.0,1
sex_ratio,district,pb_okara,Okara,103.728561,1789744.0,1725411.0,1
sex_ratio,district,pb_pakpattan,Pakpattan,103.295155,1085316.0,1050694.0,1
sex_ratio,district,pb_rahim_yar_khan,Rahim Yar Khan,108.603575,2896819.0,2667333.0,1
sex_ratio,district,pb_rajanpur,Rajanpur,103.1948,1209183.0,1171748.0,1
sex_ratio,district,pb_rawalpindi,Rawalpindi,103.392791,3109807.0,3007760.0,1
sex_ratio,district,pb_sahiwal,Sahiwal,102.803696,1460748.0,1420910.0,1
sex_ratio,district,pb_sargodha,Sargodha,102.534919,2194156.0,2139911.0,1
sex_ratio,district,pb_sheikhupura,Sheikhupura,105.582518,2079378.0,1969434.0,1
sex_ratio,district,pb_sialkot,Sialkot,102.582325,2277939.0,2220596.0,1
sex_ratio,district,pb_toba_tek_singh,Toba Tek Singh,105.494715,1295646.0,1228162.0,1
sex_ratio,district,pb_vehari,Vehari,102.328978,1734732.0,1695250.0,1
sex_ratio,district,sd_badin,Badin,108.424851,1012854.0,934153.0,1
sex_ratio,district,sd_dadu,Dadu,102.953261,883793.0,858441.0,1
sex_ratio,district,sd_ghotki,Ghotki,107.990059,920328.0,852234.0,1
sex_ratio,district,sd_hyderabad,Hyderabad,112.788932,1289279.0,1143090.0,1
sex_ratio,district,sd_jacobabad,Jacobabad,103.041503,595787.0,578201.0,1
sex_ratio,district,sd_jamshoro,Jamshoro,107.201528,578036.0,539205.0,1
sex_ratio,district,sd_kambar_shahdad_kot,Kambar Shahdad Kot,109.313952,791116.0,723710.0,1
sex_ratio,district,sd_karachi_central,Karachi Central,112.008341,2019115.0,1802647.0,1
sex_ratio,district,sd_karachi_east,Karachi East,113.509877,2084719.0,1836597.0,1
sex_ratio,district,sd_karachi_south,Karachi South,113.995149,1240860.0,1088520.0,1
sex_ratio,district,sd_karachi_west,Karachi West,112.002276,1415431.0,1263752.0,1
sex_ratio,district,sd_kashmore,Kashmore,103.73469,628265.0,605646.0,1
sex_ratio,district,sd_keamari,Keamari,113.746508,1100626.0,967613.0,1
sex_ratio,district,sd_khairpur,Khairpur,102.688549,1315925.0,1281472.0,1
sex_ratio,district,sd_korangi,Korangi,111.638939,1650172.0,1478133.0,1
sex_ratio,district,sd_larkana,Larkana,109.495005,932604.0,851732.0,1
sex_ratio,district,sd_malir,Malir,112.696515,1288599.0,1143424.0,1
sex_ratio,district,sd_matiari,Matiari,102.584064,430096.0,419262.0,1
sex_ratio,district,sd_mirpur_khas,Mirpur Khas,110.360588,882057.0,799250.0,1
sex_ratio,district,sd_naushahro_feroze,Naushahro Feroze,102.997196,901622.0,875385.0,1
sex_ratio,district,sd_sanghar,Sanghar,103.24535,1172607.0,1135748.0,1
sex_ratio,district,sd_shaheed_benazirabad,Shaheed Benazirabad,103.179338,936953.0,908082.0,1
sex_ratio,district,sd_shikarpur,Shikarpur,102.204097,700698.0,685587.0,1
sex_ratio,district,sd_sujawal,Sujawal,108.714553,437151.0,402109.0,1
sex_ratio,district,sd_sukkur,Sukkur,113.039005,870094.0,769729.0,1
sex_ratio,district,sd_tando_allahyar,Tando Allahyar,103.311451,468504.0,453487.0,1
sex_ratio,district,sd_tando_muhammad_khan,Tando Muhammad Khan,107.835426,376736.0,349362.0,1
sex_ratio,district,sd_tharparkar,Tharparkar,109.210379,928333.0,850041.0,1
sex_ratio,district,sd_thatta,Thatta,105.182281,555252.0,527895.0,1
sex_ratio,district,sd_umer_kot,Umer Kot,109.732113,606812.0,552994.0,1
household_size,national,PK,Pakistan,6.306694,241499431.0,38292556.0,136
household_size,province,BA,Balochistan,6.427603,14894402.0,2317256.0,34
household_size,province,IS,Islamabad Capital Territory,5.751589,2363863.0,410993.0,1
household_size,province,KP,Khyber Pakhtunkhwa,6.970297,40856097.0,5861457.0,35
household_size,province,PB,Punjab,6.43594,127688922.0,19839980.0,36
household_size,province,SD,Sindh,5.647053,55696147.0,9862870.0,30
household_size,map_unit,sd_karachi,Karachi (7 districts),5.935431,20382881.0,3434103.0,7
household_size,district,ba_awaran,Awaran,6.438264,178958.0,27796.0,1
household_size,district,ba_barkhan,Barkhan,9.120245,210249.0,23053.0,1
household_size,district,ba_chagai,Chagai,7.044514,269192.0,38213.0,1
household_size,district,ba_chaman,Chaman,7.529969,466218.0,61915.0,1
household_size,district,ba_dera_bugti,Dera Bugti,5.705655,355274.0,62267.0,1
household_size,district,ba_duki,Duki,4.761931,205044.0,43059.0,1
household_size,district,ba_gwadar,Gwadar,6.059932,305160.0,50357.0,1
household_size,district,ba_harnai,Harnai,7.782041,127571.0,16393.0,1
household_size,district,ba_jaffarabad,Jaffarabad,7.289645,594558.0,81562.0,1
household_size,district,ba_jhal_magsi,Jhal Magsi,6.570219,203368.0,30953.0,1
household_size,district,ba_kachhi,Kachhi,8.847817,442674.0,50032.0,1
household_size,district,ba_kalat,Kalat,8.203982,271560.0,33101.0,1
household_size,district,ba_kech,Kech,4.185545,1060931.0,253475.0,1
household_size,district,ba_kharan,Kharan,7.263678,260352.0,35843.0,1
household_size,district,ba_khuzdar,Khuzdar,6.176612,997214.0,161450.0,1
household_size,district,ba_killa_abdullah,Killa Abdullah,5.379349,361971.0,67289.0,1
household_size,district,ba_killa_saifullah,Killa Saifullah,5.431584,380200.0,69998.0,1
household_size,district,ba_kohlu,Kohlu,6.830818,260220.0,38095.0,1
household_size,district,ba_lasbela,Lasbela,5.893915,680977.0,115539.0,1
household_size,district,ba_loralai,Loralai,7.129115,272432.0,38214.0,1
household_size,district,ba_mastung,Mastung,7.169493,313271.0,43695.0,1
household_size,district,ba_musakhel,Musakhel,5.832427,182275.0,31252.0,1
household_size,district,ba_nasirabad,Nasirabad,6.436709,563315.0,87516.0,1
household_size,district,ba_nushki,Nushki,6.649624,207834.0,31255.0,1
household_size,district,ba_panjgur,Panjgur,4.353791,509781.0,117089.0,1
household_size,district,ba_pishin,Pishin,5.676407,835482.0,147185.0,1
household_size,district,ba_quetta,Quetta,8.997785,2595492.0,288459.0,1
household_size,district,ba_sherani,Sherani,5.309889,191687.0,36100.0,1
household_size,district,ba_sibi,Sibi,7.162193,224148.0,31296.0,1
household_size,district,ba_sohbatpur,Sohbatpur,7.117626,240106.0,33734.0,1
household_size,district,ba_surab,Surab,5.447088,279038.0,51227.0,1
household_size,district,ba_washuk,Washuk,6.16981,302623.0,49049.0,1
household_size,district,ba_zhob,Zhob,7.425565,355692.0,47901.0,1
household_size,district,ba_ziarat,Ziarat,8.278807,189535.0,22894.0,1
household_size,district,is_islamabad,Islamabad,5.751589,2363863.0,410993.0,1
household_size,district,kp_abbottabad,Abbottabad,5.992981,1419072.0,236789.0,1
household_size,district,kp_bajaur,Bajaur,7.088426,1287960.0,181699.0,1
household_size,district,kp_bannu,Bannu,7.414897,1357890.0,183130.0,1
household_size,district,kp_batagram,Batagram,6.428755,554133.0,86196.0,1
household_size,district,kp_buner,Buner,8.569241,1016869.0,118665.0,1
household_size,district,kp_charsadda,Charsadda,6.954405,1835504.0,263934.0,1
household_size,district,kp_dera_ismail_khan,Dera Ismail Khan,6.776551,1829811.0,270021.0,1
household_size,district,kp_hangu,Hangu,8.649539,528902.0,61148.0,1
household_size,district,kp_haripur,Haripur,6.104323,1174783.0,192451.0,1
household_size,district,kp_karak,Karak,8.498995,815878.0,95997.0,1
household_size,district,kp_khyber,Khyber,6.871898,1146267.0,166805.0,1
household_size,district,kp_kohat,Kohat,7.276451,1234661.0,169679.0,1
household_size,district,kp_kolai_palas_kohistan,Kolai Palas Kohistan,8.244181,280162.0,33983.0,1
household_size,district,kp_kurram,Kurram,8.307251,785434.0,94548.0,1
household_size,district,kp_lakki_marwat,Lakki Marwat,7.897238,1040856.0,131800.0,1
household_size,district,kp_lower_chitral,Lower Chitral,6.961132,320407.0,46028.0,1
household_size,district,kp_lower_dir,Lower Dir,8.135553,1650183.0,202836.0,1
household_size,district,kp_lower_kohistan,Lower Kohistan,7.181384,340017.0,47347.0,1
household_size,district,kp_malakand,Malakand,7.304319,826250.0,113118.0,1
household_size,district,kp_mansehra,Mansehra,6.111766,1797177.0,294052.0,1
household_size,district,kp_mardan,Mardan,6.84754,2744898.0,400859.0,1
household_size,district,kp_mohmand,Mohmand,8.658856,553933.0,63973.0,1
household_size,district,kp_north_waziristan,North Waziristan,6.961514,693332.0,99595.0,1
household_size,district,kp_nowshera,Nowshera,6.700844,1740705.0,259774.0,1
household_size,district,kp_orakzai,Orakzai,7.43822,387561.0,52104.0,1
household_size,district,kp_peshawar,Peshawar,6.887015,4758762.0,690976.0,1
household_size,district,kp_shangla,Shangla,7.099347,891252.0,125540.0,1
household_size,district,kp_south_waziristan,South Waziristan,4.974781,888675.0,178636.0,1
household_size,district,kp_swabi,Swabi,6.791265,1894600.0,278976.0,1
household_size,district,kp_swat,Swat,7.049579,2687384.0,381212.0,1
household_size,district,kp_tank,Tank,6.664867,470293.0,70563.0,1
household_size,district,kp_torghar,Torghar,6.815539,200445.0,29410.0,1
household_size,district,kp_upper_chitral,Upper Chitral,7.416196,195528.0,26365.0,1
household_size,district,kp_upper_dir,Upper Dir,7.246188,1083566.0,149536.0,1
household_size,district,kp_upper_kohistan,Upper Kohistan,6.63842,422947.0,63712.0,1
household_size,district,pb_attock,Attock,6.131606,2170423.0,353973.0,1
household_size,district,pb_bahawalnagar,Bahawalnagar,6.367002,3550342.0,557616.0,1
household_size,district,pb_bahawalpur,Bahawalpur,6.362828,4284964.0,673437.0,1
household_size,district,pb_bhakkar,Bhakkar,6.24769,1957470.0,313311.0,1
household_size,district,pb_chakwal,Chakwal,6.006322,1734854.0,288838.0,1
household_size,district,pb_chiniot,Chiniot,6.095134,1563024.0,256438.0,1
household_size,district,pb_dera_ghazi_khan,Dera Ghazi Khan,7.467489,3393705.0,454464.0,1
household_size,district,pb_faisalabad,Faisalabad,6.563492,9075819.0,1382773.0,1
household_size,district,pb_gujranwala,Gujranwala,7.018266,5959750.0,849177.0,1
household_size,district,pb_gujrat,Gujrat,6.579055,3219375.0,489337.0,1
household_size,district,pb_hafizabad,Hafizabad,6.693047,1319909.0,197206.0,1
household_size,district,pb_jhang,Jhang,6.230986,3065639.0,491999.0,1
household_size,district,pb_jhelum,Jhelum,6.034593,1382308.0,229064.0,1
household_size,district,pb_kasur,Kasur,6.329204,4084286.0,645308.0,1
household_size,district,pb_khanewal,Khanewal,6.393201,3364077.0,526196.0,1
household_size,district,pb_khushab,Khushab,6.045368,1501089.0,248304.0,1
household_size,district,pb_lahore,Lahore,6.468995,13004135.0,2010225.0,1
household_size,district,pb_layyah,Layyah,6.162987,2102386.0,341131.0,1
household_size,district,pb_lodhran,Lodhran,5.954003,1928299.0,323866.0,1
household_size,district,pb_mandi_bahauddin,Mandi Bahauddin,6.39705,1829486.0,285989.0,1
household_size,district,pb_mianwali,Mianwali,6.06828,1798268.0,296339.0,1
household_size,district,pb_multan,Multan,6.049586,5362305.0,886392.0,1
household_size,district,pb_muzaffargarh,Muzaffargarh,6.23457,5015325.0,804438.0,1
household_size,district,pb_nankana_sahib,Nankana Sahib,6.62009,1634871.0,246956.0,1
household_size,district,pb_narowal,Narowal,6.929679,1950954.0,281536.0,1
household_size,district,pb_okara,Okara,6.395009,3515490.0,549724.0,1
household_size,district,pb_pakpattan,Pakpattan,6.199956,2136170.0,344546.0,1
household_size,district,pb_rahim_yar_khan,Rahim Yar Khan,6.729254,5564703.0,826942.0,1
household_size,district,pb_rajanpur,Rajanpur,6.725823,2381049.0,354016.0,1
household_size,district,pb_rawalpindi,Rawalpindi,6.131173,6118911.0,998000.0,1
household_size,district,pb_sahiwal,Sahiwal,6.452692,2881811.0,446606.0,1
household_size,district,pb_sargodha,Sargodha,6.33394,4334448.0,684321.0,1
household_size,district,pb_sheikhupura,Sheikhupura,6.825705,4049418.0,593260.0,1
household_size,district,pb_sialkot,Sialkot,6.702309,4499394.0,671320.0,1
household_size,district,pb_toba_tek_singh,Toba Tek Singh,6.407894,2524044.0,393896.0,1
household_size,district,pb_vehari,Vehari,6.317115,3430421.0,543036.0,1
household_size,district,sd_badin,Badin,4.893491,1947081.0,397892.0,1
household_size,district,sd_dadu,Dadu,5.117382,1742320.0,340471.0,1
household_size,district,sd_ghotki,Ghotki,5.35457,1772609.0,331046.0,1
household_size,district,sd_hyderabad,Hyderabad,5.427463,2432540.0,448191.0,1
household_size,district,sd_jacobabad,Jacobabad,6.019282,1174097.0,195056.0,1
household_size,district,sd_jamshoro,Jamshoro,5.233464,1117308.0,213493.0,1
household_size,district,sd_kambar_shahdad_kot,Kambar Shahdad Kot,5.66194,1514869.0,267553.0,1
household_size,district,sd_karachi_central,Karachi Central,5.869051,3822325.0,651268.0,1
household_size,district,sd_karachi_east,Karachi East,5.947539,3921742.0,659389.0,1
household_size,district,sd_karachi_south,Karachi South,5.480598,2329764.0,425093.0,1
household_size,district,sd_karachi_west,Karachi West,5.765133,2679380.0,464756.0,1
household_size,district,sd_kashmore,Kashmore,5.907096,1233957.0,208894.0,1
household_size,district,sd_keamari,Keamari,6.481714,2068451.0,319121.0,1
household_size,district,sd_khairpur,Khairpur,5.743582,2597535.0,452250.0,1
household_size,district,sd_korangi,Korangi,6.346154,3128971.0,493050.0,1
household_size,district,sd_larkana,Larkana,5.549915,1784453.0,321528.0,1
household_size,district,sd_malir,Malir,5.771471,2432248.0,421426.0,1
household_size,district,sd_matiari,Matiari,5.360135,849383.0,158463.0,1
household_size,district,sd_mirpur_khas,Mirpur Khas,5.372081,1681386.0,312986.0,1
household_size,district,sd_naushahro_feroze,Naushahro Feroze,5.55741,1777082.0,319768.0,1
household_size,district,sd_sanghar,Sanghar,5.672782,2308465.0,406937.0,1
household_size,district,sd_shaheed_benazirabad,Shaheed Benazirabad,5.518376,1845102.0,334356.0,1
household_size,district,sd_shikarpur,Shikarpur,6.453329,1386330.0,214824.0,1
household_size,district,sd_sujawal,Sujawal,5.283417,839292.0,158854.0,1
household_size,district,sd_sukkur,Sukkur,6.105623,1639897.0,268588.0,1
household_size,district,sd_tando_allahyar,Tando Allahyar,5.195283,922012.0,177471.0,1
household_size,district,sd_tando_muhammad_khan,Tando Muhammad Khan,5.049576,726119.0,143798.0,1
household_size,district,sd_tharparkar,Tharparkar,5.428858,1778407.0,327584.0,1
household_size,district,sd_thatta,Thatta,5.253058,1083191.0,206202.0,1
household_size,district,sd_umer_kot,Umer Kot,5.211271,1159831.0,222562.0,1
literacy_rate,national,PK,Pakistan,60.651881,104148094.0,171714532.0,136
literacy_rate,province,BA,Balochistan,42.01383,3904799.0,9294080.0,34
literacy_rate,province,IS,Islamabad Capital Territory,83.968614,1508916.0,1797000.0,1
literacy_rate,province,KP,Khyber Pakhtunkhwa,51.089613,14420285.0,28225473.0,35
literacy_rate,province,PB,Punjab,66.245838,61882702.0,93413721.0,36
literacy_rate,province,SD,Sindh,57.539615,22431392.0,38984258.0,30
literacy_rate,map_unit,sd_karachi,Karachi (7 districts),75.113574,11552198.0,15379641.0,7
literacy_rate,district,ba_awaran,Awaran,36.335679,42298.0,116409.0,1
literacy_rate,district,ba_barkhan,Barkhan,33.624531,42185.0,125459.0,1
literacy_rate,district,ba_chagai,Chagai,33.14592,55416.0,167188.0,1
literacy_rate,district,ba_chaman,Chaman,39.967414,113577.0,284174.0,1
literacy_rate,district,ba_dera_bugti,Dera Bugti,24.068988,48816.0,202817.0,1
literacy_rate,district,ba_duki,Duki,44.18456,60847.0,137711.0,1
literacy_rate,district,ba_gwadar,Gwadar,50.295277,107650.0,214036.0,1
literacy_rate,district,ba_harnai,Harnai,39.828033,28904.0,72572.0,1
literacy_rate,district,ba_jaffarabad,Jaffarabad,35.525244,131318.0,369647.0,1
literacy_rate,district,ba_jhal_magsi,Jhal Magsi,30.138328,39087.0,129692.0,1
literacy_rate,district,ba_kachhi,Kachhi,30.19967,83731.0,277258.0,1
literacy_rate,district,ba_kalat,Kalat,39.701727,67857.0,170917.0,1
literacy_rate,district,ba_kech,Kech,49.646837,363534.0,732240.0,1
literacy_rate,district,ba_kharan,Kharan,41.072038,62625.0,152476.0,1
literacy_rate,district,ba_khuzdar,Khuzdar,38.587973,239864.0,621603.0,1
literacy_rate,district,ba_killa_abdullah,Killa Abdullah,36.402456,83117.0,228328.0,1
literacy_rate,district,ba_killa_saifullah,Killa Saifullah,32.958633,74678.0,226581.0,1
literacy_rate,district,ba_kohlu,Kohlu,28.531509,46661.0,163542.0,1
literacy_rate,district,ba_lasbela,Lasbela,36.468848,172052.0,471778.0,1
literacy_rate,district,ba_loralai,Loralai,43.16462,72498.0,167957.0,1
literacy_rate,district,ba_mastung,Mastung,45.9739,93253.0,202839.0,1
literacy_rate,district,ba_musakhel,Musakhel,36.599941,39383.0,107604.0,1
literacy_rate,district,ba_nasirabad,Nasirabad,28.962271,100345.0,346468.0,1
literacy_rate,district,ba_nushki,Nushki,57.115768,76506.0,133949.0,1
literacy_rate,district,ba_panjgur,Panjgur,42.065161,149007.0,354229.0,1
literacy_rate,district,ba_pishin,Pishin,51.067444,264249.0,517451.0,1
literacy_rate,district,ba_quetta,Quetta,56.288298,872669.0,1550356.0,1
literacy_rate,district,ba_sherani,Sherani,23.863666,27747.0,116273.0,1
literacy_rate,district,ba_sibi,Sibi,47.413429,68529.0,144535.0,1
literacy_rate,district,ba_sohbatpur,Sohbatpur,41.023225,56153.0,136881.0,1
literacy_rate,district,ba_surab,Surab,37.439409,61559.0,164423.0,1
literacy_rate,district,ba_washuk,Washuk,21.578944,38756.0,179601.0,1
literacy_rate,district,ba_zhob,Zhob,36.624995,71952.0,196456.0,1
literacy_rate,district,ba_ziarat,Ziarat,43.366176,47976.0,110630.0,1
literacy_rate,district,is_islamabad,Islamabad,83.968614,1508916.0,1797000.0,1
literacy_rate,district,kp_abbottabad,Abbottabad,77.344112,822410.0,1063313.0,1
literacy_rate,district,kp_bajaur,Bajaur,26.261261,214570.0,817059.0,1
literacy_rate,district,kp_bannu,Bannu,41.745192,379617.0,909367.0,1
literacy_rate,district,kp_batagram,Batagram,39.090475,147203.0,376570.0,1
literacy_rate,district,kp_buner,Buner,43.750266,308960.0,706190.0,1
literacy_rate,district,kp_charsadda,Charsadda,53.937491,697011.0,1292257.0,1
literacy_rate,district,kp_dera_ismail_khan,Dera Ismail Khan,46.577049,588508.0,1263515.0,1
literacy_rate,district,kp_hangu,Hangu,43.150309,161002.0,373119.0,1
literacy_rate,district,kp_haripur,Haripur,74.88028,667053.0,890826.0,1
literacy_rate,district,kp_karak,Karak,65.362239,374674.0,573227.0,1
literacy_rate,district,kp_khyber,Khyber,38.454642,288669.0,750674.0,1
literacy_rate,district,kp_kohat,Kohat,58.546692,527155.0,900401.0,1
literacy_rate,district,kp_kolai_palas_kohistan,Kolai Palas Kohistan,18.800901,25209.0,134084.0,1
literacy_rate,district,kp_kurram,Kurram,35.216951,179598.0,509976.0,1
literacy_rate,district,kp_lakki_marwat,Lakki Marwat,48.472986,335435.0,692004.0,1
literacy_rate,district,kp_lower_chitral,Lower Chitral,66.097048,152589.0,230856.0,1
literacy_rate,district,kp_lower_dir,Lower Dir,57.360471,634720.0,1106546.0,1
literacy_rate,district,kp_lower_kohistan,Lower Kohistan,22.045924,36945.0,167582.0,1
literacy_rate,district,kp_malakand,Malakand,61.664598,358119.0,580753.0,1
literacy_rate,district,kp_mansehra,Mansehra,63.79392,836108.0,1310639.0,1
literacy_rate,district,kp_mardan,Mardan,55.786376,1090251.0,1954332.0,1
literacy_rate,district,kp_mohmand,Mohmand,31.28472,113307.0,362180.0,1
literacy_rate,district,kp_north_waziristan,North Waziristan,32.822561,144051.0,438878.0,1
literacy_rate,district,kp_nowshera,Nowshera,56.784096,713608.0,1256704.0,1
literacy_rate,district,kp_orakzai,Orakzai,33.570535,83690.0,249296.0,1
literacy_rate,district,kp_peshawar,Peshawar,53.284103,1808869.0,3394763.0,1
literacy_rate,district,kp_shangla,Shangla,33.738657,196832.0,583402.0,1
literacy_rate,district,kp_south_waziristan,South Waziristan,31.96451,189570.0,593064.0,1
literacy_rate,district,kp_swabi,Swabi,58.477692,801359.0,1370367.0,1
literacy_rate,district,kp_swat,Swat,48.129649,903484.0,1877188.0,1
literacy_rate,district,kp_tank,Tank,40.669264,125071.0,307532.0,1
literacy_rate,district,kp_torghar,Torghar,29.744832,39552.0,132971.0,1
literacy_rate,district,kp_upper_chitral,Upper Chitral,73.829985,111343.0,150810.0,1
literacy_rate,district,kp_upper_dir,Upper Dir,46.770366,322810.0,690202.0,1
literacy_rate,district,kp_upper_kohistan,Upper Kohistan,19.054025,40933.0,214826.0,1
literacy_rate,district,pb_attock,Attock,70.224134,1165399.0,1659542.0,1
literacy_rate,district,pb_bahawalnagar,Bahawalnagar,57.013669,1466956.0,2572990.0,1
literacy_rate,district,pb_bahawalpur,Bahawalpur,53.354768,1618280.0,3033056.0,1
literacy_rate,district,pb_bhakkar,Bhakkar,55.675703,758886.0,1363047.0,1
literacy_rate,district,pb_chakwal,Chakwal,77.787095,1037126.0,1333288.0,1
literacy_rate,district,pb_chiniot,Chiniot,55.046363,630806.0,1145954.0,1
literacy_rate,district,pb_dera_ghazi_khan,Dera Ghazi Khan,46.78309,1045814.0,2235453.0,1
literacy_rate,district,pb_faisalabad,Faisalabad,73.41397,5040010.0,6865192.0,1
literacy_rate,district,pb_gujranwala,Gujranwala,76.77472,3336551.0,4345898.0,1
literacy_rate,district,pb_gujrat,Gujrat,81.374076,2032866.0,2498174.0,1
literacy_rate,district,pb_hafizabad,Hafizabad,65.766814,650199.0,988643.0,1
literacy_rate,district,pb_jhang,Jhang,59.449892,1324823.0,2228470.0,1
literacy_rate,district,pb_jhelum,Jhelum,80.651118,872137.0,1081370.0,1
literacy_rate,district,pb_kasur,Kasur,62.848653,1844344.0,2934580.0,1
literacy_rate,district,pb_khanewal,Khanewal,60.967377,1497449.0,2456148.0,1
literacy_rate,district,pb_khushab,Khushab,62.524008,706088.0,1129307.0,1
literacy_rate,district,pb_lahore,Lahore,79.61901,7760203.0,9746671.0,1
literacy_rate,district,pb_layyah,Layyah,61.834461,926057.0,1497639.0,1
literacy_rate,district,pb_lodhran,Lodhran,51.681144,716142.0,1385693.0,1
literacy_rate,district,pb_mandi_bahauddin,Mandi Bahauddin,70.268991,963813.0,1371605.0,1
literacy_rate,district,pb_mianwali,Mianwali,62.868762,843309.0,1341380.0,1
literacy_rate,district,pb_multan,Multan,61.410495,2421172.0,3942603.0,1
literacy_rate,district,pb_muzaffargarh,Muzaffargarh,47.988055,1628943.0,3394476.0,1
literacy_rate,district,pb_nankana_sahib,Nankana Sahib,63.120393,761403.0,1206271.0,1
literacy_rate,district,pb_narowal,Narowal,75.283831,1096110.0,1455970.0,1
literacy_rate,district,pb_okara,Okara,60.252834,1533378.0,2544906.0,1
literacy_rate,district,pb_pakpattan,Pakpattan,57.12538,869422.0,1521954.0,1
literacy_rate,district,pb_rahim_yar_khan,Rahim Yar Khan,47.937694,1858774.0,3877479.0,1
literacy_rate,district,pb_rajanpur,Rajanpur,36.090532,543915.0,1507085.0,1
literacy_rate,district,pb_rawalpindi,Rawalpindi,83.224528,3909007.0,4696941.0,1
literacy_rate,district,pb_sahiwal,Sahiwal,64.770727,1364032.0,2105939.0,1
literacy_rate,district,pb_sargodha,Sargodha,66.728183,2160405.0,3237620.0,1
literacy_rate,district,pb_sheikhupura,Sheikhupura,68.883014,2040443.0,2962186.0,1
literacy_rate,district,pb_sialkot,Sialkot,78.370021,2630257.0,3356203.0,1
literacy_rate,district,pb_toba_tek_singh,Toba Tek Singh,71.38424,1358123.0,1902553.0,1
literacy_rate,district,pb_vehari,Vehari,59.099434,1470060.0,2487435.0,1
literacy_rate,district,sd_badin,Badin,36.647074,483693.0,1319868.0,1
literacy_rate,district,sd_dadu,Dadu,47.12726,565078.0,1199047.0,1
literacy_rate,district,sd_ghotki,Ghotki,41.375244,495061.0,1196515.0,1
literacy_rate,district,sd_hyderabad,Hyderabad,67.208031,1192087.0,1773727.0,1
literacy_rate,district,sd_jacobabad,Jacobabad,42.343665,307946.0,727254.0,1
literacy_rate,district,sd_jamshoro,Jamshoro,49.625473,389886.0,785657.0,1
literacy_rate,district,sd_kambar_shahdad_kot,Kambar Shahdad Kot,40.020806,395091.0,987214.0,1
literacy_rate,district,sd_karachi_central,Karachi Central,83.553348,2441433.0,2922005.0,1
literacy_rate,district,sd_karachi_east,Karachi East,80.068165,2386145.0,2980142.0,1
literacy_rate,district,sd_karachi_south,Karachi South,78.565672,1447743.0,1842717.0,1
literacy_rate,district,sd_karachi_west,Karachi West,67.427602,1352477.0,2005821.0,1
literacy_rate,district,sd_kashmore,Kashmore,35.585911,266194.0,748032.0,1
literacy_rate,district,sd_keamari,Keamari,62.0706,944213.0,1521192.0,1
literacy_rate,district,sd_khairpur,Khairpur,50.143947,855550.0,1706188.0,1
literacy_rate,district,sd_korangi,Korangi,79.857711,1846470.0,2312200.0,1
literacy_rate,district,sd_larkana,Larkana,55.584335,675353.0,1215006.0,1
literacy_rate,district,sd_malir,Malir,63.139883,1133717.0,1795564.0,1
literacy_rate,district,sd_matiari,Matiari,45.878811,267295.0,582611.0,1
literacy_rate,district,sd_mirpur_khas,Mirpur Khas,45.371152,518786.0,1143427.0,1
literacy_rate,district,sd_naushahro_feroze,Naushahro Feroze,57.151179,683795.0,1196467.0,1
literacy_rate,district,sd_sanghar,Sanghar,43.658834,687063.0,1573709.0,1
literacy_rate,district,sd_shaheed_benazirabad,Shaheed Benazirabad,50.858662,629794.0,1238322.0,1
literacy_rate,district,sd_shikarpur,Shikarpur,43.70314,381153.0,872141.0,1
literacy_rate,district,sd_sujawal,Sujawal,27.017118,149071.0,551765.0,1
literacy_rate,district,sd_sukkur,Sukkur,58.255196,632719.0,1086116.0,1
literacy_rate,district,sd_tando_allahyar,Tando Allahyar,39.8018,247486.0,621796.0,1
literacy_rate,district,sd_tando_muhammad_khan,Tando Muhammad Khan,34.024922,171013.0,502611.0,1
literacy_rate,district,sd_tharparkar,Tharparkar,36.394132,396323.0,1088975.0,1
literacy_rate,district,sd_thatta,Thatta,26.878081,197949.0,736470.0,1
literacy_rate,district,sd_umer_kot,Umer Kot,38.686762,290808.0,751699.0,1
literacy_rate_female,national,PK,Pakistan,52.839176,43952346.0,83181361.0,136
literacy_rate_female,province,BA,Balochistan,32.802853,1461394.0,4455082.0,34
literacy_rate_female,province,IS,Islamabad Capital Territory,79.125932,664244.0,839477.0,1
literacy_rate_female,province,KP,Khyber Pakhtunkhwa,37.145015,5153655.0,13874419.0,35
literacy_rate_female,province,PB,Punjab,60.19067,27335806.0,45415354.0,36
literacy_rate_female,province,SD,Sindh,50.208273,9337247.0,18597029.0,30
literacy_rate_female,map_unit,sd_karachi,Karachi (7 districts),72.768648,5221860.0,7175975.0,7
literacy_rate_female,district,ba_awaran,Awaran,27.946919,15816.0,56593.0,1
literacy_rate_female,district,ba_barkhan,Barkhan,24.92512,14979.0,60096.0,1
literacy_rate_female,district,ba_chagai,Chagai,23.572135,18824.0,79857.0,1
literacy_rate_female,district,ba_chaman,Chaman,30.602976,39420.0,128811.0,1
literacy_rate_female,district,ba_dera_bugti,Dera Bugti,11.880656,11054.0,93042.0,1
literacy_rate_female,district,ba_duki,Duki,33.431839,21834.0,65309.0,1
literacy_rate_female,district,ba_gwadar,Gwadar,42.188485,42850.0,101568.0,1
literacy_rate_female,district,ba_harnai,Harnai,29.707527,10198.0,34328.0,1
literacy_rate_female,district,ba_jaffarabad,Jaffarabad,26.370581,48053.0,182222.0,1
literacy_rate_female,district,ba_jhal_magsi,Jhal Magsi,22.091251,14056.0,63627.0,1
literacy_rate_female,district,ba_kachhi,Kachhi,23.286268,30692.0,131803.0,1
literacy_rate_female,district,ba_kalat,Kalat,29.409792,24561.0,83513.0,1
literacy_rate_female,district,ba_kech,Kech,43.458403,150722.0,346819.0,1
literacy_rate_female,district,ba_kharan,Kharan,29.359499,21379.0,72818.0,1
literacy_rate_female,district,ba_khuzdar,Khuzdar,31.422419,91498.0,291187.0,1
literacy_rate_female,district,ba_killa_abdullah,Killa Abdullah,24.697196,27160.0,109972.0,1
literacy_rate_female,district,ba_killa_saifullah,Killa Saifullah,21.240917,23269.0,109548.0,1
literacy_rate_female,district,ba_kohlu,Kohlu,23.930339,18468.0,77174.0,1
literacy_rate_female,district,ba_lasbela,Lasbela,26.481907,60553.0,228658.0,1
literacy_rate_female,district,ba_loralai,Loralai,30.812776,24494.0,79493.0,1
literacy_rate_female,district,ba_mastung,Mastung,33.273967,31761.0,95453.0,1
literacy_rate_female,district,ba_musakhel,Musakhel,24.720803,12728.0,51487.0,1
literacy_rate_female,district,ba_nasirabad,Nasirabad,21.177247,35920.0,169616.0,1
literacy_rate_female,district,ba_nushki,Nushki,44.159434,28595.0,64754.0,1
literacy_rate_female,district,ba_panjgur,Panjgur,37.79748,62370.0,165011.0,1
literacy_rate_female,district,ba_pishin,Pishin,36.053497,92545.0,256688.0,1
literacy_rate_female,district,ba_quetta,Quetta,46.958493,352763.0,751223.0,1
literacy_rate_female,district,ba_sherani,Sherani,15.022588,8114.0,54012.0,1
literacy_rate_female,district,ba_sibi,Sibi,38.632578,27139.0,70249.0,1
literacy_rate_female,district,ba_sohbatpur,Sohbatpur,28.423378,19171.0,67448.0,1
literacy_rate_female,district,ba_surab,Surab,29.580143,24109.0,81504.0,1
literacy_rate_female,district,ba_washuk,Washuk,15.759726,13328.0,84570.0,1
literacy_rate_female,district,ba_zhob,Zhob,26.808872,24621.0,91839.0,1
literacy_rate_female,district,ba_ziarat,Ziarat,33.491513,18350.0,54790.0,1
literacy_rate_female,district,is_islamabad,Islamabad,79.125932,664244.0,839477.0,1
literacy_rate_female,district,kp_abbottabad,Abbottabad,68.422793,362194.0,529347.0,1
literacy_rate_female,district,kp_bajaur,Bajaur,12.292865,49592.0,403421.0,1
literacy_rate_female,district,kp_bannu,Bannu,23.840532,104710.0,439210.0,1
literacy_rate_female,district,kp_batagram,Batagram,23.338654,43721.0,187333.0,1
literacy_rate_female,district,kp_buner,Buner,27.400336,98225.0,358481.0,1
literacy_rate_female,district,kp_charsadda,Charsadda,40.358492,251140.0,622273.0,1
literacy_rate_female,district,kp_dera_ismail_khan,Dera Ismail Khan,33.7072,201504.0,597807.0,1
literacy_rate_female,district,kp_hangu,Hangu,22.022472,42728.0,194020.0,1
literacy_rate_female,district,kp_haripur,Haripur,65.606224,291867.0,444877.0,1
literacy_rate_female,district,kp_karak,Karak,45.602358,127304.0,279161.0,1
literacy_rate_female,district,kp_khyber,Khyber,17.16336,61802.0,360081.0,1
literacy_rate_female,district,kp_kohat,Kohat,40.284719,179182.0,444789.0,1
literacy_rate_female,district,kp_kolai_palas_kohistan,Kolai Palas Kohistan,13.137309,8632.0,65706.0,1
literacy_rate_female,district,kp_kurram,Kurram,20.646567,51916.0,251451.0,1
literacy_rate_female,district,kp_lakki_marwat,Lakki Marwat,28.949998,98496.0,340228.0,1
literacy_rate_female,district,kp_lower_chitral,Lower Chitral,54.771026,61475.0,112240.0,1
literacy_rate_female,district,kp_lower_dir,Lower Dir,43.161669,247022.0,572318.0,1
literacy_rate_female,district,kp_lower_kohistan,Lower Kohistan,10.322997,8479.0,82137.0,1
literacy_rate_female,district,kp_malakand,Malakand,51.047696,145611.0,285245.0,1
literacy_rate_female,district,kp_mansehra,Mansehra,52.022733,337408.0,648578.0,1
literacy_rate_female,district,kp_mardan,Mardan,42.662789,407192.0,954443.0,1
literacy_rate_female,district,kp_mohmand,Mohmand,15.097592,26802.0,177525.0,1
literacy_rate_female,district,kp_north_waziristan,North Waziristan,18.029987,38637.0,214293.0,1
literacy_rate_female,district,kp_nowshera,Nowshera,44.485007,273077.0,613863.0,1
literacy_rate_female,district,kp_orakzai,Orakzai,14.974479,17896.0,119510.0,1
literacy_rate_female,district,kp_peshawar,Peshawar,41.086487,680497.0,1656255.0,1
literacy_rate_female,district,kp_shangla,Shangla,17.824973,50601.0,283877.0,1
literacy_rate_female,district,kp_south_waziristan,South Waziristan,20.376058,57922.0,284265.0,1
literacy_rate_female,district,kp_swabi,Swabi,44.500878,303682.0,682418.0,1
literacy_rate_female,district,kp_swat,Swat,33.952558,313175.0,922390.0,1
literacy_rate_female,district,kp_tank,Tank,23.184861,34318.0,148019.0,1
literacy_rate_female,district,kp_torghar,Torghar,12.459411,8173.0,65597.0,1
literacy_rate_female,district,kp_upper_chitral,Upper Chitral,62.106961,45430.0,73148.0,1
literacy_rate_female,district,kp_upper_dir,Upper Dir,31.672451,112441.0,355012.0,1
literacy_rate_female,district,kp_upper_kohistan,Upper Kohistan,10.279636,10804.0,105101.0,1
literacy_rate_female,district,pb_attock,Attock,60.659238,500631.0,825317.0,1
literacy_rate_female,district,pb_bahawalnagar,Bahawalnagar,49.949344,617265.0,1235782.0,1
literacy_rate_female,district,pb_bahawalpur,Bahawalpur,47.08977,700943.0,1488525.0,1
literacy_rate_female,district,pb_bhakkar,Bhakkar,43.870785,290207.0,661504.0,1
literacy_rate_female,district,pb_chakwal,Chakwal,69.522624,465260.0,669221.0,1
literacy_rate_female,district,pb_chiniot,Chiniot,45.186994,255302.0,564990.0,1
literacy_rate_female,district,pb_dera_ghazi_khan,Dera Ghazi Khan,37.204588,411623.0,1106377.0,1
literacy_rate_female,district,pb_faisalabad,Faisalabad,69.114912,2261339.0,3271854.0,1
literacy_rate_female,district,pb_gujranwala,Gujranwala,75.360381,1605363.0,2130248.0,1
literacy_rate_female,district,pb_gujrat,Gujrat,77.947783,973963.0,1249507.0,1
literacy_rate_female,district,pb_hafizabad,Hafizabad,60.645229,294039.0,484851.0,1
literacy_rate_female,district,pb_jhang,Jhang,49.14412,529005.0,1076436.0,1
literacy_rate_female,district,pb_jhelum,Jhelum,74.525569,395224.0,530320.0,1
literacy_rate_female,district,pb_kasur,Kasur,57.438519,818963.0,1425808.0,1
literacy_rate_female,district,pb_khanewal,Khanewal,52.17856,621982.0,1192026.0,1
literacy_rate_female,district,pb_khushab,Khushab,49.031526,272402.0,555565.0,1
literacy_rate_female,district,pb_lahore,Lahore,77.590789,3525779.0,4544069.0,1
literacy_rate_female,district,pb_layyah,Layyah,52.206214,379393.0,726720.0,1
literacy_rate_female,district,pb_lodhran,Lodhran,42.116031,282014.0,669612.0,1
literacy_rate_female,district,pb_mandi_bahauddin,Mandi Bahauddin,65.703571,453262.0,689859.0,1
literacy_rate_female,district,pb_mianwali,Mianwali,47.63108,313855.0,658929.0,1
literacy_rate_female,district,pb_multan,Multan,55.268645,1064216.0,1925533.0,1
literacy_rate_female,district,pb_muzaffargarh,Muzaffargarh,39.723343,661460.0,1665167.0,1
literacy_rate_female,district,pb_nankana_sahib,Nankana Sahib,57.630359,339988.0,589946.0,1
literacy_rate_female,district,pb_narowal,Narowal,70.492799,502706.0,713131.0,1
literacy_rate_female,district,pb_okara,Okara,53.705627,667714.0,1243285.0,1
literacy_rate_female,district,pb_pakpattan,Pakpattan,49.265178,367701.0,746371.0,1
literacy_rate_female,district,pb_rahim_yar_khan,Rahim Yar Khan,40.149446,747667.0,1862210.0,1
literacy_rate_female,district,pb_rajanpur,Rajanpur,28.183515,208040.0,738162.0,1
literacy_rate_female,district,pb_rawalpindi,Rawalpindi,78.35529,1799459.0,2296538.0,1
literacy_rate_female,district,pb_sahiwal,Sahiwal,58.286375,603862.0,1036026.0,1
literacy_rate_female,district,pb_sargodha,Sargodha,59.622954,950372.0,1593970.0,1
literacy_rate_female,district,pb_sheikhupura,Sheikhupura,65.460579,936282.0,1430299.0,1
literacy_rate_female,district,pb_sialkot,Sialkot,76.503693,1273863.0,1665100.0,1
literacy_rate_female,district,pb_toba_tek_singh,Toba Tek Singh,66.131627,612486.0,926162.0,1
literacy_rate_female,district,pb_vehari,Vehari,51.566887,632176.0,1225934.0,1
literacy_rate_female,district,sd_badin,Badin,26.002578,164601.0,633018.0,1
literacy_rate_female,district,sd_dadu,Dadu,38.698834,227827.0,588718.0,1
literacy_rate_female,district,sd_ghotki,Ghotki,26.270736,150871.0,574293.0,1
literacy_rate_female,district,sd_hyderabad,Hyderabad,63.07728,524246.0,831117.0,1
literacy_rate_female,district,sd_jacobabad,Jacobabad,32.64691,116984.0,358331.0,1
literacy_rate_female,district,sd_jamshoro,Jamshoro,41.625102,156895.0,376924.0,1
literacy_rate_female,district,sd_kambar_shahdad_kot,Kambar Shahdad Kot,30.348915,143727.0,473582.0,1
literacy_rate_female,district,sd_karachi_central,Karachi Central,83.27021,1143494.0,1373233.0,1
literacy_rate_female,district,sd_karachi_east,Karachi East,78.649844,1092466.0,1389025.0,1
literacy_rate_female,district,sd_karachi_south,Karachi South,76.046672,649923.0,854637.0,1
literacy_rate_female,district,sd_karachi_west,Karachi West,64.790264,608389.0,939013.0,1
literacy_rate_female,district,sd_kashmore,Kashmore,25.715572,94281.0,366630.0,1
literacy_rate_female,district,sd_keamari,Keamari,56.513508,397607.0,703561.0,1
literacy_rate_female,district,sd_khairpur,Khairpur,38.100054,320202.0,840424.0,1
literacy_rate_female,district,sd_korangi,Korangi,78.286754,847916.0,1083090.0,1
literacy_rate_female,district,sd_larkana,Larkana,44.960612,261401.0,581400.0,1
literacy_rate_female,district,sd_malir,Malir,57.842062,482065.0,833416.0,1
literacy_rate_female,district,sd_matiari,Matiari,35.115246,100825.0,287126.0,1
literacy_rate_female,district,sd_mirpur_khas,Mirpur Khas,34.754427,189380.0,544909.0,1
literacy_rate_female,district,sd_naushahro_feroze,Naushahro Feroze,46.362198,272568.0,587910.0,1
literacy_rate_female,district,sd_sanghar,Sanghar,33.853539,261372.0,772067.0,1
literacy_rate_female,district,sd_shaheed_benazirabad,Shaheed Benazirabad,40.28664,245031.0,608219.0,1
literacy_rate_female,district,sd_shikarpur,Shikarpur,34.647317,149648.0,431918.0,1
literacy_rate_female,district,sd_sujawal,Sujawal,19.663497,51633.0,262583.0,1
literacy_rate_female,district,sd_sukkur,Sukkur,47.199285,241447.0,511548.0,1
literacy_rate_female,district,sd_tando_allahyar,Tando Allahyar,31.481221,96064.0,305147.0,1
literacy_rate_female,district,sd_tando_muhammad_khan,Tando Muhammad Khan,25.02248,60386.0,241327.0,1
literacy_rate_female,district,sd_tharparkar,Tharparkar,23.489991,123804.0,527050.0,1
literacy_rate_female,district,sd_thatta,Thatta,20.123947,71795.0,356764.0,1
literacy_rate_female,district,sd_umer_kot,Umer Kot,25.107416,90399.0,360049.0,1
literacy_rate_male,national,PK,Pakistan,67.998706,60187586.0,88512840.0,136
literacy_rate_male,province,BA,Balochistan,50.498064,2443214.0,4838233.0,34
literacy_rate_male,province,IS,Islamabad Capital Territory,88.225892,844545.0,957253.0,1
literacy_rate_male,province,KP,Khyber Pakhtunkhwa,64.572625,9266131.0,14349937.0,35
literacy_rate_male,province,PB,Punjab,71.984071,34541132.0,47984410.0,36
literacy_rate_male,province,SD,Sindh,64.232741,13092564.0,20383007.0,30
literacy_rate_male,map_unit,sd_karachi,Karachi (7 districts),77.17663,6329250.0,8200993.0,7
literacy_rate_male,district,ba_awaran,Awaran,44.27666,26477.0,59799.0,1
literacy_rate_male,district,ba_barkhan,Barkhan,41.626501,27205.0,65355.0,1
literacy_rate_male,district,ba_chagai,Chagai,41.900465,36590.0,87326.0,1
literacy_rate_male,district,ba_chaman,Chaman,47.733505,74154.0,155350.0,1
literacy_rate_male,district,ba_dera_bugti,Dera Bugti,34.400707,37762.0,109771.0,1
literacy_rate_male,district,ba_duki,Duki,53.905797,39003.0,72354.0,1
literacy_rate_male,district,ba_gwadar,Gwadar,57.621601,64788.0,112437.0,1
literacy_rate_male,district,ba_harnai,Harnai,48.914749,18705.0,38240.0,1
literacy_rate_male,district,ba_jaffarabad,Jaffarabad,44.426777,83262.0,187414.0,1
literacy_rate_male,district,ba_jhal_magsi,Jhal Magsi,37.891358,25028.0,66052.0,1
literacy_rate_male,district,ba_kachhi,Kachhi,36.470661,53036.0,145421.0,1
literacy_rate_male,district,ba_kalat,Kalat,49.539458,43296.0,87397.0,1
literacy_rate_male,district,ba_kech,Kech,55.226604,212787.0,385298.0,1
literacy_rate_male,district,ba_kharan,Kharan,51.780984,41242.0,79647.0,1
literacy_rate_male,district,ba_khuzdar,Khuzdar,44.905291,148359.0,330382.0,1
literacy_rate_male,district,ba_killa_abdullah,Killa Abdullah,47.282407,55954.0,118340.0,1
literacy_rate_male,district,ba_killa_saifullah,Killa Saifullah,43.927302,51409.0,117032.0,1
literacy_rate_male,district,ba_kohlu,Kohlu,32.645451,28190.0,86352.0,1
literacy_rate_male,district,ba_lasbela,Lasbela,45.863963,111493.0,243095.0,1
literacy_rate_male,district,ba_loralai,Loralai,54.27205,48002.0,88447.0,1
literacy_rate_male,district,ba_mastung,Mastung,57.264185,61492.0,107383.0,1
literacy_rate_male,district,ba_musakhel,Musakhel,47.501515,26655.0,56114.0,1
literacy_rate_male,district,ba_nasirabad,Nasirabad,36.430211,64421.0,176834.0,1
literacy_rate_male,district,ba_nushki,Nushki,69.242665,47909.0,69190.0,1
literacy_rate_male,district,ba_panjgur,Panjgur,45.80141,86621.0,189123.0,1
literacy_rate_male,district,ba_pishin,Pishin,65.849122,171695.0,260740.0,1
literacy_rate_male,district,ba_quetta,Quetta,65.061913,519859.0,799022.0,1
literacy_rate_male,district,ba_sherani,Sherani,31.534816,19632.0,62255.0,1
literacy_rate_male,district,ba_sibi,Sibi,55.719498,41389.0,74281.0,1
literacy_rate_male,district,ba_sohbatpur,Sohbatpur,53.264392,36982.0,69431.0,1
literacy_rate_male,district,ba_surab,Surab,45.162302,37440.0,82901.0,1
literacy_rate_male,district,ba_washuk,Washuk,26.761468,25425.0,95006.0,1
literacy_rate_male,district,ba_zhob,Zhob,45.241464,47328.0,104612.0,1
literacy_rate_male,district,ba_ziarat,Ziarat,53.059178,29624.0,55832.0,1
literacy_rate_male,district,is_islamabad,Islamabad,88.225892,844545.0,957253.0,1
literacy_rate_male,district,kp_abbottabad,Abbottabad,86.196807,460172.0,533862.0,1
literacy_rate_male,district,kp_bajaur,Bajaur,39.885596,164976.0,413623.0,1
literacy_rate_male,district,kp_bannu,Bannu,58.471555,274897.0,470138.0,1
literacy_rate_male,district,kp_batagram,Batagram,54.685642,103480.0,189227.0,1
literacy_rate_male,district,kp_buner,Buner,60.608144,210723.0,347681.0,1
literacy_rate_male,district,kp_charsadda,Charsadda,66.550044,445862.0,669965.0,1
literacy_rate_male,district,kp_dera_ismail_khan,Dera Ismail Khan,58.138371,386944.0,665557.0,1
literacy_rate_male,district,kp_hangu,Hangu,66.040728,118273.0,179091.0,1
literacy_rate_male,district,kp_haripur,Haripur,84.13358,375155.0,445904.0,1
literacy_rate_male,district,kp_karak,Karak,84.121678,247364.0,294055.0,1
literacy_rate_male,district,kp_khyber,Khyber,58.083173,226863.0,390583.0,1
literacy_rate_male,district,kp_kohat,Kohat,76.376643,347959.0,455583.0,1
literacy_rate_male,district,kp_kolai_palas_kohistan,Kolai Palas Kohistan,24.243887,16577.0,68376.0,1
literacy_rate_male,district,kp_kurram,Kurram,49.389579,127677.0,258510.0,1
literacy_rate_male,district,kp_lakki_marwat,Lakki Marwat,67.356715,236936.0,351763.0,1
literacy_rate_male,district,kp_lower_chitral,Lower Chitral,76.814258,91114.0,118616.0,1
literacy_rate_male,district,kp_lower_dir,Lower Dir,72.573058,387686.0,534201.0,1
literacy_rate_male,district,kp_lower_kohistan,Lower Kohistan,33.318117,28465.0,85434.0,1
literacy_rate_male,district,kp_malakand,Malakand,71.912987,212500.0,295496.0,1
literacy_rate_male,district,kp_mansehra,Mansehra,75.328799,498642.0,661954.0,1
literacy_rate_male,district,kp_mardan,Mardan,68.313703,683025.0,999836.0,1
literacy_rate_male,district,kp_mohmand,Mohmand,46.846178,86501.0,184649.0,1
literacy_rate_male,district,kp_north_waziristan,North Waziristan,46.939484,105412.0,224570.0,1
literacy_rate_male,district,kp_nowshera,Nowshera,68.530362,440507.0,642791.0,1
literacy_rate_male,district,kp_orakzai,Orakzai,50.695413,65792.0,129779.0,1
literacy_rate_male,district,kp_peshawar,Peshawar,64.906827,1128289.0,1738321.0,1
literacy_rate_male,district,kp_shangla,Shangla,48.821611,146230.0,299519.0,1
literacy_rate_male,district,kp_south_waziristan,South Waziristan,42.633224,131645.0,308785.0,1
literacy_rate_male,district,kp_swabi,Swabi,72.342764,497656.0,687914.0,1
literacy_rate_male,district,kp_swat,Swat,61.827506,590274.0,954711.0,1
literacy_rate_male,district,kp_tank,Tank,56.894152,90753.0,159512.0,1
literacy_rate_male,district,kp_torghar,Torghar,46.577111,31379.0,67370.0,1
literacy_rate_male,district,kp_upper_chitral,Upper Chitral,84.871623,65913.0,77662.0,1
literacy_rate_male,district,kp_upper_dir,Upper Dir,62.761279,210362.0,335178.0,1
literacy_rate_male,district,kp_upper_kohistan,Upper Kohistan,27.458736,30128.0,109721.0,1
literacy_rate_male,district,pb_attock,Attock,79.688999,664721.0,834144.0,1
literacy_rate_male,district,pb_bahawalnagar,Bahawalnagar,63.547116,849522.0,1336838.0,1
literacy_rate_male,district,pb_bahawalpur,Bahawalpur,59.397744,917138.0,1544062.0,1
literacy_rate_male,district,pb_bhakkar,Bhakkar,66.811079,468657.0,701466.0,1
literacy_rate_male,district,pb_chakwal,Chakwal,86.120173,571819.0,663978.0,1
literacy_rate_male,district,pb_chiniot,Chiniot,64.644101,375451.0,580797.0,1
literacy_rate_male,district,pb_dera_ghazi_khan,Dera Ghazi Khan,56.170529,634140.0,1128955.0,1
literacy_rate_male,district,pb_faisalabad,Faisalabad,77.337311,2778247.0,3592376.0,1
literacy_rate_male,district,pb_gujranwala,Gujranwala,78.141612,1730925.0,2215113.0,1
literacy_rate_male,district,pb_gujrat,Gujrat,84.808451,1058814.0,1248477.0,1
literacy_rate_male,district,pb_hafizabad,Hafizabad,70.700889,356143.0,503732.0,1
literacy_rate_male,district,pb_jhang,Jhang,69.086772,795729.0,1151782.0,1
literacy_rate_male,district,pb_jhelum,Jhelum,86.55382,476870.0,550952.0,1
literacy_rate_male,district,pb_kasur,Kasur,67.970654,1025251.0,1508373.0,1
literacy_rate_male,district,pb_khanewal,Khanewal,69.263675,875310.0,1263736.0,1
literacy_rate_male,district,pb_khushab,Khushab,75.591824,433665.0,573693.0,1
literacy_rate_male,district,pb_lahore,Lahore,81.41256,4232823.0,5199226.0,1
literacy_rate_male,district,pb_layyah,Layyah,70.914339,546629.0,770830.0,1
literacy_rate_male,district,pb_lodhran,Lodhran,60.630562,434093.0,715964.0,1
literacy_rate_male,district,pb_mandi_bahauddin,Mandi Bahauddin,74.894624,510487.0,681607.0,1
literacy_rate_male,district,pb_mianwali,Mianwali,77.583508,529419.0,682386.0,1
literacy_rate_male,district,pb_multan,Multan,67.280602,1356823.0,2016663.0,1
literacy_rate_male,district,pb_muzaffargarh,Muzaffargarh,55.947895,967451.0,1729200.0,1
literacy_rate_male,district,pb_nankana_sahib,Nankana Sahib,68.37957,421385.0,616244.0,1
literacy_rate_male,district,pb_narowal,Narowal,79.887554,593368.0,742754.0,1
literacy_rate_male,district,pb_okara,Okara,66.516354,865568.0,1301286.0,1
literacy_rate_male,district,pb_pakpattan,Pakpattan,64.696172,501669.0,775423.0,1
literacy_rate_male,district,pb_rahim_yar_khan,Rahim Yar Khan,55.141811,1110952.0,2014718.0,1
literacy_rate_male,district,pb_rajanpur,Rajanpur,43.682468,335833.0,768805.0,1
literacy_rate_male,district,pb_rawalpindi,Rawalpindi,87.900506,2108785.0,2399059.0,1
literacy_rate_male,district,pb_sahiwal,Sahiwal,71.05547,760123.0,1069760.0,1
literacy_rate_male,district,pb_sargodha,Sargodha,73.629333,1209928.0,1643269.0,1
literacy_rate_male,district,pb_sheikhupura,Sheikhupura,72.090557,1103909.0,1531281.0,1
literacy_rate_male,district,pb_sialkot,Sialkot,80.23664,1356195.0,1690244.0,1
literacy_rate_male,district,pb_toba_tek_singh,Toba Tek Singh,76.373834,745527.0,976155.0,1
literacy_rate_male,district,pb_vehari,Vehari,66.433133,837763.0,1261062.0,1
literacy_rate_male,district,sd_badin,Badin,46.459544,319073.0,686776.0,1
literacy_rate_male,district,sd_dadu,Dadu,55.25979,337219.0,610243.0,1
literacy_rate_male,district,sd_ghotki,Ghotki,55.318198,344176.0,622175.0,1
literacy_rate_male,district,sd_hyderabad,Hyderabad,70.856151,667776.0,942439.0,1
literacy_rate_male,district,sd_jacobabad,Jacobabad,51.766473,190922.0,368814.0,1
literacy_rate_male,district,sd_jamshoro,Jamshoro,57.006945,232968.0,408666.0,1
literacy_rate_male,district,sd_kambar_shahdad_kot,Kambar Shahdad Kot,48.940106,251351.0,513589.0,1
literacy_rate_male,district,sd_karachi_central,Karachi Central,83.820143,1297711.0,1548209.0,1
literacy_rate_male,district,sd_karachi_east,Karachi East,81.313844,1293452.0,1590691.0,1
literacy_rate_male,district,sd_karachi_south,Karachi South,80.759971,797663.0,987696.0,1
literacy_rate_male,district,sd_karachi_west,Karachi West,69.753078,743994.0,1066611.0,1
literacy_rate_male,district,sd_kashmore,Kashmore,45.077565,171906.0,381356.0,1
literacy_rate_male,district,sd_keamari,Keamari,66.862282,546545.0,817419.0,1
literacy_rate_male,district,sd_khairpur,Khairpur,61.840679,535309.0,865626.0,1
literacy_rate_male,district,sd_korangi,Korangi,81.266627,998315.0,1228444.0,1
literacy_rate_male,district,sd_larkana,Larkana,65.339414,413918.0,633489.0,1
literacy_rate_male,district,sd_malir,Malir,67.736191,651570.0,961923.0,1
literacy_rate_male,district,sd_matiari,Matiari,56.339944,166462.0,295460.0,1
literacy_rate_male,district,sd_mirpur_khas,Mirpur Khas,55.041199,329388.0,598439.0,1
literacy_rate_male,district,sd_naushahro_feroze,Naushahro Feroze,67.577677,411198.0,608482.0,1
literacy_rate_male,district,sd_sanghar,Sanghar,53.105678,425659.0,801532.0,1
literacy_rate_male,district,sd_shaheed_benazirabad,Shaheed Benazirabad,61.065717,384736.0,630036.0,1
literacy_rate_male,district,sd_shikarpur,Shikarpur,52.588498,231483.0,440178.0,1
literacy_rate_male,district,sd_sujawal,Sujawal,33.695314,97430.0,289150.0,1
literacy_rate_male,district,sd_sukkur,Sukkur,68.10132,391238.0,574494.0,1
literacy_rate_male,district,sd_tando_allahyar,Tando Allahyar,47.820155,151412.0,316628.0,1
literacy_rate_male,district,sd_tando_muhammad_khan,Tando Muhammad Khan,42.34086,110621.0,261263.0,1
literacy_rate_male,district,sd_tharparkar,Tharparkar,48.499534,272515.0,561892.0,1
literacy_rate_male,district,sd_thatta,Thatta,33.227186,126151.0,379662.0,1
literacy_rate_male,district,sd_umer_kot,Umer Kot,51.172167,200403.0,391625.0,1
literacy_gender_gap,national,PK,Pakistan,15.15953,,,136
literacy_gender_gap,province,BA,Balochistan,17.695211,,,34
literacy_gender_gap,province,IS,Islamabad Capital Territory,9.09996,,,1
literacy_gender_gap,province,KP,Khyber Pakhtunkhwa,27.42761,,,35
literacy_gender_gap,province,PB,Punjab,11.793401,,,36
literacy_gender_gap,province,SD,Sindh,14.024468,,,30
literacy_gender_gap,map_unit,sd_karachi,Karachi (7 districts),4.407982,,,7
literacy_gender_gap,district,ba_awaran,Awaran,16.329741,,,1
literacy_gender_gap,district,ba_barkhan,Barkhan,16.701382,,,1
literacy_gender_gap,district,ba_chagai,Chagai,18.32833,,,1
literacy_gender_gap,district,ba_chaman,Chaman,17.130529,,,1
literacy_gender_gap,district,ba_dera_bugti,Dera Bugti,22.520051,,,1
literacy_gender_gap,district,ba_duki,Duki,20.473957,,,1
literacy_gender_gap,district,ba_gwadar,Gwadar,15.433117,,,1
literacy_gender_gap,district,ba_harnai,Harnai,19.207222,,,1
literacy_gender_gap,district,ba_jaffarabad,Jaffarabad,18.056196,,,1
literacy_gender_gap,district,ba_jhal_magsi,Jhal Magsi,15.800108,,,1
literacy_gender_gap,district,ba_kachhi,Kachhi,13.184393,,,1
literacy_gender_gap,district,ba_kalat,Kalat,20.129665,,,1
literacy_gender_gap,district,ba_kech,Kech,11.7682,,,1
literacy_gender_gap,district,ba_kharan,Kharan,22.421485,,,1
literacy_gender_gap,district,ba_khuzdar,Khuzdar,13.482872,,,1
literacy_gender_gap,district,ba_killa_abdullah,Killa Abdullah,22.585211,,,1
literacy_gender_gap,district,ba_killa_saifullah,Killa Saifullah,22.686385,,,1
literacy_gender_gap,district,ba_kohlu,Kohlu,8.715112,,,1
literacy_gender_gap,district,ba_lasbela,Lasbela,19.382055,,,1
literacy_gender_gap,district,ba_loralai,Loralai,23.459274,,,1
literacy_gender_gap,district,ba_mastung,Mastung,23.990218,,,1
literacy_gender_gap,district,ba_musakhel,Musakhel,22.780711,,,1
literacy_gender_gap,district,ba_nasirabad,Nasirabad,15.252964,,,1
literacy_gender_gap,district,ba_nushki,Nushki,25.083231,,,1
literacy_gender_gap,district,ba_panjgur,Panjgur,8.003929,,,1
literacy_gender_gap,district,ba_pishin,Pishin,29.795625,,,1
literacy_gender_gap,district,ba_quetta,Quetta,18.10342,,,1
literacy_gender_gap,district,ba_sherani,Sherani,16.512229,,,1
literacy_gender_gap,district,ba_sibi,Sibi,17.086919,,,1
literacy_gender_gap,district,ba_sohbatpur,Sohbatpur,24.841014,,,1
literacy_gender_gap,district,ba_surab,Surab,15.582159,,,1
literacy_gender_gap,district,ba_washuk,Washuk,11.001742,,,1
literacy_gender_gap,district,ba_zhob,Zhob,18.432592,,,1
literacy_gender_gap,district,ba_ziarat,Ziarat,19.567664,,,1
literacy_gender_gap,district,is_islamabad,Islamabad,9.09996,,,1
literacy_gender_gap,district,kp_abbottabad,Abbottabad,17.774015,,,1
literacy_gender_gap,district,kp_bajaur,Bajaur,27.592731,,,1
literacy_gender_gap,district,kp_bannu,Bannu,34.631023,,,1
literacy_gender_gap,district,kp_batagram,Batagram,31.346988,,,1
literacy_gender_gap,district,kp_buner,Buner,33.207807,,,1
literacy_gender_gap,district,kp_charsadda,Charsadda,26.191551,,,1
literacy_gender_gap,district,kp_dera_ismail_khan,Dera Ismail Khan,24.431172,,,1
literacy_gender_gap,district,kp_hangu,Hangu,44.018256,,,1
literacy_gender_gap,district,kp_haripur,Haripur,18.527357,,,1
literacy_gender_gap,district,kp_karak,Karak,38.519319,,,1
literacy_gender_gap,district,kp_khyber,Khyber,40.919813,,,1
literacy_gender_gap,district,kp_kohat,Kohat,36.091923,,,1
literacy_gender_gap,district,kp_kolai_palas_kohistan,Kolai Palas Kohistan,11.106578,,,1
literacy_gender_gap,district,kp_kurram,Kurram,28.743011,,,1
literacy_gender_gap,district,kp_lakki_marwat,Lakki Marwat,38.406716,,,1
literacy_gender_gap,district,kp_lower_chitral,Lower Chitral,22.043231,,,1
literacy_gender_gap,district,kp_lower_dir,Lower Dir,29.411389,,,1
literacy_gender_gap,district,kp_lower_kohistan,Lower Kohistan,22.99512,,,1
literacy_gender_gap,district,kp_malakand,Malakand,20.865291,,,1
literacy_gender_gap,district,kp_mansehra,Mansehra,23.306066,,,1
literacy_gender_gap,district,kp_mardan,Mardan,25.650915,,,1
literacy_gender_gap,district,kp_mohmand,Mohmand,31.748587,,,1
literacy_gender_gap,district,kp_north_waziristan,North Waziristan,28.909497,,,1
literacy_gender_gap,district,kp_nowshera,Nowshera,24.045355,,,1
literacy_gender_gap,district,kp_orakzai,Orakzai,35.720934,,,1
literacy_gender_gap,district,kp_peshawar,Peshawar,23.820339,,,1
literacy_gender_gap,district,kp_shangla,Shangla,30.996637,,,1
literacy_gender_gap,district,kp_south_waziristan,South Waziristan,22.257166,,,1
literacy_gender_gap,district,kp_swabi,Swabi,27.841886,,,1
literacy_gender_gap,district,kp_swat,Swat,27.874948,,,1
literacy_gender_gap,district,kp_tank,Tank,33.709291,,,1
literacy_gender_gap,district,kp_torghar,Torghar,34.1177,,,1
literacy_gender_gap,district,kp_upper_chitral,Upper Chitral,22.764662,,,1
literacy_gender_gap,district,kp_upper_dir,Upper Dir,31.088829,,,1
literacy_gender_gap,district,kp_upper_kohistan,Upper Kohistan,17.1791,,,1
literacy_gender_gap,district,pb_attock,Attock,19.029761,,,1
literacy_gender_gap,district,pb_bahawalnagar,Bahawalnagar,13.597773,,,1
literacy_gender_gap,district,pb_bahawalpur,Bahawalpur,12.307974,,,1
literacy_gender_gap,district,pb_bhakkar,Bhakkar,22.940293,,,1
literacy_gender_gap,district,pb_chakwal,Chakwal,16.597549,,,1
literacy_gender_gap,district,pb_chiniot,Chiniot,19.457107,,,1
literacy_gender_gap,district,pb_dera_ghazi_khan,Dera Ghazi Khan,18.965942,,,1
literacy_gender_gap,district,pb_faisalabad,Faisalabad,8.222399,,,1
literacy_gender_gap,district,pb_gujranwala,Gujranwala,2.781231,,,1
literacy_gender_gap,district,pb_gujrat,Gujrat,6.860668,,,1
literacy_gender_gap,district,pb_hafizabad,Hafizabad,10.055659,,,1
literacy_gender_gap,district,pb_jhang,Jhang,19.942652,,,1
literacy_gender_gap,district,pb_jhelum,Jhelum,12.02825,,,1
literacy_gender_gap,district,pb_kasur,Kasur,10.532135,,,1
literacy_gender_gap,district,pb_khanewal,Khanewal,17.085115,,,1
literacy_gender_gap,district,pb_khushab,Khushab,26.560297,,,1
literacy_gender_gap,district,pb_lahore,Lahore,3.821771,,,1
literacy_gender_gap,district,pb_layyah,Layyah,18.708125,,,1
literacy_gender_gap,district,pb_lodhran,Lodhran,18.514531,,,1
literacy_gender_gap,district,pb_mandi_bahauddin,Mandi Bahauddin,9.191053,,,1
literacy_gender_gap,district,pb_mianwali,Mianwali,29.952428,,,1
literacy_gender_gap,district,pb_multan,Multan,12.011957,,,1
literacy_gender_gap,district,pb_muzaffargarh,Muzaffargarh,16.224552,,,1
literacy_gender_gap,district,pb_nankana_sahib,Nankana Sahib,10.749211,,,1
literacy_gender_gap,district,pb_narowal,Narowal,9.394755,,,1
literacy_gender_gap,district,pb_okara,Okara,12.810727,,,1
literacy_gender_gap,district,pb_pakpattan,Pakpattan,15.430995,,,1
literacy_gender_gap,district,pb_rahim_yar_khan,Rahim Yar Khan,14.992365,,,1
literacy_gender_gap,district,pb_rajanpur,Rajanpur,15.498953,,,1
literacy_gender_gap,district,pb_rawalpindi,Rawalpindi,9.545216,,,1
literacy_gender_gap,district,pb_sahiwal,Sahiwal,12.769095,,,1
literacy_gender_gap,district,pb_sargodha,Sargodha,14.006379,,,1
literacy_gender_gap,district,pb_sheikhupura,Sheikhupura,6.629978,,,1
literacy_gender_gap,district,pb_sialkot,Sialkot,3.732947,,,1
literacy_gender_gap,district,pb_toba_tek_singh,Toba Tek Singh,10.242207,,,1
literacy_gender_gap,district,pb_vehari,Vehari,14.866246,,,1
literacy_gender_gap,district,sd_badin,Badin,20.456966,,,1
literacy_gender_gap,district,sd_dadu,Dadu,16.560956,,,1
literacy_gender_gap,district,sd_ghotki,Ghotki,29.047462,,,1
literacy_gender_gap,district,sd_hyderabad,Hyderabad,7.778871,,,1
literacy_gender_gap,district,sd_jacobabad,Jacobabad,19.119563,,,1
literacy_gender_gap,district,sd_jamshoro,Jamshoro,15.381842,,,1
literacy_gender_gap,district,sd_kambar_shahdad_kot,Kambar Shahdad Kot,18.591191,,,1
literacy_gender_gap,district,sd_karachi_central,Karachi Central,0.549933,,,1
literacy_gender_gap,district,sd_karachi_east,Karachi East,2.664,,,1
literacy_gender_gap,district,sd_karachi_south,Karachi South,4.713298,,,1
literacy_gender_gap,district,sd_karachi_west,Karachi West,4.962814,,,1
literacy_gender_gap,district,sd_kashmore,Kashmore,19.361994,,,1
literacy_gender_gap,district,sd_keamari,Keamari,10.348775,,,1
literacy_gender_gap,district,sd_khairpur,Khairpur,23.740625,,,1
literacy_gender_gap,district,sd_korangi,Korangi,2.979873,,,1
literacy_gender_gap,district,sd_larkana,Larkana,20.378802,,,1
literacy_gender_gap,district,sd_malir,Malir,9.894129,,,1
literacy_gender_gap,district,sd_matiari,Matiari,21.224699,,,1
literacy_gender_gap,district,sd_mirpur_khas,Mirpur Khas,20.286772,,,1
literacy_gender_gap,district,sd_naushahro_feroze,Naushahro Feroze,21.215479,,,1
literacy_gender_gap,district,sd_sanghar,Sanghar,19.252139,,,1
literacy_gender_gap,district,sd_shaheed_benazirabad,Shaheed Benazirabad,20.779077,,,1
literacy_gender_gap,district,sd_shikarpur,Shikarpur,17.941181,,,1
literacy_gender_gap,district,sd_sujawal,Sujawal,14.031817,,,1
literacy_gender_gap,district,sd_sukkur,Sukkur,20.902035,,,1
literacy_gender_gap,district,sd_tando_allahyar,Tando Allahyar,16.338934,,,1
literacy_gender_gap,district,sd_tando_muhammad_khan,Tando Muhammad Khan,17.31838,,,1
literacy_gender_gap,district,sd_tharparkar,Tharparkar,25.009542,,,1
literacy_gender_gap,district,sd_thatta,Thatta,13.103239,,,1
literacy_gender_gap,district,sd_umer_kot,Umer Kot,26.064751,,,1
out_of_school_rate,national,PK,Pakistan,35.601692,25373350.0,71270068.0,136
out_of_school_rate,province,BA,Balochistan,57.969475,2941690.0,5074550.0,34
out_of_school_rate,province,IS,Islamabad Capital Territory,15.062793,89127.0,591703.0,1
out_of_school_rate,province,KP,Khyber Pakhtunkhwa,37.491815,4924121.0,13133856.0,35
out_of_school_rate,province,PB,Punjab,26.983002,9600164.0,35578562.0,36
out_of_school_rate,province,SD,Sindh,46.285384,7818248.0,16891397.0,30
out_of_school_rate,map_unit,sd_karachi,Karachi (7 districts),32.085867,1797449.0,5601996.0,7
out_of_school_rate,district,ba_awaran,Awaran,51.66417,33451.0,64747.0,1
out_of_school_rate,district,ba_barkhan,Barkhan,57.838027,46164.0,79816.0,1
out_of_school_rate,district,ba_chagai,Chagai,67.445725,68191.0,101105.0,1
out_of_school_rate,district,ba_chaman,Chaman,65.814256,117899.0,179139.0,1
out_of_school_rate,district,ba_dera_bugti,Dera Bugti,71.675727,92428.0,128953.0,1
out_of_school_rate,district,ba_duki,Duki,70.523287,46819.0,66388.0,1
out_of_school_rate,district,ba_gwadar,Gwadar,33.793346,33621.0,99490.0,1
out_of_school_rate,district,ba_harnai,Harnai,69.556126,32265.0,46387.0,1
out_of_school_rate,district,ba_jaffarabad,Jaffarabad,64.192272,137885.0,214800.0,1
out_of_school_rate,district,ba_jhal_magsi,Jhal Magsi,66.09325,50408.0,76268.0,1
out_of_school_rate,district,ba_kachhi,Kachhi,76.601702,140355.0,183227.0,1
out_of_school_rate,district,ba_kalat,Kalat,51.026825,52253.0,102403.0,1
out_of_school_rate,district,ba_kech,Kech,44.186783,136717.0,309407.0,1
out_of_school_rate,district,ba_kharan,Kharan,61.742398,61622.0,99805.0,1
out_of_school_rate,district,ba_khuzdar,Khuzdar,65.134509,234905.0,360646.0,1
out_of_school_rate,district,ba_killa_abdullah,Killa Abdullah,76.919743,92276.0,119964.0,1
out_of_school_rate,district,ba_killa_saifullah,Killa Saifullah,62.623394,85325.0,136251.0,1
out_of_school_rate,district,ba_kohlu,Kohlu,71.344561,69516.0,97437.0,1
out_of_school_rate,district,ba_lasbela,Lasbela,56.911377,127144.0,223407.0,1
out_of_school_rate,district,ba_loralai,Loralai,48.979803,47338.0,96648.0,1
out_of_school_rate,district,ba_mastung,Mastung,52.885699,57702.0,109107.0,1
out_of_school_rate,district,ba_musakhel,Musakhel,51.332877,35220.0,68611.0,1
out_of_school_rate,district,ba_nasirabad,Nasirabad,73.064508,151207.0,206950.0,1
out_of_school_rate,district,ba_nushki,Nushki,44.974089,31069.0,69082.0,1
out_of_school_rate,district,ba_panjgur,Panjgur,63.083495,90815.0,143960.0,1
out_of_school_rate,district,ba_pishin,Pishin,59.153028,170453.0,288156.0,1
out_of_school_rate,district,ba_quetta,Quetta,37.142742,276511.0,744455.0,1
out_of_school_rate,district,ba_sherani,Sherani,77.941176,55915.0,71740.0,1
out_of_school_rate,district,ba_sibi,Sibi,62.52169,47202.0,75497.0,1
out_of_school_rate,district,ba_sohbatpur,Sohbatpur,54.965164,48360.0,87983.0,1
out_of_school_rate,district,ba_surab,Surab,69.413117,69427.0,100020.0,1
out_of_school_rate,district,ba_washuk,Washuk,71.928217,84010.0,116797.0,1
out_of_school_rate,district,ba_zhob,Zhob,54.372365,73649.0,135453.0,1
out_of_school_rate,district,ba_ziarat,Ziarat,61.841564,43568.0,70451.0,1
out_of_school_rate,district,is_islamabad,Islamabad,15.062793,89127.0,591703.0,1
out_of_school_rate,district,kp_abbottabad,Abbottabad,11.818747,45412.0,384237.0,1
out_of_school_rate,district,kp_bajaur,Bajaur,63.305437,292894.0,462668.0,1
out_of_school_rate,district,kp_bannu,Bannu,47.852222,214143.0,447509.0,1
out_of_school_rate,district,kp_batagram,Batagram,45.127304,86264.0,191157.0,1
out_of_school_rate,district,kp_buner,Buner,36.462413,123628.0,339056.0,1
out_of_school_rate,district,kp_charsadda,Charsadda,29.109846,166630.0,572418.0,1
out_of_school_rate,district,kp_dera_ismail_khan,Dera Ismail Khan,44.72142,264567.0,591589.0,1
out_of_school_rate,district,kp_hangu,Hangu,42.412204,74841.0,176461.0,1
out_of_school_rate,district,kp_haripur,Haripur,13.755774,43838.0,318688.0,1
out_of_school_rate,district,kp_karak,Karak,27.750047,68993.0,248623.0,1
out_of_school_rate,district,kp_khyber,Khyber,50.768869,213510.0,420553.0,1
out_of_school_rate,district,kp_kohat,Kohat,30.632289,115836.0,378150.0,1
out_of_school_rate,district,kp_kolai_palas_kohistan,Kolai Palas Kohistan,83.289787,80333.0,96450.0,1
out_of_school_rate,district,kp_kurram,Kurram,54.138646,145470.0,268699.0,1
out_of_school_rate,district,kp_lakki_marwat,Lakki Marwat,42.856109,142101.0,331577.0,1
out_of_school_rate,district,kp_lower_chitral,Lower Chitral,19.786813,17282.0,87341.0,1
out_of_school_rate,district,kp_lower_dir,Lower Dir,27.247565,149533.0,548794.0,1
out_of_school_rate,district,kp_lower_kohistan,Lower Kohistan,79.368432,90557.0,114097.0,1
out_of_school_rate,district,kp_malakand,Malakand,21.316859,54983.0,257932.0,1
out_of_school_rate,district,kp_mansehra,Mansehra,20.499917,111292.0,542890.0,1
out_of_school_rate,district,kp_mardan,Mardan,27.306529,230969.0,845838.0,1
out_of_school_rate,district,kp_mohmand,Mohmand,62.041364,123082.0,198387.0,1
out_of_school_rate,district,kp_north_waziristan,North Waziristan,66.926239,160200.0,239368.0,1
out_of_school_rate,district,kp_nowshera,Nowshera,26.332059,140214.0,532484.0,1
out_of_school_rate,district,kp_orakzai,Orakzai,53.283558,73007.0,137016.0,1
out_of_school_rate,district,kp_peshawar,Peshawar,34.540606,519928.0,1505266.0,1
out_of_school_rate,district,kp_shangla,Shangla,52.167429,163716.0,313828.0,1
out_of_school_rate,district,kp_south_waziristan,South Waziristan,65.622039,199491.0,304000.0,1
out_of_school_rate,district,kp_swabi,Swabi,25.341245,145589.0,574514.0,1
out_of_school_rate,district,kp_swat,Swat,32.583041,294320.0,903292.0,1
out_of_school_rate,district,kp_tank,Tank,49.047685,81350.0,165859.0,1
out_of_school_rate,district,kp_torghar,Torghar,54.822408,38078.0,69457.0,1
out_of_school_rate,district,kp_upper_chitral,Upper Chitral,10.460792,4613.0,44098.0,1
out_of_school_rate,district,kp_upper_dir,Upper Dir,35.886888,137403.0,382878.0,1
out_of_school_rate,district,kp_upper_kohistan,Upper Kohistan,79.35709,110054.0,138682.0,1
out_of_school_rate,district,pb_attock,Attock,17.750617,96795.0,545305.0,1
out_of_school_rate,district,pb_bahawalnagar,Bahawalnagar,31.936265,344881.0,1079904.0,1
out_of_school_rate,district,pb_bahawalpur,Bahawalpur,38.455183,487764.0,1268396.0,1
out_of_school_rate,district,pb_bhakkar,Bhakkar,28.693269,154352.0,537938.0,1
out_of_school_rate,district,pb_chakwal,Chakwal,14.760683,60787.0,411817.0,1
out_of_school_rate,district,pb_chiniot,Chiniot,28.480411,128830.0,452346.0,1
out_of_school_rate,district,pb_dera_ghazi_khan,Dera Ghazi Khan,46.865316,514965.0,1098819.0,1
out_of_school_rate,district,pb_faisalabad,Faisalabad,19.880822,479098.0,2409850.0,1
out_of_school_rate,district,pb_gujranwala,Gujranwala,20.04485,321967.0,1606233.0,1
out_of_school_rate,district,pb_gujrat,Gujrat,14.515349,118204.0,814338.0,1
out_of_school_rate,district,pb_hafizabad,Hafizabad,21.720619,78767.0,362637.0,1
out_of_school_rate,district,pb_jhang,Jhang,27.298204,245763.0,900290.0,1
out_of_school_rate,district,pb_jhelum,Jhelum,12.766519,42117.0,329902.0,1
out_of_school_rate,district,pb_kasur,Kasur,23.577546,274362.0,1163658.0,1
out_of_school_rate,district,pb_khanewal,Khanewal,27.799238,270019.0,971318.0,1
out_of_school_rate,district,pb_khushab,Khushab,22.245976,84809.0,381233.0,1
out_of_school_rate,district,pb_lahore,Lahore,21.45307,718199.0,3347768.0,1
out_of_school_rate,district,pb_layyah,Layyah,23.50769,145207.0,617700.0,1
out_of_school_rate,district,pb_lodhran,Lodhran,37.020922,214246.0,578716.0,1
out_of_school_rate,district,pb_mandi_bahauddin,Mandi Bahauddin,22.719864,110399.0,485914.0,1
out_of_school_rate,district,pb_mianwali,Mianwali,26.625504,128246.0,481666.0,1
out_of_school_rate,district,pb_multan,Multan,31.212517,475376.0,1523030.0,1
out_of_school_rate,district,pb_muzaffargarh,Muzaffargarh,44.064798,710633.0,1612700.0,1
out_of_school_rate,district,pb_nankana_sahib,Nankana Sahib,23.306732,108439.0,465269.0,1
out_of_school_rate,district,pb_narowal,Narowal,14.482545,79034.0,545719.0,1
out_of_school_rate,district,pb_okara,Okara,26.506341,264889.0,999342.0,1
out_of_school_rate,district,pb_pakpattan,Pakpattan,28.741607,176009.0,612384.0,1
out_of_school_rate,district,pb_rahim_yar_khan,Rahim Yar Khan,45.813008,781930.0,1706786.0,1
out_of_school_rate,district,pb_rajanpur,Rajanpur,56.321313,442819.0,786237.0,1
out_of_school_rate,district,pb_rawalpindi,Rawalpindi,15.57876,239415.0,1536804.0,1
out_of_school_rate,district,pb_sahiwal,Sahiwal,26.711585,209761.0,785281.0,1
out_of_school_rate,district,pb_sargodha,Sargodha,19.495751,226673.0,1162679.0,1
out_of_school_rate,district,pb_sheikhupura,Sheikhupura,23.238076,262076.0,1127787.0,1
out_of_school_rate,district,pb_sialkot,Sialkot,12.637893,153560.0,1215076.0,1
out_of_school_rate,district,pb_toba_tek_singh,Toba Tek Singh,20.767731,142390.0,685631.0,1
out_of_school_rate,district,pb_vehari,Vehari,31.751523,307383.0,968089.0,1
out_of_school_rate,district,sd_badin,Badin,61.271624,381384.0,622448.0,1
out_of_school_rate,district,sd_dadu,Dadu,47.459829,267831.0,564332.0,1
out_of_school_rate,district,sd_ghotki,Ghotki,55.579855,320479.0,576610.0,1
out_of_school_rate,district,sd_hyderabad,Hyderabad,33.298112,211452.0,635027.0,1
out_of_school_rate,district,sd_jacobabad,Jacobabad,62.000771,257173.0,414790.0,1
out_of_school_rate,district,sd_jamshoro,Jamshoro,49.19767,169423.0,344372.0,1
out_of_school_rate,district,sd_kambar_shahdad_kot,Kambar Shahdad Kot,55.445521,280556.0,506003.0,1
out_of_school_rate,district,sd_karachi_central,Karachi Central,22.661514,222825.0,983275.0,1
out_of_school_rate,district,sd_karachi_east,Karachi East,27.349593,286039.0,1045862.0,1
out_of_school_rate,district,sd_karachi_south,Karachi South,25.952675,155238.0,598158.0,1
out_of_school_rate,district,sd_karachi_west,Karachi West,38.892344,298918.0,768578.0,1
out_of_school_rate,district,sd_kashmore,Kashmore,69.960218,304236.0,434870.0,1
out_of_school_rate,district,sd_keamari,Keamari,41.658045,251655.0,604097.0,1
out_of_school_rate,district,sd_khairpur,Khairpur,44.319113,367366.0,828911.0,1
out_of_school_rate,district,sd_korangi,Korangi,32.187469,291201.0,904703.0,1
out_of_school_rate,district,sd_larkana,Larkana,44.605678,252953.0,567087.0,1
out_of_school_rate,district,sd_malir,Malir,41.813191,291573.0,697323.0,1
out_of_school_rate,district,sd_matiari,Matiari,50.004241,129690.0,259358.0,1
out_of_school_rate,district,sd_mirpur_khas,Mirpur Khas,50.974956,267147.0,524075.0,1
out_of_school_rate,district,sd_naushahro_feroze,Naushahro Feroze,39.304122,214663.0,546159.0,1
out_of_school_rate,district,sd_sanghar,Sanghar,56.592336,418695.0,739844.0,1
out_of_school_rate,district,sd_shaheed_benazirabad,Shaheed Benazirabad,45.204944,259216.0,573424.0,1
out_of_school_rate,district,sd_shikarpur,Shikarpur,62.943318,307001.0,487742.0,1
out_of_school_rate,district,sd_sujawal,Sujawal,74.914724,207764.0,277334.0,1
out_of_school_rate,district,sd_sukkur,Sukkur,45.663884,237270.0,519601.0,1
out_of_school_rate,district,sd_tando_allahyar,Tando Allahyar,59.400728,170489.0,287015.0,1
out_of_school_rate,district,sd_tando_muhammad_khan,Tando Muhammad Khan,62.477037,141821.0,226997.0,1
out_of_school_rate,district,sd_tharparkar,Tharparkar,61.001603,372976.0,611420.0,1
out_of_school_rate,district,sd_thatta,Thatta,75.790407,268486.0,354248.0,1
out_of_school_rate,district,sd_umer_kot,Umer Kot,54.864417,212728.0,387734.0,1
out_of_school_rate_female,national,PK,Pakistan,38.98974,13407069.0,34386146.0,136
out_of_school_rate_female,province,BA,Balochistan,64.046825,1526248.0,2383019.0,34
out_of_school_rate_female,province,IS,Islamabad Capital Territory,14.805953,41275.0,278773.0,1
out_of_school_rate_female,province,KP,Khyber Pakhtunkhwa,46.229874,2924279.0,6325518.0,35
out_of_school_rate_female,province,PB,Punjab,27.835797,4826873.0,17340524.0,36
out_of_school_rate_female,province,SD,Sindh,50.735117,4088394.0,8058312.0,30
out_of_school_rate_female,map_unit,sd_karachi,Karachi (7 districts),32.115109,851553.0,2651565.0,7
out_of_school_rate_female,district,ba_awaran,Awaran,53.056769,16767.0,31602.0,1
out_of_school_rate_female,district,ba_barkhan,Barkhan,75.489906,28083.0,37201.0,1
out_of_school_rate_female,district,ba_chagai,Chagai,70.599761,34231.0,48486.0,1
out_of_school_rate_female,district,ba_chaman,Chaman,78.340601,59466.0,75907.0,1
out_of_school_rate_female,district,ba_dera_bugti,Dera Bugti,79.826002,40831.0,51150.0,1
out_of_school_rate_female,district,ba_duki,Duki,82.765217,26393.0,31889.0,1
out_of_school_rate_female,district,ba_gwadar,Gwadar,38.281626,17497.0,45706.0,1
out_of_school_rate_female,district,ba_harnai,Harnai,74.616298,16335.0,21892.0,1
out_of_school_rate_female,district,ba_jaffarabad,Jaffarabad,69.893271,73476.0,105126.0,1
out_of_school_rate_female,district,ba_jhal_magsi,Jhal Magsi,73.706839,27430.0,37215.0,1
out_of_school_rate_female,district,ba_kachhi,Kachhi,80.635027,67502.0,83713.0,1
out_of_school_rate_female,district,ba_kalat,Kalat,62.353602,31092.0,49864.0,1
out_of_school_rate_female,district,ba_kech,Kech,48.416056,72321.0,149374.0,1
out_of_school_rate_female,district,ba_kharan,Kharan,67.768932,29962.0,44212.0,1
out_of_school_rate_female,district,ba_khuzdar,Khuzdar,71.229675,112144.0,157440.0,1
out_of_school_rate_female,district,ba_killa_abdullah,Killa Abdullah,85.057064,48070.0,56515.0,1
out_of_school_rate_female,district,ba_killa_saifullah,Killa Saifullah,77.588338,48966.0,63110.0,1
out_of_school_rate_female,district,ba_kohlu,Kohlu,71.058138,32939.0,46355.0,1
out_of_school_rate_female,district,ba_lasbela,Lasbela,61.998612,67917.0,109546.0,1
out_of_school_rate_female,district,ba_loralai,Loralai,65.250701,29554.0,45293.0,1
out_of_school_rate_female,district,ba_mastung,Mastung,60.636712,30094.0,49630.0,1
out_of_school_rate_female,district,ba_musakhel,Musakhel,57.604736,17710.0,30744.0,1
out_of_school_rate_female,district,ba_nasirabad,Nasirabad,78.074117,78014.0,99923.0,1
out_of_school_rate_female,district,ba_nushki,Nushki,49.854957,16327.0,32749.0,1
out_of_school_rate_female,district,ba_panjgur,Panjgur,64.156182,44824.0,69867.0,1
out_of_school_rate_female,district,ba_pishin,Pishin,67.150617,93336.0,138995.0,1
out_of_school_rate_female,district,ba_quetta,Quetta,41.776337,153005.0,366248.0,1
out_of_school_rate_female,district,ba_sherani,Sherani,85.60032,25645.0,29959.0,1
out_of_school_rate_female,district,ba_sibi,Sibi,65.699836,24033.0,36580.0,1
out_of_school_rate_female,district,ba_sohbatpur,Sohbatpur,61.999813,26588.0,42884.0,1
out_of_school_rate_female,district,ba_surab,Surab,75.474157,36491.0,48349.0,1
out_of_school_rate_female,district,ba_washuk,Washuk,77.638745,39772.0,51227.0,1
out_of_school_rate_female,district,ba_zhob,Zhob,61.115558,36651.0,59970.0,1
out_of_school_rate_female,district,ba_ziarat,Ziarat,66.423698,22782.0,34298.0,1
out_of_school_rate_female,district,is_islamabad,Islamabad,14.805953,41275.0,278773.0,1
out_of_school_rate_female,district,kp_abbottabad,Abbottabad,12.855592,24516.0,190703.0,1
out_of_school_rate_female,district,kp_bajaur,Bajaur,78.172983,179210.0,229248.0,1
out_of_school_rate_female,district,kp_bannu,Bannu,59.720276,123188.0,206275.0,1
out_of_school_rate_female,district,kp_batagram,Batagram,57.358079,52540.0,91600.0,1
out_of_school_rate_female,district,kp_buner,Buner,48.946908,79433.0,162284.0,1
out_of_school_rate_female,district,kp_charsadda,Charsadda,34.561807,94455.0,273293.0,1
out_of_school_rate_female,district,kp_dera_ismail_khan,Dera Ismail Khan,52.061943,144361.0,277287.0,1
out_of_school_rate_female,district,kp_hangu,Hangu,58.335029,48736.0,83545.0,1
out_of_school_rate_female,district,kp_haripur,Haripur,15.681945,24148.0,153986.0,1
out_of_school_rate_female,district,kp_karak,Karak,35.643154,42163.0,118292.0,1
out_of_school_rate_female,district,kp_khyber,Khyber,67.490582,132756.0,196703.0,1
out_of_school_rate_female,district,kp_kohat,Kohat,42.945791,77305.0,180006.0,1
out_of_school_rate_female,district,kp_kolai_palas_kohistan,Kolai Palas Kohistan,87.259786,40458.0,46365.0,1
out_of_school_rate_female,district,kp_kurram,Kurram,64.668666,80442.0,124391.0,1
out_of_school_rate_female,district,kp_lakki_marwat,Lakki Marwat,55.474226,91173.0,164352.0,1
out_of_school_rate_female,district,kp_lower_chitral,Lower Chitral,22.146008,9589.0,43299.0,1
out_of_school_rate_female,district,kp_lower_dir,Lower Dir,33.993206,90065.0,264950.0,1
out_of_school_rate_female,district,kp_lower_kohistan,Lower Kohistan,88.355442,48622.0,55030.0,1
out_of_school_rate_female,district,kp_malakand,Malakand,24.31782,29810.0,122585.0,1
out_of_school_rate_female,district,kp_mansehra,Mansehra,26.719634,70220.0,262803.0,1
out_of_school_rate_female,district,kp_mardan,Mardan,32.830498,133215.0,405766.0,1
out_of_school_rate_female,district,kp_mohmand,Mohmand,77.877577,76387.0,98086.0,1
out_of_school_rate_female,district,kp_north_waziristan,North Waziristan,80.516641,93165.0,115709.0,1
out_of_school_rate_female,district,kp_nowshera,Nowshera,32.546659,85710.0,263345.0,1
out_of_school_rate_female,district,kp_orakzai,Orakzai,70.758381,44449.0,62818.0,1
out_of_school_rate_female,district,kp_peshawar,Peshawar,42.934251,319767.0,744783.0,1
out_of_school_rate_female,district,kp_shangla,Shangla,64.577612,95004.0,147116.0,1
out_of_school_rate_female,district,kp_south_waziristan,South Waziristan,71.729571,105705.0,147366.0,1
out_of_school_rate_female,district,kp_swabi,Swabi,32.239354,88822.0,275508.0,1
out_of_school_rate_female,district,kp_swat,Swat,41.71457,179386.0,430032.0,1
out_of_school_rate_female,district,kp_tank,Tank,61.141108,49937.0,81675.0,1
out_of_school_rate_female,district,kp_torghar,Torghar,72.510283,24151.0,33307.0,1
out_of_school_rate_female,district,kp_upper_chitral,Upper Chitral,12.024876,2591.0,21547.0,1
out_of_school_rate_female,district,kp_upper_dir,Upper Dir,45.699117,84526.0,184962.0,1
out_of_school_rate_female,district,kp_upper_kohistan,Upper Kohistan,87.628757,58274.0,66501.0,1
out_of_school_rate_female,district,pb_attock,Attock,18.81258,50879.0,270452.0,1
out_of_school_rate_female,district,pb_bahawalnagar,Bahawalnagar,32.610558,164457.0,504306.0,1
out_of_school_rate_female,district,pb_bahawalpur,Bahawalpur,39.505532,247339.0,626087.0,1
out_of_school_rate_female,district,pb_bhakkar,Bhakkar,32.095526,82438.0,256852.0,1
out_of_school_rate_female,district,pb_chakwal,Chakwal,15.814457,31550.0,199501.0,1
out_of_school_rate_female,district,pb_chiniot,Chiniot,31.939226,71495.0,223847.0,1
out_of_school_rate_female,district,pb_dera_ghazi_khan,Dera Ghazi Khan,52.29031,282729.0,540691.0,1
out_of_school_rate_female,district,pb_faisalabad,Faisalabad,20.070971,232183.0,1156810.0,1
out_of_school_rate_female,district,pb_gujranwala,Gujranwala,17.934339,142762.0,796026.0,1
out_of_school_rate_female,district,pb_gujrat,Gujrat,12.386162,50567.0,408254.0,1
out_of_school_rate_female,district,pb_hafizabad,Hafizabad,20.363898,36822.0,180820.0,1
out_of_school_rate_female,district,pb_jhang,Jhang,30.166674,129482.0,429222.0,1
out_of_school_rate_female,district,pb_jhelum,Jhelum,13.054922,20782.0,159189.0,1
out_of_school_rate_female,district,pb_kasur,Kasur,23.127918,133792.0,578487.0,1
out_of_school_rate_female,district,pb_khanewal,Khanewal,29.715275,137897.0,464061.0,1
out_of_school_rate_female,district,pb_khushab,Khushab,25.064064,45579.0,181850.0,1
out_of_school_rate_female,district,pb_lahore,Lahore,20.506443,327913.0,1599073.0,1
out_of_school_rate_female,district,pb_layyah,Layyah,26.026847,77731.0,298657.0,1
out_of_school_rate_female,district,pb_lodhran,Lodhran,38.364324,105429.0,274810.0,1
out_of_school_rate_female,district,pb_mandi_bahauddin,Mandi Bahauddin,21.934135,51604.0,235268.0,1
out_of_school_rate_female,district,pb_mianwali,Mianwali,32.80319,75757.0,230944.0,1
out_of_school_rate_female,district,pb_multan,Multan,33.324798,251187.0,753754.0,1
out_of_school_rate_female,district,pb_muzaffargarh,Muzaffargarh,47.802272,380421.0,795822.0,1
out_of_school_rate_female,district,pb_nankana_sahib,Nankana Sahib,23.840073,55036.0,230855.0,1
out_of_school_rate_female,district,pb_narowal,Narowal,13.368596,35586.0,266191.0,1
out_of_school_rate_female,district,pb_okara,Okara,26.985165,133715.0,495513.0,1
out_of_school_rate_female,district,pb_pakpattan,Pakpattan,30.179169,91429.0,302954.0,1
out_of_school_rate_female,district,pb_rahim_yar_khan,Rahim Yar Khan,47.924114,384649.0,802621.0,1
out_of_school_rate_female,district,pb_rajanpur,Rajanpur,60.987339,235255.0,385744.0,1
out_of_school_rate_female,district,pb_rawalpindi,Rawalpindi,15.47245,118566.0,766304.0,1
out_of_school_rate_female,district,pb_sahiwal,Sahiwal,29.143672,113382.0,389045.0,1
out_of_school_rate_female,district,pb_sargodha,Sargodha,19.325458,111608.0,577518.0,1
out_of_school_rate_female,district,pb_sheikhupura,Sheikhupura,22.535335,126151.0,559792.0,1
out_of_school_rate_female,district,pb_sialkot,Sialkot,11.151398,65510.0,587460.0,1
out_of_school_rate_female,district,pb_toba_tek_singh,Toba Tek Singh,20.22806,66948.0,330966.0,1
out_of_school_rate_female,district,pb_vehari,Vehari,32.913944,158243.0,480778.0,1
out_of_school_rate_female,district,sd_badin,Badin,70.231674,204686.0,291444.0,1
out_of_school_rate_female,district,sd_dadu,Dadu,52.056853,144818.0,278192.0,1
out_of_school_rate_female,district,sd_ghotki,Ghotki,68.128892,185128.0,271732.0,1
out_of_school_rate_female,district,sd_hyderabad,Hyderabad,34.073357,100728.0,295621.0,1
out_of_school_rate_female,district,sd_jacobabad,Jacobabad,69.840046,141336.0,202371.0,1
out_of_school_rate_female,district,sd_jamshoro,Jamshoro,50.678244,84396.0,166533.0,1
out_of_school_rate_female,district,sd_kambar_shahdad_kot,Kambar Shahdad Kot,61.359309,144692.0,235811.0,1
out_of_school_rate_female,district,sd_karachi_central,Karachi Central,21.345136,98603.0,461946.0,1
out_of_school_rate_female,district,sd_karachi_east,Karachi East,24.546191,119632.0,487375.0,1
out_of_school_rate_female,district,sd_karachi_south,Karachi South,27.565354,77946.0,282768.0,1
out_of_school_rate_female,district,sd_karachi_west,Karachi West,40.440648,148107.0,366233.0,1
out_of_school_rate_female,district,sd_kashmore,Kashmore,76.173242,160804.0,211103.0,1
out_of_school_rate_female,district,sd_keamari,Keamari,43.80956,125825.0,287209.0,1
out_of_school_rate_female,district,sd_khairpur,Khairpur,51.652326,210523.0,407577.0,1
out_of_school_rate_female,district,sd_korangi,Korangi,32.092686,138030.0,430098.0,1
out_of_school_rate_female,district,sd_larkana,Larkana,50.801178,134774.0,265297.0,1
out_of_school_rate_female,district,sd_malir,Malir,42.689679,143410.0,335936.0,1
out_of_school_rate_female,district,sd_matiari,Matiari,55.09932,70261.0,127517.0,1
out_of_school_rate_female,district,sd_mirpur_khas,Mirpur Khas,60.204371,146644.0,243577.0,1
out_of_school_rate_female,district,sd_naushahro_feroze,Naushahro Feroze,42.776855,115160.0,269211.0,1
out_of_school_rate_female,district,sd_sanghar,Sanghar,63.742555,231919.0,363837.0,1
out_of_school_rate_female,district,sd_shaheed_benazirabad,Shaheed Benazirabad,52.545489,148059.0,281773.0,1
out_of_school_rate_female,district,sd_shikarpur,Shikarpur,67.250685,160867.0,239205.0,1
out_of_school_rate_female,district,sd_sujawal,Sujawal,81.874888,105531.0,128893.0,1
out_of_school_rate_female,district,sd_sukkur,Sukkur,52.340449,124363.0,237604.0,1
out_of_school_rate_female,district,sd_tando_allahyar,Tando Allahyar,64.264237,90619.0,141010.0,1
out_of_school_rate_female,district,sd_tando_muhammad_khan,Tando Muhammad Khan,69.0693,73574.0,106522.0,1
out_of_school_rate_female,district,sd_tharparkar,Tharparkar,70.609399,203718.0,288514.0,1
out_of_school_rate_female,district,sd_thatta,Thatta,78.681899,136853.0,173932.0,1
out_of_school_rate_female,district,sd_umer_kot,Umer Kot,65.407782,117388.0,179471.0,1
out_of_school_rate_male,national,PK,Pakistan,32.440247,11964533.0,36881757.0,136
out_of_school_rate_male,province,BA,Balochistan,52.586012,1415261.0,2691326.0,34
out_of_school_rate_male,province,IS,Islamabad Capital Territory,15.29108,47849.0,312921.0,1
out_of_school_rate_male,province,KP,Khyber Pakhtunkhwa,29.372326,1999712.0,6808150.0,35
out_of_school_rate_male,province,PB,Punjab,26.168136,4772207.0,18236710.0,36
out_of_school_rate_male,province,SD,Sindh,42.224066,3729504.0,8832650.0,30
out_of_school_rate_male,map_unit,sd_karachi,Karachi (7 districts),32.056575,945743.0,2950231.0,7
out_of_school_rate_male,district,ba_awaran,Awaran,50.339459,16683.0,33141.0,1
out_of_school_rate_male,district,ba_barkhan,Barkhan,42.423318,18077.0,42611.0,1
out_of_school_rate_male,district,ba_chagai,Chagai,64.536729,33956.0,52615.0,1
out_of_school_rate_male,district,ba_chaman,Chaman,56.601471,58428.0,103227.0,1
out_of_school_rate_male,district,ba_dera_bugti,Dera Bugti,66.316628,51595.0,77801.0,1
out_of_school_rate_male,district,ba_duki,Duki,59.201485,20418.0,34489.0,1
out_of_school_rate_male,district,ba_gwadar,Gwadar,29.973223,16119.0,53778.0,1
out_of_school_rate_male,district,ba_harnai,Harnai,65.032253,15929.0,24494.0,1
out_of_school_rate_male,district,ba_jaffarabad,Jaffarabad,58.727308,64408.0,109673.0,1
out_of_school_rate_male,district,ba_jhal_magsi,Jhal Magsi,58.835881,22976.0,39051.0,1
out_of_school_rate_male,district,ba_kachhi,Kachhi,73.204756,72838.0,99499.0,1
out_of_school_rate_male,district,ba_kalat,Kalat,40.272199,21157.0,52535.0,1
out_of_school_rate_male,district,ba_kech,Kech,40.233606,64379.0,160013.0,1
out_of_school_rate_male,district,ba_kharan,Kharan,56.946518,31656.0,55589.0,1
out_of_school_rate_male,district,ba_khuzdar,Khuzdar,60.410341,122752.0,203197.0,1
out_of_school_rate_male,district,ba_killa_abdullah,Killa Abdullah,69.668359,44199.0,63442.0,1
out_of_school_rate_male,district,ba_killa_saifullah,Killa Saifullah,49.710145,36358.0,73140.0,1
out_of_school_rate_male,district,ba_kohlu,Kohlu,71.603101,36572.0,51076.0,1
out_of_school_rate_male,district,ba_lasbela,Lasbela,52.016618,59223.0,113854.0,1
out_of_school_rate_male,district,ba_loralai,Loralai,34.624447,17780.0,51351.0,1
out_of_school_rate_male,district,ba_mastung,Mastung,46.416141,27606.0,59475.0,1
out_of_school_rate_male,district,ba_musakhel,Musakhel,46.23937,17509.0,37866.0,1
out_of_school_rate_male,district,ba_nasirabad,Nasirabad,68.384462,73183.0,107017.0,1
out_of_school_rate_male,district,ba_nushki,Nushki,40.574684,14742.0,36333.0,1
out_of_school_rate_male,district,ba_panjgur,Panjgur,62.069571,45983.0,74083.0,1
out_of_school_rate_male,district,ba_pishin,Pishin,51.697296,77106.0,149149.0,1
out_of_school_rate_male,district,ba_quetta,Quetta,32.651647,123482.0,378180.0,1
out_of_school_rate_male,district,ba_sherani,Sherani,72.449615,30268.0,41778.0,1
out_of_school_rate_male,district,ba_sibi,Sibi,59.535924,23169.0,38916.0,1
out_of_school_rate_male,district,ba_sohbatpur,Sohbatpur,48.274868,21771.0,45098.0,1
out_of_school_rate_male,district,ba_surab,Surab,63.740879,32933.0,51667.0,1
out_of_school_rate_male,district,ba_washuk,Washuk,67.46286,44230.0,65562.0,1
out_of_school_rate_male,district,ba_zhob,Zhob,49.013633,36995.0,75479.0,1
out_of_school_rate_male,district,ba_ziarat,Ziarat,57.490248,20781.0,36147.0,1
out_of_school_rate_male,district,is_islamabad,Islamabad,15.29108,47849.0,312921.0,1
out_of_school_rate_male,district,kp_abbottabad,Abbottabad,10.79672,20895.0,193531.0,1
out_of_school_rate_male,district,kp_bajaur,Bajaur,48.702086,113677.0,233413.0,1
out_of_school_rate_male,district,kp_bannu,Bannu,37.704109,90954.0,241231.0,1
out_of_school_rate_male,district,kp_batagram,Batagram,33.872734,33722.0,99555.0,1
out_of_school_rate_male,district,kp_buner,Buner,25.000283,44193.0,176770.0,1
out_of_school_rate_male,district,kp_charsadda,Charsadda,24.127095,72168.0,299116.0,1
out_of_school_rate_male,district,kp_dera_ismail_khan,Dera Ismail Khan,38.244399,120201.0,314297.0,1
out_of_school_rate_male,district,kp_hangu,Hangu,28.092947,26102.0,92913.0,1
out_of_school_rate_male,district,kp_haripur,Haripur,11.95507,19690.0,164700.0,1
out_of_school_rate_male,district,kp_karak,Karak,20.584218,26827.0,130328.0,1
out_of_school_rate_male,district,kp_khyber,Khyber,36.073784,80749.0,223844.0,1
out_of_school_rate_male,district,kp_kohat,Kohat,19.44443,38527.0,198139.0,1
out_of_school_rate_male,district,kp_kolai_palas_kohistan,Kolai Palas Kohistan,79.614248,39874.0,50084.0,1
out_of_school_rate_male,district,kp_kurram,Kurram,45.061053,65024.0,144302.0,1
out_of_school_rate_male,district,kp_lakki_marwat,Lakki Marwat,30.453893,50925.0,167220.0,1
out_of_school_rate_male,district,kp_lower_chitral,Lower Chitral,17.467417,7693.0,44042.0,1
out_of_school_rate_male,district,kp_lower_dir,Lower Dir,20.949921,59463.0,283834.0,1
out_of_school_rate_male,district,kp_lower_kohistan,Lower Kohistan,70.993685,41931.0,59063.0,1
out_of_school_rate_male,district,kp_malakand,Malakand,18.59673,25169.0,135341.0,1
out_of_school_rate_male,district,kp_mansehra,Mansehra,14.663668,41070.0,280080.0,1
out_of_school_rate_male,district,kp_mardan,Mardan,22.213133,97752.0,440064.0,1
out_of_school_rate_male,district,kp_mohmand,Mohmand,46.555798,46695.0,100299.0,1
out_of_school_rate_male,district,kp_north_waziristan,North Waziristan,54.207406,67028.0,123651.0,1
out_of_school_rate_male,district,kp_nowshera,Nowshera,20.250432,54501.0,269135.0,1
out_of_school_rate_male,district,kp_orakzai,Orakzai,38.48725,28556.0,74196.0,1
out_of_school_rate_male,district,kp_peshawar,Peshawar,26.318509,200142.0,760461.0,1
out_of_school_rate_male,district,kp_shangla,Shangla,41.215884,68711.0,166710.0,1
out_of_school_rate_male,district,kp_south_waziristan,South Waziristan,59.87499,93781.0,156628.0,1
out_of_school_rate_male,district,kp_swabi,Swabi,18.983993,56761.0,298994.0,1
out_of_school_rate_male,district,kp_swat,Swat,24.283342,114918.0,473238.0,1
out_of_school_rate_male,district,kp_tank,Tank,37.314692,31413.0,84184.0,1
out_of_school_rate_male,district,kp_torghar,Torghar,38.525588,13927.0,36150.0,1
out_of_school_rate_male,district,kp_upper_chitral,Upper Chitral,8.966343,2022.0,22551.0,1
out_of_school_rate_male,district,kp_upper_dir,Upper Dir,26.715949,52873.0,197908.0,1
out_of_school_rate_male,district,kp_upper_kohistan,Upper Kohistan,71.73654,51778.0,72178.0,1
out_of_school_rate_male,district,pb_attock,Attock,16.70493,45913.0,274847.0,1
out_of_school_rate_male,district,pb_bahawalnagar,Bahawalnagar,31.34318,180401.0,575567.0,1
out_of_school_rate_male,district,pb_bahawalpur,Bahawalpur,37.429721,240398.0,642265.0,1
out_of_school_rate_male,district,pb_bhakkar,Bhakkar,25.583199,71909.0,281079.0,1
out_of_school_rate_male,district,pb_chakwal,Chakwal,13.766921,29228.0,212306.0,1
out_of_school_rate_male,district,pb_chiniot,Chiniot,25.090266,57329.0,228491.0,1
out_of_school_rate_male,district,pb_dera_ghazi_khan,Dera Ghazi Khan,41.609048,232228.0,558119.0,1
out_of_school_rate_male,district,pb_faisalabad,Faisalabad,19.703381,246881.0,1252988.0,1
out_of_school_rate_male,district,pb_gujranwala,Gujranwala,22.115481,179171.0,810161.0,1
out_of_school_rate_male,district,pb_gujrat,Gujrat,16.654025,67627.0,406070.0,1
out_of_school_rate_male,district,pb_hafizabad,Hafizabad,23.068884,41942.0,181812.0,1
out_of_school_rate_male,district,pb_jhang,Jhang,24.68337,116272.0,471054.0,1
out_of_school_rate_male,district,pb_jhelum,Jhelum,12.49773,21335.0,170711.0,1
out_of_school_rate_male,district,pb_kasur,Kasur,24.017049,140530.0,585126.0,1
out_of_school_rate_male,district,pb_khanewal,Khanewal,26.042726,132096.0,507228.0,1
out_of_school_rate_male,district,pb_khushab,Khushab,19.674992,39228.0,199380.0,1
out_of_school_rate_male,district,pb_lahore,Lahore,22.312001,390124.0,1748494.0,1
out_of_school_rate_male,district,pb_layyah,Layyah,21.149006,67474.0,319041.0,1
out_of_school_rate_male,district,pb_lodhran,Lodhran,35.805833,108815.0,303903.0,1
out_of_school_rate_male,district,pb_mandi_bahauddin,Mandi Bahauddin,23.457243,58793.0,250639.0,1
out_of_school_rate_male,district,pb_mianwali,Mianwali,20.933646,52484.0,250716.0,1
out_of_school_rate_male,district,pb_multan,Multan,29.140835,224165.0,769247.0,1
out_of_school_rate_male,district,pb_muzaffargarh,Muzaffargarh,40.422719,330195.0,816855.0,1
out_of_school_rate_male,district,pb_nankana_sahib,Nankana Sahib,22.781025,53401.0,234410.0,1
out_of_school_rate_male,district,pb_narowal,Narowal,15.543018,43446.0,279521.0,1
out_of_school_rate_male,district,pb_okara,Okara,26.03441,131165.0,503814.0,1
out_of_school_rate_male,district,pb_pakpattan,Pakpattan,27.33234,84572.0,309421.0,1
out_of_school_rate_male,district,pb_rahim_yar_khan,Rahim Yar Khan,43.9377,397257.0,904137.0,1
out_of_school_rate_male,district,pb_rajanpur,Rajanpur,51.825568,207550.0,400478.0,1
out_of_school_rate_male,district,pb_rawalpindi,Rawalpindi,15.682826,120831.0,770467.0,1
out_of_school_rate_male,district,pb_sahiwal,Sahiwal,24.32178,96368.0,396221.0,1
out_of_school_rate_male,district,pb_sargodha,Sargodha,19.66234,115053.0,585144.0,1
out_of_school_rate_male,district,pb_sheikhupura,Sheikhupura,23.922097,135850.0,567885.0,1
out_of_school_rate_male,district,pb_sialkot,Sialkot,13.976017,87658.0,627203.0,1
out_of_school_rate_male,district,pb_toba_tek_singh,Toba Tek Singh,21.270513,75438.0,354660.0,1
out_of_school_rate_male,district,pb_vehari,Vehari,30.596203,149080.0,487250.0,1
out_of_school_rate_male,district,sd_badin,Badin,53.380365,176681.0,330985.0,1
out_of_school_rate_male,district,sd_dadu,Dadu,42.988603,123002.0,286127.0,1
out_of_school_rate_male,district,sd_ghotki,Ghotki,44.393639,135342.0,304868.0,1
out_of_school_rate_male,district,sd_hyderabad,Hyderabad,32.620482,110710.0,339388.0,1
out_of_school_rate_male,district,sd_jacobabad,Jacobabad,54.530261,115825.0,212405.0,1
out_of_school_rate_male,district,sd_jamshoro,Jamshoro,47.809999,85021.0,177831.0,1
out_of_school_rate_male,district,sd_kambar_shahdad_kot,Kambar Shahdad Kot,50.283145,135855.0,270180.0,1
out_of_school_rate_male,district,sd_karachi_central,Karachi Central,23.823436,124188.0,521285.0,1
out_of_school_rate_male,district,sd_karachi_east,Karachi East,29.79264,166377.0,558450.0,1
out_of_school_rate_male,district,sd_karachi_south,Karachi South,24.505682,77287.0,315384.0,1
out_of_school_rate_male,district,sd_karachi_west,Karachi West,37.482539,150805.0,402334.0,1
out_of_school_rate_male,district,sd_kashmore,Kashmore,64.098462,143428.0,223762.0,1
out_of_school_rate_male,district,sd_keamari,Keamari,39.706063,125817.0,316871.0,1
out_of_school_rate_male,district,sd_khairpur,Khairpur,37.22292,156825.0,421313.0,1
out_of_school_rate_male,district,sd_korangi,Korangi,32.267038,153120.0,474540.0,1
out_of_school_rate_male,district,sd_larkana,Larkana,39.158068,118172.0,301782.0,1
out_of_school_rate_male,district,sd_malir,Malir,40.996826,148149.0,361367.0,1
out_of_school_rate_male,district,sd_matiari,Matiari,45.074183,59424.0,131836.0,1
out_of_school_rate_male,district,sd_mirpur_khas,Mirpur Khas,42.95982,120498.0,280490.0,1
out_of_school_rate_male,district,sd_naushahro_feroze,Naushahro Feroze,35.927305,99496.0,276937.0,1
out_of_school_rate_male,district,sd_sanghar,Sanghar,49.671268,186759.0,375990.0,1
out_of_school_rate_male,district,sd_shaheed_benazirabad,Shaheed Benazirabad,38.111958,111152.0,291646.0,1
out_of_school_rate_male,district,sd_shikarpur,Shikarpur,58.796499,146124.0,248525.0,1
out_of_school_rate_male,district,sd_sujawal,Sujawal,68.870969,102230.0,148437.0,1
out_of_school_rate_male,district,sd_sukkur,Sukkur,40.037661,112901.0,281987.0,1
out_of_school_rate_male,district,sd_tando_allahyar,Tando Allahyar,54.70305,79867.0,146001.0,1
out_of_school_rate_male,district,sd_tando_muhammad_khan,Tando Muhammad Khan,56.648378,68246.0,120473.0,1
out_of_school_rate_male,district,sd_tharparkar,Tharparkar,52.416081,169251.0,322899.0,1
out_of_school_rate_male,district,sd_thatta,Thatta,72.999745,131620.0,180302.0,1
out_of_school_rate_male,district,sd_umer_kot,Umer Kot,45.776572,95332.0,208255.0,1
disability_rate,national,PK,Pakistan,3.09766,7448574.0,240458089.0,136
disability_rate,province,BA,Balochistan,2.096956,305359.0,14562011.0,34
disability_rate,province,IS,Islamabad Capital Territory,3.198169,73022.0,2283244.0,1
disability_rate,province,KP,Khyber Pakhtunkhwa,3.162494,1285273.0,40641120.0,35
disability_rate,province,PB,Punjab,3.523853,4487038.0,127333305.0,36
disability_rate,province,SD,Sindh,2.332709,1297882.0,55638409.0,30
disability_rate,map_unit,sd_karachi,Karachi (7 districts),2.546254,518353.0,20357474.0,7
disability_rate,district,ba_awaran,Awaran,3.243778,5805.0,178958.0,1
disability_rate,district,ba_barkhan,Barkhan,2.112733,4442.0,210249.0,1
disability_rate,district,ba_chagai,Chagai,1.660394,4460.0,268611.0,1
disability_rate,district,ba_chaman,Chaman,1.978259,9223.0,466218.0,1
disability_rate,district,ba_dera_bugti,Dera Bugti,0.504681,1793.0,355274.0,1
disability_rate,district,ba_duki,Duki,0.626207,1284.0,205044.0,1
disability_rate,district,ba_gwadar,Gwadar,3.07135,9301.0,302831.0,1
disability_rate,district,ba_harnai,Harnai,2.480971,3165.0,127571.0,1
disability_rate,district,ba_jaffarabad,Jaffarabad,1.830604,10884.0,594558.0,1
disability_rate,district,ba_jhal_magsi,Jhal Magsi,2.376972,4834.0,203368.0,1
disability_rate,district,ba_kachhi,Kachhi,2.177449,9639.0,442674.0,1
disability_rate,district,ba_kalat,Kalat,2.134335,5796.0,271560.0,1
disability_rate,district,ba_kech,Kech,2.017413,21401.0,1060814.0,1
disability_rate,district,ba_kharan,Kharan,1.107731,2884.0,260352.0,1
disability_rate,district,ba_khuzdar,Khuzdar,3.209542,32006.0,997214.0,1
disability_rate,district,ba_killa_abdullah,Killa Abdullah,1.656486,5996.0,361971.0,1
disability_rate,district,ba_killa_saifullah,Killa Saifullah,2.092583,7956.0,380200.0,1
disability_rate,district,ba_kohlu,Kohlu,3.718392,9676.0,260220.0,1
disability_rate,district,ba_lasbela,Lasbela,1.260693,8583.0,680816.0,1
disability_rate,district,ba_loralai,Loralai,1.930845,5201.0,269364.0,1
disability_rate,district,ba_mastung,Mastung,1.572454,4912.0,312378.0,1
disability_rate,district,ba_musakhel,Musakhel,2.431491,4432.0,182275.0,1
disability_rate,district,ba_nasirabad,Nasirabad,0.962161,5420.0,563315.0,1
disability_rate,district,ba_nushki,Nushki,0.976834,2024.0,207200.0,1
disability_rate,district,ba_panjgur,Panjgur,2.912819,14849.0,509781.0,1
disability_rate,district,ba_pishin,Pishin,1.854259,15492.0,835482.0,1
disability_rate,district,ba_quetta,Quetta,2.498316,56744.0,2271290.0,1
disability_rate,district,ba_sherani,Sherani,1.057009,2026.0,191673.0,1
disability_rate,district,ba_sibi,Sibi,2.925745,6558.0,224148.0,1
disability_rate,district,ba_sohbatpur,Sohbatpur,2.035768,4888.0,240106.0,1
disability_rate,district,ba_surab,Surab,1.818032,5073.0,279038.0,1
disability_rate,district,ba_washuk,Washuk,1.976737,5977.0,302367.0,1
disability_rate,district,ba_zhob,Zhob,2.197122,7812.0,355556.0,1
disability_rate,district,ba_ziarat,Ziarat,2.544649,4823.0,189535.0,1
disability_rate,district,is_islamabad,Islamabad,3.198169,73022.0,2283244.0,1
disability_rate,district,kp_abbottabad,Abbottabad,4.211545,58860.0,1397587.0,1
disability_rate,district,kp_bajaur,Bajaur,3.224346,41372.0,1283113.0,1
disability_rate,district,kp_bannu,Bannu,3.728646,50511.0,1354674.0,1
disability_rate,district,kp_batagram,Batagram,2.874468,15904.0,553285.0,1
disability_rate,district,kp_buner,Buner,3.823448,38872.0,1016674.0,1
disability_rate,district,kp_charsadda,Charsadda,3.36411,61736.0,1835136.0,1
disability_rate,district,kp_dera_ismail_khan,Dera Ismail Khan,2.59628,47328.0,1822916.0,1
disability_rate,district,kp_hangu,Hangu,3.917256,20590.0,525623.0,1
disability_rate,district,kp_haripur,Haripur,4.734301,55536.0,1173056.0,1
disability_rate,district,kp_karak,Karak,3.676747,29971.0,815150.0,1
disability_rate,district,kp_khyber,Khyber,1.65308,18944.0,1145982.0,1
disability_rate,district,kp_kohat,Kohat,4.460954,55074.0,1234579.0,1
disability_rate,district,kp_kolai_palas_kohistan,Kolai Palas Kohistan,1.752237,4148.0,236726.0,1
disability_rate,district,kp_kurram,Kurram,3.112674,24448.0,785434.0,1
disability_rate,district,kp_lakki_marwat,Lakki Marwat,2.761845,28621.0,1036300.0,1
disability_rate,district,kp_lower_chitral,Lower Chitral,3.476687,11064.0,318234.0,1
disability_rate,district,kp_lower_dir,Lower Dir,2.433126,40113.0,1648620.0,1
disability_rate,district,kp_lower_kohistan,Lower Kohistan,2.687064,8150.0,303305.0,1
disability_rate,district,kp_malakand,Malakand,3.519846,29052.0,825377.0,1
disability_rate,district,kp_mansehra,Mansehra,3.263311,58401.0,1789624.0,1
disability_rate,district,kp_mardan,Mardan,3.605805,98824.0,2740692.0,1
disability_rate,district,kp_mohmand,Mohmand,4.385007,24290.0,553933.0,1
disability_rate,district,kp_north_waziristan,North Waziristan,2.194371,15210.0,693137.0,1
disability_rate,district,kp_nowshera,Nowshera,3.223216,55945.0,1735689.0,1
disability_rate,district,kp_orakzai,Orakzai,1.606973,6228.0,387561.0,1
disability_rate,district,kp_peshawar,Peshawar,2.90231,137871.0,4750388.0,1
disability_rate,district,kp_shangla,Shangla,3.800545,33857.0,890846.0,1
disability_rate,district,kp_south_waziristan,South Waziristan,2.279574,20258.0,888675.0,1
disability_rate,district,kp_swabi,Swabi,2.602805,49199.0,1890230.0,1
disability_rate,district,kp_swat,Swat,2.33735,62783.0,2686076.0,1
disability_rate,district,kp_tank,Tank,2.471225,11622.0,470293.0,1
disability_rate,district,kp_torghar,Torghar,3.468782,6953.0,200445.0,1
disability_rate,district,kp_upper_chitral,Upper Chitral,2.688549,5247.0,195161.0,1
disability_rate,district,kp_upper_dir,Upper Dir,4.445795,48122.0,1082416.0,1
disability_rate,district,kp_upper_kohistan,Upper Kohistan,2.717654,10169.0,374183.0,1
disability_rate,district,pb_attock,Attock,4.309038,91912.0,2133005.0,1
disability_rate,district,pb_bahawalnagar,Bahawalnagar,4.187947,148459.0,3544911.0,1
disability_rate,district,pb_bahawalpur,Bahawalpur,3.685839,157181.0,4264457.0,1
disability_rate,district,pb_bhakkar,Bhakkar,4.813561,94200.0,1956971.0,1
disability_rate,district,pb_chakwal,Chakwal,4.991196,86432.0,1731689.0,1
disability_rate,district,pb_chiniot,Chiniot,3.818176,59679.0,1563024.0,1
disability_rate,district,pb_dera_ghazi_khan,Dera Ghazi Khan,3.46846,117462.0,3386575.0,1
disability_rate,district,pb_faisalabad,Faisalabad,3.591605,325590.0,9065306.0,1
disability_rate,district,pb_gujranwala,Gujranwala,2.963163,176017.0,5940173.0,1
disability_rate,district,pb_gujrat,Gujrat,3.675995,118220.0,3216000.0,1
disability_rate,district,pb_hafizabad,Hafizabad,3.082027,40672.0,1319651.0,1
disability_rate,district,pb_jhang,Jhang,4.337236,132964.0,3065639.0,1
disability_rate,district,pb_jhelum,Jhelum,4.926894,67316.0,1366297.0,1
disability_rate,district,pb_kasur,Kasur,2.661257,108621.0,4081568.0,1
disability_rate,district,pb_khanewal,Khanewal,3.541009,119105.0,3363589.0,1
disability_rate,district,pb_khushab,Khushab,4.155887,62373.0,1500835.0,1
disability_rate,district,pb_lahore,Lahore,3.110544,403707.0,12978661.0,1
disability_rate,district,pb_layyah,Layyah,4.352202,91499.0,2102361.0,1
disability_rate,district,pb_lodhran,Lodhran,2.222433,42812.0,1926357.0,1
disability_rate,district,pb_mandi_bahauddin,Mandi Bahauddin,3.994693,73069.0,1829152.0,1
disability_rate,district,pb_mianwali,Mianwali,5.224966,93835.0,1795897.0,1
disability_rate,district,pb_multan,Multan,2.829652,151125.0,5340762.0,1
disability_rate,district,pb_muzaffargarh,Muzaffargarh,3.560167,178440.0,5012124.0,1
disability_rate,district,pb_nankana_sahib,Nankana Sahib,2.27388,37175.0,1634871.0,1
disability_rate,district,pb_narowal,Narowal,3.067457,59839.0,1950769.0,1
disability_rate,district,pb_okara,Okara,2.492086,87309.0,3503451.0,1
disability_rate,district,pb_pakpattan,Pakpattan,3.160836,67500.0,2135511.0,1
disability_rate,district,pb_rahim_yar_khan,Rahim Yar Khan,3.778184,210132.0,5561720.0,1
disability_rate,district,pb_rajanpur,Rajanpur,3.613973,83988.0,2323980.0,1
disability_rate,district,pb_rawalpindi,Rawalpindi,4.422947,267966.0,6058540.0,1
disability_rate,district,pb_sahiwal,Sahiwal,3.898271,112197.0,2878122.0,1
disability_rate,district,pb_sargodha,Sargodha,4.68021,202525.0,4327263.0,1
disability_rate,district,pb_sheikhupura,Sheikhupura,2.655075,107514.0,4049377.0,1
disability_rate,district,pb_sialkot,Sialkot,2.878169,128725.0,4472462.0,1
disability_rate,district,pb_toba_tek_singh,Toba Tek Singh,4.013044,101291.0,2524044.0,1
disability_rate,district,pb_vehari,Vehari,2.339047,80187.0,3428191.0,1
disability_rate,district,sd_badin,Badin,2.028048,39454.0,1945417.0,1
disability_rate,district,sd_dadu,Dadu,1.698667,29596.0,1742307.0,1
disability_rate,district,sd_ghotki,Ghotki,1.911844,33663.0,1760761.0,1
disability_rate,district,sd_hyderabad,Hyderabad,2.903303,70624.0,2432540.0,1
disability_rate,district,sd_jacobabad,Jacobabad,2.168475,25460.0,1174097.0,1
disability_rate,district,sd_jamshoro,Jamshoro,2.17854,24339.0,1117216.0,1
disability_rate,district,sd_kambar_shahdad_kot,Kambar Shahdad Kot,1.334373,20214.0,1514869.0,1
disability_rate,district,sd_karachi_central,Karachi Central,3.074976,117476.0,3820388.0,1
disability_rate,district,sd_karachi_east,Karachi East,3.112077,121796.0,3913656.0,1
disability_rate,district,sd_karachi_south,Karachi South,2.910681,67812.0,2329764.0,1
disability_rate,district,sd_karachi_west,Karachi West,2.026812,54306.0,2679380.0,1
disability_rate,district,sd_kashmore,Kashmore,2.081029,25679.0,1233957.0,1
disability_rate,district,sd_keamari,Keamari,1.954588,40393.0,2066574.0,1
disability_rate,district,sd_khairpur,Khairpur,2.500069,64938.0,2597448.0,1
disability_rate,district,sd_korangi,Korangi,2.242664,70150.0,3127976.0,1
disability_rate,district,sd_larkana,Larkana,1.256576,22423.0,1784453.0,1
disability_rate,district,sd_malir,Malir,1.918391,46420.0,2419736.0,1
disability_rate,district,sd_matiari,Matiari,2.157765,18327.0,849351.0,1
disability_rate,district,sd_mirpur_khas,Mirpur Khas,1.85719,31219.0,1680980.0,1
disability_rate,district,sd_naushahro_feroze,Naushahro Feroze,1.838038,32652.0,1776459.0,1
disability_rate,district,sd_sanghar,Sanghar,2.141838,49430.0,2307831.0,1
disability_rate,district,sd_shaheed_benazirabad,Shaheed Benazirabad,2.686559,49557.0,1844627.0,1
disability_rate,district,sd_shikarpur,Shikarpur,2.113133,29295.0,1386330.0,1
disability_rate,district,sd_sujawal,Sujawal,2.144426,17998.0,839292.0,1
disability_rate,district,sd_sukkur,Sukkur,2.094537,34046.0,1625467.0,1
disability_rate,district,sd_tando_allahyar,Tando Allahyar,3.255923,30020.0,922012.0,1
disability_rate,district,sd_tando_muhammad_khan,Tando Muhammad Khan,2.860909,20768.0,725923.0,1
disability_rate,district,sd_tharparkar,Tharparkar,2.42891,43189.0,1778123.0,1
disability_rate,district,sd_thatta,Thatta,2.709864,29353.0,1083191.0,1
disability_rate,district,sd_umer_kot,Umer Kot,3.218986,37285.0,1158284.0,1
electricity_lighting,national,PK,Pakistan,84.034719,32179042.0,38292556.0,136
electricity_lighting,province,BA,Balochistan,57.106466,1323303.0,2317256.0,34
electricity_lighting,province,IS,Islamabad Capital Territory,96.682425,397358.0,410993.0,1
electricity_lighting,province,KP,Khyber Pakhtunkhwa,79.900561,4683337.0,5861457.0,35
electricity_lighting,province,PB,Punjab,94.951235,18838306.0,19839980.0,36
electricity_lighting,province,SD,Sindh,70.331841,6936738.0,9862870.0,30
electricity_lighting,map_unit,sd_karachi,Karachi (7 districts),97.254305,3339813.0,3434103.0,7
electricity_lighting,district,ba_awaran,Awaran,12.016117,3340.0,27796.0,1
electricity_lighting,district,ba_barkhan,Barkhan,45.933284,10589.0,23053.0,1
electricity_lighting,district,ba_chagai,Chagai,35.241933,13467.0,38213.0,1
electricity_lighting,district,ba_chaman,Chaman,67.108132,41550.0,61915.0,1
electricity_lighting,district,ba_dera_bugti,Dera Bugti,34.297461,21356.0,62267.0,1
electricity_lighting,district,ba_duki,Duki,57.061242,24570.0,43059.0,1
electricity_lighting,district,ba_gwadar,Gwadar,80.119944,40346.0,50357.0,1
electricity_lighting,district,ba_harnai,Harnai,70.432502,11546.0,16393.0,1
electricity_lighting,district,ba_jaffarabad,Jaffarabad,74.583752,60832.0,81562.0,1
electricity_lighting,district,ba_jhal_magsi,Jhal Magsi,44.961716,13917.0,30953.0,1
electricity_lighting,district,ba_kachhi,Kachhi,77.450432,38750.0,50032.0,1
electricity_lighting,district,ba_kalat,Kalat,42.056131,13921.0,33101.0,1
electricity_lighting,district,ba_kech,Kech,60.972088,154549.0,253475.0,1
electricity_lighting,district,ba_kharan,Kharan,59.649025,21380.0,35843.0,1
electricity_lighting,district,ba_khuzdar,Khuzdar,36.03035,58171.0,161450.0,1
electricity_lighting,district,ba_killa_abdullah,Killa Abdullah,26.478325,17817.0,67289.0,1
electricity_lighting,district,ba_killa_saifullah,Killa Saifullah,44.288408,31001.0,69998.0,1
electricity_lighting,district,ba_kohlu,Kohlu,18.619241,7093.0,38095.0,1
electricity_lighting,district,ba_lasbela,Lasbela,60.975948,70451.0,115539.0,1
electricity_lighting,district,ba_loralai,Loralai,54.767886,20929.0,38214.0,1
electricity_lighting,district,ba_mastung,Mastung,71.912118,31422.0,43695.0,1
electricity_lighting,district,ba_musakhel,Musakhel,24.760015,7738.0,31252.0,1
electricity_lighting,district,ba_nasirabad,Nasirabad,70.363134,61579.0,87516.0,1
electricity_lighting,district,ba_nushki,Nushki,84.680851,26467.0,31255.0,1
electricity_lighting,district,ba_panjgur,Panjgur,45.857425,53694.0,117089.0,1
electricity_lighting,district,ba_pishin,Pishin,53.470123,78700.0,147185.0,1
electricity_lighting,district,ba_quetta,Quetta,92.942151,268100.0,288459.0,1
electricity_lighting,district,ba_sherani,Sherani,2.315789,836.0,36100.0,1
electricity_lighting,district,ba_sibi,Sibi,69.925869,21884.0,31296.0,1
electricity_lighting,district,ba_sohbatpur,Sohbatpur,77.023181,25983.0,33734.0,1
electricity_lighting,district,ba_surab,Surab,47.166533,24162.0,51227.0,1
electricity_lighting,district,ba_washuk,Washuk,26.294114,12897.0,49049.0,1
electricity_lighting,district,ba_zhob,Zhob,48.984364,23464.0,47901.0,1
electricity_lighting,district,ba_ziarat,Ziarat,47.182668,10802.0,22894.0,1
electricity_lighting,district,is_islamabad,Islamabad,96.682425,397358.0,410993.0,1
electricity_lighting,district,kp_abbottabad,Abbottabad,98.972503,234356.0,236789.0,1
electricity_lighting,district,kp_bajaur,Bajaur,25.975377,47197.0,181699.0,1
electricity_lighting,district,kp_bannu,Bannu,84.626222,154976.0,183130.0,1
electricity_lighting,district,kp_batagram,Batagram,67.192213,57917.0,86196.0,1
electricity_lighting,district,kp_buner,Buner,80.360679,95360.0,118665.0,1
electricity_lighting,district,kp_charsadda,Charsadda,89.574666,236418.0,263934.0,1
electricity_lighting,district,kp_dera_ismail_khan,Dera Ismail Khan,80.870747,218368.0,270021.0,1
electricity_lighting,district,kp_hangu,Hangu,68.772486,42053.0,61148.0,1
electricity_lighting,district,kp_haripur,Haripur,97.870107,188352.0,192451.0,1
electricity_lighting,district,kp_karak,Karak,75.256518,72244.0,95997.0,1
electricity_lighting,district,kp_khyber,Khyber,32.573964,54335.0,166805.0,1
electricity_lighting,district,kp_kohat,Kohat,87.769258,148926.0,169679.0,1
electricity_lighting,district,kp_kolai_palas_kohistan,Kolai Palas Kohistan,15.807904,5372.0,33983.0,1
electricity_lighting,district,kp_kurram,Kurram,51.378136,48577.0,94548.0,1
electricity_lighting,district,kp_lakki_marwat,Lakki Marwat,77.015175,101506.0,131800.0,1
electricity_lighting,district,kp_lower_chitral,Lower Chitral,86.588598,39855.0,46028.0,1
electricity_lighting,district,kp_lower_dir,Lower Dir,93.001242,188640.0,202836.0,1
electricity_lighting,district,kp_lower_kohistan,Lower Kohistan,36.621116,17339.0,47347.0,1
electricity_lighting,district,kp_malakand,Malakand,96.826323,109528.0,113118.0,1
electricity_lighting,district,kp_mansehra,Mansehra,95.232476,280033.0,294052.0,1
electricity_lighting,district,kp_mardan,Mardan,95.727924,383734.0,400859.0,1
electricity_lighting,district,kp_mohmand,Mohmand,38.455286,24601.0,63973.0,1
electricity_lighting,district,kp_north_waziristan,North Waziristan,52.636177,52423.0,99595.0,1
electricity_lighting,district,kp_nowshera,Nowshera,93.923179,243988.0,259774.0,1
electricity_lighting,district,kp_orakzai,Orakzai,28.723323,14966.0,52104.0,1
electricity_lighting,district,kp_peshawar,Peshawar,91.761364,634049.0,690976.0,1
electricity_lighting,district,kp_shangla,Shangla,74.519675,93552.0,125540.0,1
electricity_lighting,district,kp_south_waziristan,South Waziristan,30.888511,55178.0,178636.0,1
electricity_lighting,district,kp_swabi,Swabi,94.712448,264225.0,278976.0,1
electricity_lighting,district,kp_swat,Swat,94.559195,360471.0,381212.0,1
electricity_lighting,district,kp_tank,Tank,68.693224,48472.0,70563.0,1
electricity_lighting,district,kp_torghar,Torghar,31.621897,9300.0,29410.0,1
electricity_lighting,district,kp_upper_chitral,Upper Chitral,86.694481,22857.0,26365.0,1
electricity_lighting,district,kp_upper_dir,Upper Dir,80.814653,120847.0,149536.0,1
electricity_lighting,district,kp_upper_kohistan,Upper Kohistan,20.909719,13322.0,63712.0,1
electricity_lighting,district,pb_attock,Attock,96.064672,340043.0,353973.0,1
electricity_lighting,district,pb_bahawalnagar,Bahawalnagar,92.892421,517983.0,557616.0,1
electricity_lighting,district,pb_bahawalpur,Bahawalpur,93.123039,627125.0,673437.0,1
electricity_lighting,district,pb_bhakkar,Bhakkar,88.641318,277723.0,313311.0,1
electricity_lighting,district,pb_chakwal,Chakwal,96.981007,280118.0,288838.0,1
electricity_lighting,district,pb_chiniot,Chiniot,94.237204,241660.0,256438.0,1
electricity_lighting,district,pb_dera_ghazi_khan,Dera Ghazi Khan,80.74765,366969.0,454464.0,1
electricity_lighting,district,pb_faisalabad,Faisalabad,97.91354,1353922.0,1382773.0,1
electricity_lighting,district,pb_gujranwala,Gujranwala,98.535288,836739.0,849177.0,1
electricity_lighting,district,pb_gujrat,Gujrat,98.522899,482109.0,489337.0,1
electricity_lighting,district,pb_hafizabad,Hafizabad,98.117197,193493.0,197206.0,1
electricity_lighting,district,pb_jhang,Jhang,92.441245,454810.0,491999.0,1
electricity_lighting,district,pb_jhelum,Jhelum,98.039849,224574.0,229064.0,1
electricity_lighting,district,pb_kasur,Kasur,98.080761,632923.0,645308.0,1
electricity_lighting,district,pb_khanewal,Khanewal,96.032277,505318.0,526196.0,1
electricity_lighting,district,pb_khushab,Khushab,89.112137,221269.0,248304.0,1
electricity_lighting,district,pb_lahore,Lahore,98.101009,1972051.0,2010225.0,1
electricity_lighting,district,pb_layyah,Layyah,85.455441,291515.0,341131.0,1
electricity_lighting,district,pb_lodhran,Lodhran,95.500608,309294.0,323866.0,1
electricity_lighting,district,pb_mandi_bahauddin,Mandi Bahauddin,98.048177,280407.0,285989.0,1
electricity_lighting,district,pb_mianwali,Mianwali,91.415912,270901.0,296339.0,1
electricity_lighting,district,pb_multan,Multan,97.467599,863945.0,886392.0,1
electricity_lighting,district,pb_muzaffargarh,Muzaffargarh,91.089556,732759.0,804438.0,1
electricity_lighting,district,pb_nankana_sahib,Nankana Sahib,98.068482,242186.0,246956.0,1
electricity_lighting,district,pb_narowal,Narowal,98.790918,278132.0,281536.0,1
electricity_lighting,district,pb_okara,Okara,97.334117,535069.0,549724.0,1
electricity_lighting,district,pb_pakpattan,Pakpattan,96.685203,333125.0,344546.0,1
electricity_lighting,district,pb_rahim_yar_khan,Rahim Yar Khan,90.431372,747815.0,826942.0,1
electricity_lighting,district,pb_rajanpur,Rajanpur,57.401078,203209.0,354016.0,1
electricity_lighting,district,pb_rawalpindi,Rawalpindi,98.431363,982345.0,998000.0,1
electricity_lighting,district,pb_sahiwal,Sahiwal,96.4172,430605.0,446606.0,1
electricity_lighting,district,pb_sargodha,Sargodha,96.151806,657987.0,684321.0,1
electricity_lighting,district,pb_sheikhupura,Sheikhupura,98.343728,583434.0,593260.0,1
electricity_lighting,district,pb_sialkot,Sialkot,98.507865,661303.0,671320.0,1
electricity_lighting,district,pb_toba_tek_singh,Toba Tek Singh,96.639468,380659.0,393896.0,1
electricity_lighting,district,pb_vehari,Vehari,96.639449,524787.0,543036.0,1
electricity_lighting,district,sd_badin,Badin,40.071929,159443.0,397892.0,1
electricity_lighting,district,sd_dadu,Dadu,61.908063,210779.0,340471.0,1
electricity_lighting,district,sd_ghotki,Ghotki,45.648339,151117.0,331046.0,1
electricity_lighting,district,sd_hyderabad,Hyderabad,91.095314,408281.0,448191.0,1
electricity_lighting,district,sd_jacobabad,Jacobabad,51.664137,100774.0,195056.0,1
electricity_lighting,district,sd_jamshoro,Jamshoro,64.185711,137032.0,213493.0,1
electricity_lighting,district,sd_kambar_shahdad_kot,Kambar Shahdad Kot,43.117065,115361.0,267553.0,1
electricity_lighting,district,sd_karachi_central,Karachi Central,99.120485,645540.0,651268.0,1
electricity_lighting,district,sd_karachi_east,Karachi East,97.817677,644999.0,659389.0,1
electricity_lighting,district,sd_karachi_south,Karachi South,98.81226,420044.0,425093.0,1
electricity_lighting,district,sd_karachi_west,Karachi West,95.947981,445924.0,464756.0,1
electricity_lighting,district,sd_kashmore,Kashmore,43.950999,91811.0,208894.0,1
electricity_lighting,district,sd_keamari,Keamari,97.621278,311530.0,319121.0,1
electricity_lighting,district,sd_khairpur,Khairpur,52.607186,237916.0,452250.0,1
electricity_lighting,district,sd_korangi,Korangi,98.968462,487964.0,493050.0,1
electricity_lighting,district,sd_larkana,Larkana,68.814847,221259.0,321528.0,1
electricity_lighting,district,sd_malir,Malir,91.07459,383812.0,421426.0,1
electricity_lighting,district,sd_matiari,Matiari,69.475524,110093.0,158463.0,1
electricity_lighting,district,sd_mirpur_khas,Mirpur Khas,57.38819,179617.0,312986.0,1
electricity_lighting,district,sd_naushahro_feroze,Naushahro Feroze,69.020665,220706.0,319768.0,1
electricity_lighting,district,sd_sanghar,Sanghar,51.247245,208544.0,406937.0,1
electricity_lighting,district,sd_shaheed_benazirabad,Shaheed Benazirabad,67.595318,226009.0,334356.0,1
electricity_lighting,district,sd_shikarpur,Shikarpur,71.298831,153167.0,214824.0,1
electricity_lighting,district,sd_sujawal,Sujawal,31.129842,49451.0,158854.0,1
electricity_lighting,district,sd_sukkur,Sukkur,68.651615,184390.0,268588.0,1
electricity_lighting,district,sd_tando_allahyar,Tando Allahyar,69.02987,122508.0,177471.0,1
electricity_lighting,district,sd_tando_muhammad_khan,Tando Muhammad Khan,39.648674,57014.0,143798.0,1
electricity_lighting,district,sd_tharparkar,Tharparkar,19.409068,63581.0,327584.0,1
electricity_lighting,district,sd_thatta,Thatta,44.78909,92356.0,206202.0,1
electricity_lighting,district,sd_umer_kot,Umer Kot,43.006443,95716.0,222562.0,1
solar_lighting,national,PK,Pakistan,7.735582,2962152.0,38292556.0,136
solar_lighting,province,BA,Balochistan,26.396954,611685.0,2317256.0,34
solar_lighting,province,IS,Islamabad Capital Territory,2.203201,9055.0,410993.0,1
solar_lighting,province,KP,Khyber Pakhtunkhwa,13.064619,765777.0,5861457.0,35
solar_lighting,province,PB,Punjab,1.690319,335359.0,19839980.0,36
solar_lighting,province,SD,Sindh,12.575204,1240276.0,9862870.0,30
solar_lighting,map_unit,sd_karachi,Karachi (7 districts),1.460935,50170.0,3434103.0,7
solar_lighting,district,ba_awaran,Awaran,61.861419,17195.0,27796.0,1
solar_lighting,district,ba_barkhan,Barkhan,39.109877,9016.0,23053.0,1
solar_lighting,district,ba_chagai,Chagai,53.233193,20342.0,38213.0,1
solar_lighting,district,ba_chaman,Chaman,20.89962,12940.0,61915.0,1
solar_lighting,district,ba_dera_bugti,Dera Bugti,13.209244,8225.0,62267.0,1
solar_lighting,district,ba_duki,Duki,32.599457,14037.0,43059.0,1
solar_lighting,district,ba_gwadar,Gwadar,11.507834,5795.0,50357.0,1
solar_lighting,district,ba_harnai,Harnai,14.317087,2347.0,16393.0,1
solar_lighting,district,ba_jaffarabad,Jaffarabad,9.530173,7773.0,81562.0,1
solar_lighting,district,ba_jhal_magsi,Jhal Magsi,32.09382,9934.0,30953.0,1
solar_lighting,district,ba_kachhi,Kachhi,11.178846,5593.0,50032.0,1
solar_lighting,district,ba_kalat,Kalat,37.213377,12318.0,33101.0,1
solar_lighting,district,ba_kech,Kech,18.118158,45925.0,253475.0,1
solar_lighting,district,ba_kharan,Kharan,23.954468,8586.0,35843.0,1
solar_lighting,district,ba_khuzdar,Khuzdar,42.934035,69317.0,161450.0,1
solar_lighting,district,ba_killa_abdullah,Killa Abdullah,60.411063,40650.0,67289.0,1
solar_lighting,district,ba_killa_saifullah,Killa Saifullah,44.069831,30848.0,69998.0,1
solar_lighting,district,ba_kohlu,Kohlu,19.327996,7363.0,38095.0,1
solar_lighting,district,ba_lasbela,Lasbela,19.479137,22506.0,115539.0,1
solar_lighting,district,ba_loralai,Loralai,36.217093,13840.0,38214.0,1
solar_lighting,district,ba_mastung,Mastung,14.576038,6369.0,43695.0,1
solar_lighting,district,ba_musakhel,Musakhel,45.725074,14290.0,31252.0,1
solar_lighting,district,ba_nasirabad,Nasirabad,14.159697,12392.0,87516.0,1
solar_lighting,district,ba_nushki,Nushki,10.110382,3160.0,31255.0,1
solar_lighting,district,ba_panjgur,Panjgur,22.960312,26884.0,117089.0,1
solar_lighting,district,ba_pishin,Pishin,40.243231,59232.0,147185.0,1
solar_lighting,district,ba_quetta,Quetta,4.459213,12863.0,288459.0,1
solar_lighting,district,ba_sherani,Sherani,85.844875,30990.0,36100.0,1
solar_lighting,district,ba_sibi,Sibi,20.296524,6352.0,31296.0,1
solar_lighting,district,ba_sohbatpur,Sohbatpur,9.494872,3203.0,33734.0,1
solar_lighting,district,ba_surab,Surab,42.674761,21861.0,51227.0,1
solar_lighting,district,ba_washuk,Washuk,40.763318,19994.0,49049.0,1
solar_lighting,district,ba_zhob,Zhob,40.663034,19478.0,47901.0,1
solar_lighting,district,ba_ziarat,Ziarat,43.97222,10067.0,22894.0,1
solar_lighting,district,is_islamabad,Islamabad,2.203201,9055.0,410993.0,1
solar_lighting,district,kp_abbottabad,Abbottabad,0.491999,1165.0,236789.0,1
solar_lighting,district,kp_bajaur,Bajaur,53.475253,97164.0,181699.0,1
solar_lighting,district,kp_bannu,Bannu,11.063179,20260.0,183130.0,1
solar_lighting,district,kp_batagram,Batagram,11.042276,9518.0,86196.0,1
solar_lighting,district,kp_buner,Buner,10.886108,12918.0,118665.0,1
solar_lighting,district,kp_charsadda,Charsadda,7.613267,20094.0,263934.0,1
solar_lighting,district,kp_dera_ismail_khan,Dera Ismail Khan,7.157221,19326.0,270021.0,1
solar_lighting,district,kp_hangu,Hangu,27.358213,16729.0,61148.0,1
solar_lighting,district,kp_haripur,Haripur,1.296434,2495.0,192451.0,1
solar_lighting,district,kp_karak,Karak,14.046272,13484.0,95997.0,1
solar_lighting,district,kp_khyber,Khyber,58.480861,97549.0,166805.0,1
solar_lighting,district,kp_kohat,Kohat,8.510187,14440.0,169679.0,1
solar_lighting,district,kp_kolai_palas_kohistan,Kolai Palas Kohistan,30.709472,10436.0,33983.0,1
solar_lighting,district,kp_kurram,Kurram,42.124635,39828.0,94548.0,1
solar_lighting,district,kp_lakki_marwat,Lakki Marwat,16.279211,21456.0,131800.0,1
solar_lighting,district,kp_lower_chitral,Lower Chitral,5.505345,2534.0,46028.0,1
solar_lighting,district,kp_lower_dir,Lower Dir,5.076022,10296.0,202836.0,1
solar_lighting,district,kp_lower_kohistan,Lower Kohistan,33.246035,15741.0,47347.0,1
solar_lighting,district,kp_malakand,Malakand,1.470146,1663.0,113118.0,1
solar_lighting,district,kp_mansehra,Mansehra,2.183627,6421.0,294052.0,1
solar_lighting,district,kp_mardan,Mardan,1.83007,7336.0,400859.0,1
solar_lighting,district,kp_mohmand,Mohmand,52.145436,33359.0,63973.0,1
solar_lighting,district,kp_north_waziristan,North Waziristan,39.100356,38942.0,99595.0,1
solar_lighting,district,kp_nowshera,Nowshera,3.062277,7955.0,259774.0,1
solar_lighting,district,kp_orakzai,Orakzai,53.02472,27628.0,52104.0,1
solar_lighting,district,kp_peshawar,Peshawar,6.063742,41899.0,690976.0,1
solar_lighting,district,kp_shangla,Shangla,11.088099,13920.0,125540.0,1
solar_lighting,district,kp_south_waziristan,South Waziristan,50.274861,89809.0,178636.0,1
solar_lighting,district,kp_swabi,Swabi,3.216406,8973.0,278976.0,1
solar_lighting,district,kp_swat,Swat,2.166511,8259.0,381212.0,1
solar_lighting,district,kp_tank,Tank,22.853337,16126.0,70563.0,1
solar_lighting,district,kp_torghar,Torghar,42.641959,12541.0,29410.0,1
solar_lighting,district,kp_upper_chitral,Upper Chitral,9.520197,2510.0,26365.0,1
solar_lighting,district,kp_upper_dir,Upper Dir,10.097234,15099.0,149536.0,1
solar_lighting,district,kp_upper_kohistan,Upper Kohistan,12.405826,7904.0,63712.0,1
solar_lighting,district,pb_attock,Attock,2.128976,7536.0,353973.0,1
solar_lighting,district,pb_bahawalnagar,Bahawalnagar,1.434858,8001.0,557616.0,1
solar_lighting,district,pb_bahawalpur,Bahawalpur,1.300493,8758.0,673437.0,1
solar_lighting,district,pb_bhakkar,Bhakkar,4.33116,13570.0,313311.0,1
solar_lighting,district,pb_chakwal,Chakwal,1.692298,4888.0,288838.0,1
solar_lighting,district,pb_chiniot,Chiniot,1.497828,3841.0,256438.0,1
solar_lighting,district,pb_dera_ghazi_khan,Dera Ghazi Khan,9.961845,45273.0,454464.0,1
solar_lighting,district,pb_faisalabad,Faisalabad,0.786319,10873.0,1382773.0,1
solar_lighting,district,pb_gujranwala,Gujranwala,0.890509,7562.0,849177.0,1
solar_lighting,district,pb_gujrat,Gujrat,0.813958,3983.0,489337.0,1
solar_lighting,district,pb_hafizabad,Hafizabad,0.795108,1568.0,197206.0,1
solar_lighting,district,pb_jhang,Jhang,1.804882,8880.0,491999.0,1
solar_lighting,district,pb_jhelum,Jhelum,1.043813,2391.0,229064.0,1
solar_lighting,district,pb_kasur,Kasur,0.774979,5001.0,645308.0,1
solar_lighting,district,pb_khanewal,Khanewal,0.827638,4355.0,526196.0,1
solar_lighting,district,pb_khushab,Khushab,3.680569,9139.0,248304.0,1
solar_lighting,district,pb_lahore,Lahore,1.073512,21580.0,2010225.0,1
solar_lighting,district,pb_layyah,Layyah,5.965743,20351.0,341131.0,1
solar_lighting,district,pb_lodhran,Lodhran,0.799405,2589.0,323866.0,1
solar_lighting,district,pb_mandi_bahauddin,Mandi Bahauddin,0.730448,2089.0,285989.0,1
solar_lighting,district,pb_mianwali,Mianwali,3.895539,11544.0,296339.0,1
solar_lighting,district,pb_multan,Multan,0.6364,5641.0,886392.0,1
solar_lighting,district,pb_muzaffargarh,Muzaffargarh,2.068401,16639.0,804438.0,1
solar_lighting,district,pb_nankana_sahib,Nankana Sahib,0.831322,2053.0,246956.0,1
solar_lighting,district,pb_narowal,Narowal,0.744132,2095.0,281536.0,1
solar_lighting,district,pb_okara,Okara,0.852973,4689.0,549724.0,1
solar_lighting,district,pb_pakpattan,Pakpattan,0.682928,2353.0,344546.0,1
solar_lighting,district,pb_rahim_yar_khan,Rahim Yar Khan,2.168109,17929.0,826942.0,1
solar_lighting,district,pb_rajanpur,Rajanpur,11.398637,40353.0,354016.0,1
solar_lighting,district,pb_rawalpindi,Rawalpindi,0.888277,8865.0,998000.0,1
solar_lighting,district,pb_sahiwal,Sahiwal,0.871238,3891.0,446606.0,1
solar_lighting,district,pb_sargodha,Sargodha,1.248098,8541.0,684321.0,1
solar_lighting,district,pb_sheikhupura,Sheikhupura,0.871287,5169.0,593260.0,1
solar_lighting,district,pb_sialkot,Sialkot,0.813025,5458.0,671320.0,1
solar_lighting,district,pb_toba_tek_singh,Toba Tek Singh,0.909123,3581.0,393896.0,1
solar_lighting,district,pb_vehari,Vehari,0.797369,4330.0,543036.0,1
solar_lighting,district,sd_badin,Badin,11.926603,47455.0,397892.0,1
solar_lighting,district,sd_dadu,Dadu,25.569872,87058.0,340471.0,1
solar_lighting,district,sd_ghotki,Ghotki,30.494554,100951.0,331046.0,1
solar_lighting,district,sd_hyderabad,Hyderabad,2.822457,12650.0,448191.0,1
solar_lighting,district,sd_jacobabad,Jacobabad,29.459745,57463.0,195056.0,1
solar_lighting,district,sd_jamshoro,Jamshoro,16.336367,34877.0,213493.0,1
solar_lighting,district,sd_kambar_shahdad_kot,Kambar Shahdad Kot,41.685573,111531.0,267553.0,1
solar_lighting,district,sd_karachi_central,Karachi Central,0.574879,3744.0,651268.0,1
solar_lighting,district,sd_karachi_east,Karachi East,1.033229,6813.0,659389.0,1
solar_lighting,district,sd_karachi_south,Karachi South,0.633744,2694.0,425093.0,1
solar_lighting,district,sd_karachi_west,Karachi West,1.893897,8802.0,464756.0,1
solar_lighting,district,sd_kashmore,Kashmore,27.345927,57124.0,208894.0,1
solar_lighting,district,sd_keamari,Keamari,1.496611,4776.0,319121.0,1
solar_lighting,district,sd_khairpur,Khairpur,27.472416,124244.0,452250.0,1
solar_lighting,district,sd_korangi,Korangi,0.597911,2948.0,493050.0,1
solar_lighting,district,sd_larkana,Larkana,23.769003,76424.0,321528.0,1
solar_lighting,district,sd_malir,Malir,4.839046,20393.0,421426.0,1
solar_lighting,district,sd_matiari,Matiari,10.056606,15936.0,158463.0,1
solar_lighting,district,sd_mirpur_khas,Mirpur Khas,7.888212,24689.0,312986.0,1
solar_lighting,district,sd_naushahro_feroze,Naushahro Feroze,18.779553,60051.0,319768.0,1
solar_lighting,district,sd_sanghar,Sanghar,20.363594,82867.0,406937.0,1
solar_lighting,district,sd_shaheed_benazirabad,Shaheed Benazirabad,19.514529,65248.0,334356.0,1
solar_lighting,district,sd_shikarpur,Shikarpur,17.58742,37782.0,214824.0,1
solar_lighting,district,sd_sujawal,Sujawal,13.53444,21500.0,158854.0,1
solar_lighting,district,sd_sukkur,Sukkur,20.981578,56354.0,268588.0,1
solar_lighting,district,sd_tando_allahyar,Tando Allahyar,4.415933,7837.0,177471.0,1
solar_lighting,district,sd_tando_muhammad_khan,Tando Muhammad Khan,13.201853,18984.0,143798.0,1
solar_lighting,district,sd_tharparkar,Tharparkar,12.982319,42528.0,327584.0,1
solar_lighting,district,sd_thatta,Thatta,13.42664,27686.0,206202.0,1
solar_lighting,district,sd_umer_kot,Umer Kot,8.477188,18867.0,222562.0,1
gas_cooking,national,PK,Pakistan,37.828042,14485324.0,38292556.0,136
gas_cooking,province,BA,Balochistan,17.857889,413813.0,2317256.0,34
gas_cooking,province,IS,Islamabad Capital Territory,61.536814,252912.0,410993.0,1
gas_cooking,province,KP,Khyber Pakhtunkhwa,22.560534,1322376.0,5861457.0,35
gas_cooking,province,PB,Punjab,39.434934,7823883.0,19839980.0,36
gas_cooking,province,SD,Sindh,47.373026,4672340.0,9862870.0,30
gas_cooking,map_unit,sd_karachi,Karachi (7 districts),89.241295,3064638.0,3434103.0,7
gas_cooking,district,ba_awaran,Awaran,1.122464,312.0,27796.0,1
gas_cooking,district,ba_barkhan,Barkhan,0.42077,97.0,23053.0,1
gas_cooking,district,ba_chagai,Chagai,1.313689,502.0,38213.0,1
gas_cooking,district,ba_chaman,Chaman,4.271986,2645.0,61915.0,1
gas_cooking,district,ba_dera_bugti,Dera Bugti,23.755761,14792.0,62267.0,1
gas_cooking,district,ba_duki,Duki,0.822128,354.0,43059.0,1
gas_cooking,district,ba_gwadar,Gwadar,5.822428,2932.0,50357.0,1
gas_cooking,district,ba_harnai,Harnai,0.640517,105.0,16393.0,1
gas_cooking,district,ba_jaffarabad,Jaffarabad,13.751502,11216.0,81562.0,1
gas_cooking,district,ba_jhal_magsi,Jhal Magsi,0.659064,204.0,30953.0,1
gas_cooking,district,ba_kachhi,Kachhi,13.809162,6909.0,50032.0,1
gas_cooking,district,ba_kalat,Kalat,1.081538,358.0,33101.0,1
gas_cooking,district,ba_kech,Kech,0.81152,2057.0,253475.0,1
gas_cooking,district,ba_kharan,Kharan,0.51056,183.0,35843.0,1
gas_cooking,district,ba_khuzdar,Khuzdar,0.810158,1308.0,161450.0,1
gas_cooking,district,ba_killa_abdullah,Killa Abdullah,2.052341,1381.0,67289.0,1
gas_cooking,district,ba_killa_saifullah,Killa Saifullah,0.612875,429.0,69998.0,1
gas_cooking,district,ba_kohlu,Kohlu,0.490878,187.0,38095.0,1
gas_cooking,district,ba_lasbela,Lasbela,17.534339,20259.0,115539.0,1
gas_cooking,district,ba_loralai,Loralai,1.091223,417.0,38214.0,1
gas_cooking,district,ba_mastung,Mastung,33.736125,14741.0,43695.0,1
gas_cooking,district,ba_musakhel,Musakhel,0.492768,154.0,31252.0,1
gas_cooking,district,ba_nasirabad,Nasirabad,4.668861,4086.0,87516.0,1
gas_cooking,district,ba_nushki,Nushki,3.852184,1204.0,31255.0,1
gas_cooking,district,ba_panjgur,Panjgur,1.874642,2195.0,117089.0,1
gas_cooking,district,ba_pishin,Pishin,38.895947,57249.0,147185.0,1
gas_cooking,district,ba_quetta,Quetta,85.085229,245436.0,288459.0,1
gas_cooking,district,ba_sherani,Sherani,1.277008,461.0,36100.0,1
gas_cooking,district,ba_sibi,Sibi,33.0841,10354.0,31296.0,1
gas_cooking,district,ba_sohbatpur,Sohbatpur,2.412996,814.0,33734.0,1
gas_cooking,district,ba_surab,Surab,6.320885,3238.0,51227.0,1
gas_cooking,district,ba_washuk,Washuk,0.80124,393.0,49049.0,1
gas_cooking,district,ba_zhob,Zhob,1.384105,663.0,47901.0,1
gas_cooking,district,ba_ziarat,Ziarat,26.985236,6178.0,22894.0,1
gas_cooking,district,is_islamabad,Islamabad,61.536814,252912.0,410993.0,1
gas_cooking,district,kp_abbottabad,Abbottabad,43.977972,104135.0,236789.0,1
gas_cooking,district,kp_bajaur,Bajaur,0.741886,1348.0,181699.0,1
gas_cooking,district,kp_bannu,Bannu,10.417736,19078.0,183130.0,1
gas_cooking,district,kp_batagram,Batagram,0.461738,398.0,86196.0,1
gas_cooking,district,kp_buner,Buner,0.352252,418.0,118665.0,1
gas_cooking,district,kp_charsadda,Charsadda,32.855562,86717.0,263934.0,1
gas_cooking,district,kp_dera_ismail_khan,Dera Ismail Khan,11.933887,32224.0,270021.0,1
gas_cooking,district,kp_hangu,Hangu,14.669327,8970.0,61148.0,1
gas_cooking,district,kp_haripur,Haripur,39.727515,76456.0,192451.0,1
gas_cooking,district,kp_karak,Karak,28.70298,27554.0,95997.0,1
gas_cooking,district,kp_khyber,Khyber,2.102455,3507.0,166805.0,1
gas_cooking,district,kp_kohat,Kohat,36.00033,61085.0,169679.0,1
gas_cooking,district,kp_kolai_palas_kohistan,Kolai Palas Kohistan,0.512021,174.0,33983.0,1
gas_cooking,district,kp_kurram,Kurram,1.549478,1465.0,94548.0,1
gas_cooking,district,kp_lakki_marwat,Lakki Marwat,8.859636,11677.0,131800.0,1
gas_cooking,district,kp_lower_chitral,Lower Chitral,0.362823,167.0,46028.0,1
gas_cooking,district,kp_lower_dir,Lower Dir,8.589698,17423.0,202836.0,1
gas_cooking,district,kp_lower_kohistan,Lower Kohistan,0.747671,354.0,47347.0,1
gas_cooking,district,kp_malakand,Malakand,34.426882,38943.0,113118.0,1
gas_cooking,district,kp_mansehra,Mansehra,15.609824,45901.0,294052.0,1
gas_cooking,district,kp_mardan,Mardan,31.909973,127914.0,400859.0,1
gas_cooking,district,kp_mohmand,Mohmand,0.858175,549.0,63973.0,1
gas_cooking,district,kp_north_waziristan,North Waziristan,0.90366,900.0,99595.0,1
gas_cooking,district,kp_nowshera,Nowshera,53.902238,140024.0,259774.0,1
gas_cooking,district,kp_orakzai,Orakzai,0.708199,369.0,52104.0,1
gas_cooking,district,kp_peshawar,Peshawar,57.244969,395549.0,690976.0,1
gas_cooking,district,kp_shangla,Shangla,0.533694,670.0,125540.0,1
gas_cooking,district,kp_south_waziristan,South Waziristan,0.902953,1613.0,178636.0,1
gas_cooking,district,kp_swabi,Swabi,15.136428,42227.0,278976.0,1
gas_cooking,district,kp_swat,Swat,18.127971,69106.0,381212.0,1
gas_cooking,district,kp_tank,Tank,5.933705,4187.0,70563.0,1
gas_cooking,district,kp_torghar,Torghar,0.547433,161.0,29410.0,1
gas_cooking,district,kp_upper_chitral,Upper Chitral,0.44377,117.0,26365.0,1
gas_cooking,district,kp_upper_dir,Upper Dir,0.524957,785.0,149536.0,1
gas_cooking,district,kp_upper_kohistan,Upper Kohistan,0.331178,211.0,63712.0,1
gas_cooking,district,pb_attock,Attock,53.110548,187997.0,353973.0,1
gas_cooking,district,pb_bahawalnagar,Bahawalnagar,7.996722,44591.0,557616.0,1
gas_cooking,district,pb_bahawalpur,Bahawalpur,21.771153,146615.0,673437.0,1
gas_cooking,district,pb_bhakkar,Bhakkar,3.86485,12109.0,313311.0,1
gas_cooking,district,pb_chakwal,Chakwal,30.51953,88152.0,288838.0,1
gas_cooking,district,pb_chiniot,Chiniot,24.636364,63177.0,256438.0,1
gas_cooking,district,pb_dera_ghazi_khan,Dera Ghazi Khan,12.041218,54723.0,454464.0,1
gas_cooking,district,pb_faisalabad,Faisalabad,56.691156,783910.0,1382773.0,1
gas_cooking,district,pb_gujranwala,Gujranwala,74.240824,630436.0,849177.0,1
gas_cooking,district,pb_gujrat,Gujrat,50.406571,246658.0,489337.0,1
gas_cooking,district,pb_hafizabad,Hafizabad,73.890754,145717.0,197206.0,1
gas_cooking,district,pb_jhang,Jhang,16.673611,82034.0,491999.0,1
gas_cooking,district,pb_jhelum,Jhelum,18.47213,42313.0,229064.0,1
gas_cooking,district,pb_kasur,Kasur,26.612408,171732.0,645308.0,1
gas_cooking,district,pb_khanewal,Khanewal,24.146516,127058.0,526196.0,1
gas_cooking,district,pb_khushab,Khushab,16.446372,40837.0,248304.0,1
gas_cooking,district,pb_lahore,Lahore,84.602818,1700707.0,2010225.0,1
gas_cooking,district,pb_layyah,Layyah,5.988608,20429.0,341131.0,1
gas_cooking,district,pb_lodhran,Lodhran,10.778223,34907.0,323866.0,1
gas_cooking,district,pb_mandi_bahauddin,Mandi Bahauddin,35.288071,100920.0,285989.0,1
gas_cooking,district,pb_mianwali,Mianwali,13.802098,40901.0,296339.0,1
gas_cooking,district,pb_multan,Multan,45.995902,407704.0,886392.0,1
gas_cooking,district,pb_muzaffargarh,Muzaffargarh,10.841855,87216.0,804438.0,1
gas_cooking,district,pb_nankana_sahib,Nankana Sahib,39.228041,96876.0,246956.0,1
gas_cooking,district,pb_narowal,Narowal,13.917936,39184.0,281536.0,1
gas_cooking,district,pb_okara,Okara,36.260924,199335.0,549724.0,1
gas_cooking,district,pb_pakpattan,Pakpattan,9.505262,32750.0,344546.0,1
gas_cooking,district,pb_rahim_yar_khan,Rahim Yar Khan,20.364911,168406.0,826942.0,1
gas_cooking,district,pb_rajanpur,Rajanpur,1.106165,3916.0,354016.0,1
gas_cooking,district,pb_rawalpindi,Rawalpindi,70.069038,699289.0,998000.0,1
gas_cooking,district,pb_sahiwal,Sahiwal,22.609414,100975.0,446606.0,1
gas_cooking,district,pb_sargodha,Sargodha,42.737107,292459.0,684321.0,1
gas_cooking,district,pb_sheikhupura,Sheikhupura,54.177932,321416.0,593260.0,1
gas_cooking,district,pb_sialkot,Sialkot,56.936483,382226.0,671320.0,1
gas_cooking,district,pb_toba_tek_singh,Toba Tek Singh,37.814296,148949.0,393896.0,1
gas_cooking,district,pb_vehari,Vehari,14.227234,77259.0,543036.0,1
gas_cooking,district,sd_badin,Badin,11.793401,46925.0,397892.0,1
gas_cooking,district,sd_dadu,Dadu,21.386256,72814.0,340471.0,1
gas_cooking,district,sd_ghotki,Ghotki,19.443824,64368.0,331046.0,1
gas_cooking,district,sd_hyderabad,Hyderabad,75.4174,338014.0,448191.0,1
gas_cooking,district,sd_jacobabad,Jacobabad,17.742597,34608.0,195056.0,1
gas_cooking,district,sd_jamshoro,Jamshoro,35.722014,76264.0,213493.0,1
gas_cooking,district,sd_kambar_shahdad_kot,Kambar Shahdad Kot,18.913636,50604.0,267553.0,1
gas_cooking,district,sd_karachi_central,Karachi Central,97.861096,637338.0,651268.0,1
gas_cooking,district,sd_karachi_east,Karachi East,92.106632,607341.0,659389.0,1
gas_cooking,district,sd_karachi_south,Karachi South,88.766223,377339.0,425093.0,1
gas_cooking,district,sd_karachi_west,Karachi West,81.279854,377753.0,464756.0,1
gas_cooking,district,sd_kashmore,Kashmore,12.948194,27048.0,208894.0,1
gas_cooking,district,sd_keamari,Keamari,84.310653,269053.0,319121.0,1
gas_cooking,district,sd_khairpur,Khairpur,22.45749,101564.0,452250.0,1
gas_cooking,district,sd_korangi,Korangi,96.659974,476582.0,493050.0,1
gas_cooking,district,sd_larkana,Larkana,46.232987,148652.0,321528.0,1
gas_cooking,district,sd_malir,Malir,75.750428,319232.0,421426.0,1
gas_cooking,district,sd_matiari,Matiari,27.042906,42853.0,158463.0,1
gas_cooking,district,sd_mirpur_khas,Mirpur Khas,16.509045,51671.0,312986.0,1
gas_cooking,district,sd_naushahro_feroze,Naushahro Feroze,27.898039,89209.0,319768.0,1
gas_cooking,district,sd_sanghar,Sanghar,23.3127,94868.0,406937.0,1
gas_cooking,district,sd_shaheed_benazirabad,Shaheed Benazirabad,25.855077,86448.0,334356.0,1
gas_cooking,district,sd_shikarpur,Shikarpur,24.814267,53307.0,214824.0,1
gas_cooking,district,sd_sujawal,Sujawal,8.785426,13956.0,158854.0,1
gas_cooking,district,sd_sukkur,Sukkur,41.27474,110859.0,268588.0,1
gas_cooking,district,sd_tando_allahyar,Tando Allahyar,27.09006,48077.0,177471.0,1
gas_cooking,district,sd_tando_muhammad_khan,Tando Muhammad Khan,17.358378,24961.0,143798.0,1
gas_cooking,district,sd_tharparkar,Tharparkar,0.38036,1246.0,327584.0,1
gas_cooking,district,sd_thatta,Thatta,13.818004,28493.0,206202.0,1
gas_cooking,district,sd_umer_kot,Umer Kot,0.401237,893.0,222562.0,1
firewood_cooking,national,PK,Pakistan,52.722177,20188669.0,38292556.0,136
firewood_cooking,province,BA,Balochistan,70.064119,1623565.0,2317256.0,34
firewood_cooking,province,IS,Islamabad Capital Territory,13.163485,54101.0,410993.0,1
firewood_cooking,province,KP,Khyber Pakhtunkhwa,71.382968,4184082.0,5861457.0,35
firewood_cooking,province,PB,Punjab,49.941966,9908476.0,19839980.0,36
firewood_cooking,province,SD,Sindh,44.798776,4418445.0,9862870.0,30
firewood_cooking,map_unit,sd_karachi,Karachi (7 districts),5.587369,191876.0,3434103.0,7
firewood_cooking,district,ba_awaran,Awaran,94.974097,26399.0,27796.0,1
firewood_cooking,district,ba_barkhan,Barkhan,93.627727,21584.0,23053.0,1
firewood_cooking,district,ba_chagai,Chagai,73.168817,27960.0,38213.0,1
firewood_cooking,district,ba_chaman,Chaman,66.777033,41345.0,61915.0,1
firewood_cooking,district,ba_dera_bugti,Dera Bugti,66.929513,41675.0,62267.0,1
firewood_cooking,district,ba_duki,Duki,93.32776,40186.0,43059.0,1
firewood_cooking,district,ba_gwadar,Gwadar,82.586334,41588.0,50357.0,1
firewood_cooking,district,ba_harnai,Harnai,91.368267,14978.0,16393.0,1
firewood_cooking,district,ba_jaffarabad,Jaffarabad,52.944999,43183.0,81562.0,1
firewood_cooking,district,ba_jhal_magsi,Jhal Magsi,88.511614,27397.0,30953.0,1
firewood_cooking,district,ba_kachhi,Kachhi,78.589703,39320.0,50032.0,1
firewood_cooking,district,ba_kalat,Kalat,91.139241,30168.0,33101.0,1
firewood_cooking,district,ba_kech,Kech,86.803432,220025.0,253475.0,1
firewood_cooking,district,ba_kharan,Kharan,92.857741,33283.0,35843.0,1
firewood_cooking,district,ba_khuzdar,Khuzdar,86.180242,139138.0,161450.0,1
firewood_cooking,district,ba_killa_abdullah,Killa Abdullah,84.305013,56728.0,67289.0,1
firewood_cooking,district,ba_killa_saifullah,Killa Saifullah,90.894026,63624.0,69998.0,1
firewood_cooking,district,ba_kohlu,Kohlu,92.001575,35048.0,38095.0,1
firewood_cooking,district,ba_lasbela,Lasbela,79.129991,91426.0,115539.0,1
firewood_cooking,district,ba_loralai,Loralai,87.771497,33541.0,38214.0,1
firewood_cooking,district,ba_mastung,Mastung,62.132967,27149.0,43695.0,1
firewood_cooking,district,ba_musakhel,Musakhel,92.093306,28781.0,31252.0,1
firewood_cooking,district,ba_nasirabad,Nasirabad,63.795192,55831.0,87516.0,1
firewood_cooking,district,ba_nushki,Nushki,77.44041,24204.0,31255.0,1
firewood_cooking,district,ba_panjgur,Panjgur,82.313454,96380.0,117089.0,1
firewood_cooking,district,ba_pishin,Pishin,52.038591,76593.0,147185.0,1
firewood_cooking,district,ba_quetta,Quetta,10.830655,31242.0,288459.0,1
firewood_cooking,district,ba_sherani,Sherani,90.487535,32666.0,36100.0,1
firewood_cooking,district,ba_sibi,Sibi,63.835634,19978.0,31296.0,1
firewood_cooking,district,ba_sohbatpur,Sohbatpur,66.060947,22285.0,33734.0,1
firewood_cooking,district,ba_surab,Surab,76.383548,39129.0,51227.0,1
firewood_cooking,district,ba_washuk,Washuk,85.714286,42042.0,49049.0,1
firewood_cooking,district,ba_zhob,Zhob,90.092065,43155.0,47901.0,1
firewood_cooking,district,ba_ziarat,Ziarat,67.851839,15534.0,22894.0,1
firewood_cooking,district,is_islamabad,Islamabad,13.163485,54101.0,410993.0,1
firewood_cooking,district,kp_abbottabad,Abbottabad,54.079793,128055.0,236789.0,1
firewood_cooking,district,kp_bajaur,Bajaur,84.995515,154436.0,181699.0,1
firewood_cooking,district,kp_bannu,Bannu,84.021733,153869.0,183130.0,1
firewood_cooking,district,kp_batagram,Batagram,97.561372,84094.0,86196.0,1
firewood_cooking,district,kp_buner,Buner,97.278052,115435.0,118665.0,1
firewood_cooking,district,kp_charsadda,Charsadda,62.582691,165177.0,263934.0,1
firewood_cooking,district,kp_dera_ismail_khan,Dera Ismail Khan,76.213332,205792.0,270021.0,1
firewood_cooking,district,kp_hangu,Hangu,79.704978,48738.0,61148.0,1
firewood_cooking,district,kp_haripur,Haripur,55.267575,106363.0,192451.0,1
firewood_cooking,district,kp_karak,Karak,65.152036,62544.0,95997.0,1
firewood_cooking,district,kp_khyber,Khyber,83.954917,140041.0,166805.0,1
firewood_cooking,district,kp_kohat,Kohat,57.980658,98381.0,169679.0,1
firewood_cooking,district,kp_kolai_palas_kohistan,Kolai Palas Kohistan,93.049466,31621.0,33983.0,1
firewood_cooking,district,kp_kurram,Kurram,92.777214,87719.0,94548.0,1
firewood_cooking,district,kp_lakki_marwat,Lakki Marwat,85.333839,112470.0,131800.0,1
firewood_cooking,district,kp_lower_chitral,Lower Chitral,97.91214,45067.0,46028.0,1
firewood_cooking,district,kp_lower_dir,Lower Dir,83.374746,169114.0,202836.0,1
firewood_cooking,district,kp_lower_kohistan,Lower Kohistan,94.578326,44780.0,47347.0,1
firewood_cooking,district,kp_malakand,Malakand,60.241518,68144.0,113118.0,1
firewood_cooking,district,kp_mansehra,Mansehra,79.956606,235114.0,294052.0,1
firewood_cooking,district,kp_mardan,Mardan,64.012284,256599.0,400859.0,1
firewood_cooking,district,kp_mohmand,Mohmand,88.76401,56785.0,63973.0,1
firewood_cooking,district,kp_north_waziristan,North Waziristan,91.538732,91168.0,99595.0,1
firewood_cooking,district,kp_nowshera,Nowshera,40.536774,105304.0,259774.0,1
firewood_cooking,district,kp_orakzai,Orakzai,96.888914,50483.0,52104.0,1
firewood_cooking,district,kp_peshawar,Peshawar,35.181251,243094.0,690976.0,1
firewood_cooking,district,kp_shangla,Shangla,97.321969,122178.0,125540.0,1
firewood_cooking,district,kp_south_waziristan,South Waziristan,90.387156,161464.0,178636.0,1
firewood_cooking,district,kp_swabi,Swabi,80.517679,224625.0,278976.0,1
firewood_cooking,district,kp_swat,Swat,77.570486,295708.0,381212.0,1
firewood_cooking,district,kp_tank,Tank,90.633902,63954.0,70563.0,1
firewood_cooking,district,kp_torghar,Torghar,98.242095,28893.0,29410.0,1
firewood_cooking,district,kp_upper_chitral,Upper Chitral,95.915039,25288.0,26365.0,1
firewood_cooking,district,kp_upper_dir,Upper Dir,94.262251,140956.0,149536.0,1
firewood_cooking,district,kp_upper_kohistan,Upper Kohistan,95.161037,60629.0,63712.0,1
firewood_cooking,district,pb_attock,Attock,42.649298,150967.0,353973.0,1
firewood_cooking,district,pb_bahawalnagar,Bahawalnagar,77.289748,430980.0,557616.0,1
firewood_cooking,district,pb_bahawalpur,Bahawalpur,72.247144,486539.0,673437.0,1
firewood_cooking,district,pb_bhakkar,Bhakkar,87.640076,274586.0,313311.0,1
firewood_cooking,district,pb_chakwal,Chakwal,59.166384,170895.0,288838.0,1
firewood_cooking,district,pb_chiniot,Chiniot,64.918226,166475.0,256438.0,1
firewood_cooking,district,pb_dera_ghazi_khan,Dera Ghazi Khan,81.216334,369099.0,454464.0,1
firewood_cooking,district,pb_faisalabad,Faisalabad,35.669484,493228.0,1382773.0,1
firewood_cooking,district,pb_gujranwala,Gujranwala,13.115287,111372.0,849177.0,1
firewood_cooking,district,pb_gujrat,Gujrat,27.588758,135002.0,489337.0,1
firewood_cooking,district,pb_hafizabad,Hafizabad,21.916169,43220.0,197206.0,1
firewood_cooking,district,pb_jhang,Jhang,76.308082,375435.0,491999.0,1
firewood_cooking,district,pb_jhelum,Jhelum,51.235463,117362.0,229064.0,1
firewood_cooking,district,pb_kasur,Kasur,60.037842,387429.0,645308.0,1
firewood_cooking,district,pb_khanewal,Khanewal,71.594425,376727.0,526196.0,1
firewood_cooking,district,pb_khushab,Khushab,74.416441,184779.0,248304.0,1
firewood_cooking,district,pb_lahore,Lahore,6.180253,124237.0,2010225.0,1
firewood_cooking,district,pb_layyah,Layyah,87.172963,297374.0,341131.0,1
firewood_cooking,district,pb_lodhran,Lodhran,77.773524,251882.0,323866.0,1
firewood_cooking,district,pb_mandi_bahauddin,Mandi Bahauddin,54.048582,154573.0,285989.0,1
firewood_cooking,district,pb_mianwali,Mianwali,80.222988,237732.0,296339.0,1
firewood_cooking,district,pb_multan,Multan,46.711274,414045.0,886392.0,1
firewood_cooking,district,pb_muzaffargarh,Muzaffargarh,83.306234,670147.0,804438.0,1
firewood_cooking,district,pb_nankana_sahib,Nankana Sahib,47.147265,116433.0,246956.0,1
firewood_cooking,district,pb_narowal,Narowal,49.919016,140540.0,281536.0,1
firewood_cooking,district,pb_okara,Okara,50.248852,276230.0,549724.0,1
firewood_cooking,district,pb_pakpattan,Pakpattan,65.196229,224631.0,344546.0,1
firewood_cooking,district,pb_rahim_yar_khan,Rahim Yar Khan,73.414701,607097.0,826942.0,1
firewood_cooking,district,pb_rajanpur,Rajanpur,87.830211,310933.0,354016.0,1
firewood_cooking,district,pb_rawalpindi,Rawalpindi,21.794289,217507.0,998000.0,1
firewood_cooking,district,pb_sahiwal,Sahiwal,68.639696,306549.0,446606.0,1
firewood_cooking,district,pb_sargodha,Sargodha,52.794083,361281.0,684321.0,1
firewood_cooking,district,pb_sheikhupura,Sheikhupura,28.953241,171768.0,593260.0,1
firewood_cooking,district,pb_sialkot,Sialkot,17.616934,118266.0,671320.0,1
firewood_cooking,district,pb_toba_tek_singh,Toba Tek Singh,57.363873,225954.0,393896.0,1
firewood_cooking,district,pb_vehari,Vehari,74.986189,407202.0,543036.0,1
firewood_cooking,district,sd_badin,Badin,82.492234,328230.0,397892.0,1
firewood_cooking,district,sd_dadu,Dadu,58.712489,199899.0,340471.0,1
firewood_cooking,district,sd_ghotki,Ghotki,74.345861,246119.0,331046.0,1
firewood_cooking,district,sd_hyderabad,Hyderabad,21.035675,94280.0,448191.0,1
firewood_cooking,district,sd_jacobabad,Jacobabad,56.79087,110774.0,195056.0,1
firewood_cooking,district,sd_jamshoro,Jamshoro,57.948504,123716.0,213493.0,1
firewood_cooking,district,sd_kambar_shahdad_kot,Kambar Shahdad Kot,40.894701,109415.0,267553.0,1
firewood_cooking,district,sd_karachi_central,Karachi Central,0.922662,6009.0,651268.0,1
firewood_cooking,district,sd_karachi_east,Karachi East,3.896638,25694.0,659389.0,1
firewood_cooking,district,sd_karachi_south,Karachi South,1.865945,7932.0,425093.0,1
firewood_cooking,district,sd_karachi_west,Karachi West,10.500564,48802.0,464756.0,1
firewood_cooking,district,sd_kashmore,Kashmore,67.109156,140187.0,208894.0,1
firewood_cooking,district,sd_keamari,Keamari,8.064966,25737.0,319121.0,1
firewood_cooking,district,sd_khairpur,Khairpur,74.661581,337657.0,452250.0,1
firewood_cooking,district,sd_korangi,Korangi,0.933982,4605.0,493050.0,1
firewood_cooking,district,sd_larkana,Larkana,33.144236,106568.0,321528.0,1
firewood_cooking,district,sd_malir,Malir,17.345157,73097.0,421426.0,1
firewood_cooking,district,sd_matiari,Matiari,69.879404,110733.0,158463.0,1
firewood_cooking,district,sd_mirpur_khas,Mirpur Khas,78.921741,247014.0,312986.0,1
firewood_cooking,district,sd_naushahro_feroze,Naushahro Feroze,67.414501,215570.0,319768.0,1
firewood_cooking,district,sd_sanghar,Sanghar,72.844199,296430.0,406937.0,1
firewood_cooking,district,sd_shaheed_benazirabad,Shaheed Benazirabad,70.177296,234642.0,334356.0,1
firewood_cooking,district,sd_shikarpur,Shikarpur,56.889361,122212.0,214824.0,1
firewood_cooking,district,sd_sujawal,Sujawal,84.758332,134642.0,158854.0,1
firewood_cooking,district,sd_sukkur,Sukkur,56.017767,150457.0,268588.0,1
firewood_cooking,district,sd_tando_allahyar,Tando Allahyar,69.015219,122482.0,177471.0,1
firewood_cooking,district,sd_tando_muhammad_khan,Tando Muhammad Khan,72.00726,103545.0,143798.0,1
firewood_cooking,district,sd_tharparkar,Tharparkar,94.635269,310010.0,327584.0,1
firewood_cooking,district,sd_thatta,Thatta,82.86874,170877.0,206202.0,1
firewood_cooking,district,sd_umer_kot,Umer Kot,94.854468,211110.0,222562.0,1
improved_water,national,PK,Pakistan,91.925971,35200804.0,38292556.0,136
improved_water,province,BA,Balochistan,71.445063,1655565.0,2317256.0,34
improved_water,province,IS,Islamabad Capital Territory,96.617461,397091.0,410993.0,1
improved_water,province,KP,Khyber Pakhtunkhwa,82.231568,4819968.0,5861457.0,35
improved_water,province,PB,Punjab,96.58852,19163143.0,19839980.0,36
improved_water,province,SD,Sindh,92.924646,9165037.0,9862870.0,30
improved_water,map_unit,sd_karachi,Karachi (7 districts),97.34312,3342863.0,3434103.0,7
improved_water,district,ba_awaran,Awaran,74.330839,20661.0,27796.0,1
improved_water,district,ba_barkhan,Barkhan,70.047282,16148.0,23053.0,1
improved_water,district,ba_chagai,Chagai,88.569335,33845.0,38213.0,1
improved_water,district,ba_chaman,Chaman,75.989663,47049.0,61915.0,1
improved_water,district,ba_dera_bugti,Dera Bugti,53.076268,33049.0,62267.0,1
improved_water,district,ba_duki,Duki,81.495158,35091.0,43059.0,1
improved_water,district,ba_gwadar,Gwadar,87.828902,44228.0,50357.0,1
improved_water,district,ba_harnai,Harnai,52.931129,8677.0,16393.0,1
improved_water,district,ba_jaffarabad,Jaffarabad,48.386504,39465.0,81562.0,1
improved_water,district,ba_jhal_magsi,Jhal Magsi,39.262753,12153.0,30953.0,1
improved_water,district,ba_kachhi,Kachhi,27.338503,13678.0,50032.0,1
improved_water,district,ba_kalat,Kalat,58.63267,19408.0,33101.0,1
improved_water,district,ba_kech,Kech,71.193214,180457.0,253475.0,1
improved_water,district,ba_kharan,Kharan,81.776079,29311.0,35843.0,1
improved_water,district,ba_khuzdar,Khuzdar,68.275008,110230.0,161450.0,1
improved_water,district,ba_killa_abdullah,Killa Abdullah,81.693888,54971.0,67289.0,1
improved_water,district,ba_killa_saifullah,Killa Saifullah,61.998914,43398.0,69998.0,1
improved_water,district,ba_kohlu,Kohlu,30.46069,11604.0,38095.0,1
improved_water,district,ba_lasbela,Lasbela,82.618856,95457.0,115539.0,1
improved_water,district,ba_loralai,Loralai,72.578113,27735.0,38214.0,1
improved_water,district,ba_mastung,Mastung,77.203341,33734.0,43695.0,1
improved_water,district,ba_musakhel,Musakhel,40.986177,12809.0,31252.0,1
improved_water,district,ba_nasirabad,Nasirabad,52.047626,45550.0,87516.0,1
improved_water,district,ba_nushki,Nushki,93.866581,29338.0,31255.0,1
improved_water,district,ba_panjgur,Panjgur,73.271614,85793.0,117089.0,1
improved_water,district,ba_pishin,Pishin,84.462411,124316.0,147185.0,1
improved_water,district,ba_quetta,Quetta,94.363844,272201.0,288459.0,1
improved_water,district,ba_sherani,Sherani,53.368421,19266.0,36100.0,1
improved_water,district,ba_sibi,Sibi,67.174719,21023.0,31296.0,1
improved_water,district,ba_sohbatpur,Sohbatpur,53.924824,18191.0,33734.0,1
improved_water,district,ba_surab,Surab,72.561345,37171.0,51227.0,1
improved_water,district,ba_washuk,Washuk,73.652878,36126.0,49049.0,1
improved_water,district,ba_zhob,Zhob,64.618693,30953.0,47901.0,1
improved_water,district,ba_ziarat,Ziarat,54.507731,12479.0,22894.0,1
improved_water,district,is_islamabad,Islamabad,96.617461,397091.0,410993.0,1
improved_water,district,kp_abbottabad,Abbottabad,82.436684,195201.0,236789.0,1
improved_water,district,kp_bajaur,Bajaur,68.724099,124871.0,181699.0,1
improved_water,district,kp_bannu,Bannu,92.514607,169422.0,183130.0,1
improved_water,district,kp_batagram,Batagram,72.454638,62453.0,86196.0,1
improved_water,district,kp_buner,Buner,88.270341,104746.0,118665.0,1
improved_water,district,kp_charsadda,Charsadda,97.687301,257830.0,263934.0,1
improved_water,district,kp_dera_ismail_khan,Dera Ismail Khan,83.839035,226383.0,270021.0,1
improved_water,district,kp_hangu,Hangu,89.733107,54870.0,61148.0,1
improved_water,district,kp_haripur,Haripur,91.013817,175157.0,192451.0,1
improved_water,district,kp_karak,Karak,81.385877,78128.0,95997.0,1
improved_water,district,kp_khyber,Khyber,70.594407,117755.0,166805.0,1
improved_water,district,kp_kohat,Kohat,89.418254,151724.0,169679.0,1
improved_water,district,kp_kolai_palas_kohistan,Kolai Palas Kohistan,26.525027,9014.0,33983.0,1
improved_water,district,kp_kurram,Kurram,64.451919,60938.0,94548.0,1
improved_water,district,kp_lakki_marwat,Lakki Marwat,89.75569,118298.0,131800.0,1
improved_water,district,kp_lower_chitral,Lower Chitral,82.743113,38085.0,46028.0,1
improved_water,district,kp_lower_dir,Lower Dir,72.788854,147642.0,202836.0,1
improved_water,district,kp_lower_kohistan,Lower Kohistan,45.645975,21612.0,47347.0,1
improved_water,district,kp_malakand,Malakand,90.744179,102648.0,113118.0,1
improved_water,district,kp_mansehra,Mansehra,79.020377,232361.0,294052.0,1
improved_water,district,kp_mardan,Mardan,97.386113,390381.0,400859.0,1
improved_water,district,kp_mohmand,Mohmand,75.006643,47984.0,63973.0,1
improved_water,district,kp_north_waziristan,North Waziristan,68.727346,68449.0,99595.0,1
improved_water,district,kp_nowshera,Nowshera,94.452486,245363.0,259774.0,1
improved_water,district,kp_orakzai,Orakzai,59.452249,30977.0,52104.0,1
improved_water,district,kp_peshawar,Peshawar,97.000185,670248.0,690976.0,1
improved_water,district,kp_shangla,Shangla,67.98152,85344.0,125540.0,1
improved_water,district,kp_south_waziristan,South Waziristan,46.499586,83065.0,178636.0,1
improved_water,district,kp_swabi,Swabi,94.164373,262696.0,278976.0,1
improved_water,district,kp_swat,Swat,79.836154,304345.0,381212.0,1
improved_water,district,kp_tank,Tank,76.976602,54317.0,70563.0,1
improved_water,district,kp_torghar,Torghar,68.225094,20065.0,29410.0,1
improved_water,district,kp_upper_chitral,Upper Chitral,72.4066,19090.0,26365.0,1
improved_water,district,kp_upper_dir,Upper Dir,48.072036,71885.0,149536.0,1
improved_water,district,kp_upper_kohistan,Upper Kohistan,26.087707,16621.0,63712.0,1
improved_water,district,pb_attock,Attock,94.401268,334155.0,353973.0,1
improved_water,district,pb_bahawalnagar,Bahawalnagar,92.931336,518200.0,557616.0,1
improved_water,district,pb_bahawalpur,Bahawalpur,96.961408,652974.0,673437.0,1
improved_water,district,pb_bhakkar,Bhakkar,98.960139,310053.0,313311.0,1
improved_water,district,pb_chakwal,Chakwal,95.361414,275440.0,288838.0,1
improved_water,district,pb_chiniot,Chiniot,98.318112,252125.0,256438.0,1
improved_water,district,pb_dera_ghazi_khan,Dera Ghazi Khan,91.243531,414669.0,454464.0,1
improved_water,district,pb_faisalabad,Faisalabad,93.011868,1286143.0,1382773.0,1
improved_water,district,pb_gujranwala,Gujranwala,99.083583,841395.0,849177.0,1
improved_water,district,pb_gujrat,Gujrat,98.997215,484430.0,489337.0,1
improved_water,district,pb_hafizabad,Hafizabad,94.734947,186823.0,197206.0,1
improved_water,district,pb_jhang,Jhang,98.805282,486121.0,491999.0,1
improved_water,district,pb_jhelum,Jhelum,95.579838,218939.0,229064.0,1
improved_water,district,pb_kasur,Kasur,97.858852,631491.0,645308.0,1
improved_water,district,pb_khanewal,Khanewal,98.543699,518533.0,526196.0,1
improved_water,district,pb_khushab,Khushab,94.775356,235331.0,248304.0,1
improved_water,district,pb_lahore,Lahore,98.027683,1970577.0,2010225.0,1
improved_water,district,pb_layyah,Layyah,98.602296,336363.0,341131.0,1
improved_water,district,pb_lodhran,Lodhran,96.509668,312562.0,323866.0,1
improved_water,district,pb_mandi_bahauddin,Mandi Bahauddin,98.160768,280729.0,285989.0,1
improved_water,district,pb_mianwali,Mianwali,93.951859,278416.0,296339.0,1
improved_water,district,pb_multan,Multan,97.893934,867724.0,886392.0,1
improved_water,district,pb_muzaffargarh,Muzaffargarh,98.955668,796037.0,804438.0,1
improved_water,district,pb_nankana_sahib,Nankana Sahib,92.448452,228307.0,246956.0,1
improved_water,district,pb_narowal,Narowal,98.818979,278211.0,281536.0,1
improved_water,district,pb_okara,Okara,98.068303,539105.0,549724.0,1
improved_water,district,pb_pakpattan,Pakpattan,96.003727,330777.0,344546.0,1
improved_water,district,pb_rahim_yar_khan,Rahim Yar Khan,97.339475,804941.0,826942.0,1
improved_water,district,pb_rajanpur,Rajanpur,89.764587,317781.0,354016.0,1
improved_water,district,pb_rawalpindi,Rawalpindi,92.728557,925431.0,998000.0,1
improved_water,district,pb_sahiwal,Sahiwal,98.126089,438237.0,446606.0,1
improved_water,district,pb_sargodha,Sargodha,96.578214,660905.0,684321.0,1
improved_water,district,pb_sheikhupura,Sheikhupura,97.301352,577250.0,593260.0,1
improved_water,district,pb_sialkot,Sialkot,99.028034,664795.0,671320.0,1
improved_water,district,pb_toba_tek_singh,Toba Tek Singh,96.402096,379724.0,393896.0,1
improved_water,district,pb_vehari,Vehari,97.313806,528449.0,543036.0,1
improved_water,district,sd_badin,Badin,89.272717,355209.0,397892.0,1
improved_water,district,sd_dadu,Dadu,93.049041,316805.0,340471.0,1
improved_water,district,sd_ghotki,Ghotki,97.663165,323310.0,331046.0,1
improved_water,district,sd_hyderabad,Hyderabad,96.195595,431140.0,448191.0,1
improved_water,district,sd_jacobabad,Jacobabad,94.341625,184019.0,195056.0,1
improved_water,district,sd_jamshoro,Jamshoro,87.956514,187781.0,213493.0,1
improved_water,district,sd_kambar_shahdad_kot,Kambar Shahdad Kot,92.311804,246983.0,267553.0,1
improved_water,district,sd_karachi_central,Karachi Central,98.306688,640240.0,651268.0,1
improved_water,district,sd_karachi_east,Karachi East,97.214543,641022.0,659389.0,1
improved_water,district,sd_karachi_south,Karachi South,98.247678,417644.0,425093.0,1
improved_water,district,sd_karachi_west,Karachi West,96.881374,450262.0,464756.0,1
improved_water,district,sd_kashmore,Kashmore,96.376631,201325.0,208894.0,1
improved_water,district,sd_keamari,Keamari,94.795704,302513.0,319121.0,1
improved_water,district,sd_khairpur,Khairpur,97.244887,439790.0,452250.0,1
improved_water,district,sd_korangi,Korangi,97.937532,482881.0,493050.0,1
improved_water,district,sd_larkana,Larkana,98.90896,318020.0,321528.0,1
improved_water,district,sd_malir,Malir,96.885574,408301.0,421426.0,1
improved_water,district,sd_matiari,Matiari,97.523081,154538.0,158463.0,1
improved_water,district,sd_mirpur_khas,Mirpur Khas,80.15023,250859.0,312986.0,1
improved_water,district,sd_naushahro_feroze,Naushahro Feroze,97.36903,311355.0,319768.0,1
improved_water,district,sd_sanghar,Sanghar,91.704121,373178.0,406937.0,1
improved_water,district,sd_shaheed_benazirabad,Shaheed Benazirabad,97.706337,326687.0,334356.0,1
improved_water,district,sd_shikarpur,Shikarpur,99.108573,212909.0,214824.0,1
improved_water,district,sd_sujawal,Sujawal,80.026943,127126.0,158854.0,1
improved_water,district,sd_sukkur,Sukkur,96.402669,258926.0,268588.0,1
improved_water,district,sd_tando_allahyar,Tando Allahyar,96.724535,171658.0,177471.0,1
improved_water,district,sd_tando_muhammad_khan,Tando Muhammad Khan,96.120947,138220.0,143798.0,1
improved_water,district,sd_tharparkar,Tharparkar,55.09854,180494.0,327584.0,1
improved_water,district,sd_thatta,Thatta,78.069078,160980.0,206202.0,1
improved_water,district,sd_umer_kot,Umer Kot,67.784258,150862.0,222562.0,1
water_on_premises,national,PK,Pakistan,66.466195,25451605.0,38292556.0,136
water_on_premises,province,BA,Balochistan,41.184271,954345.0,2317256.0,34
water_on_premises,province,IS,Islamabad Capital Territory,59.124365,242997.0,410993.0,1
water_on_premises,province,KP,Khyber Pakhtunkhwa,64.94851,3806929.0,5861457.0,35
water_on_premises,province,PB,Punjab,71.371564,14160104.0,19839980.0,36
water_on_premises,province,SD,Sindh,63.746455,6287230.0,9862870.0,30
water_on_premises,map_unit,sd_karachi,Karachi (7 districts),63.790166,2190620.0,3434103.0,7
water_on_premises,district,ba_awaran,Awaran,33.21701,9233.0,27796.0,1
water_on_premises,district,ba_barkhan,Barkhan,10.948683,2524.0,23053.0,1
water_on_premises,district,ba_chagai,Chagai,44.678513,17073.0,38213.0,1
water_on_premises,district,ba_chaman,Chaman,54.986675,34045.0,61915.0,1
water_on_premises,district,ba_dera_bugti,Dera Bugti,26.590329,16557.0,62267.0,1
water_on_premises,district,ba_duki,Duki,59.871339,25780.0,43059.0,1
water_on_premises,district,ba_gwadar,Gwadar,62.696348,31572.0,50357.0,1
water_on_premises,district,ba_harnai,Harnai,50.893674,8343.0,16393.0,1
water_on_premises,district,ba_jaffarabad,Jaffarabad,24.299306,19819.0,81562.0,1
water_on_premises,district,ba_jhal_magsi,Jhal Magsi,18.259942,5652.0,30953.0,1
water_on_premises,district,ba_kachhi,Kachhi,21.846019,10930.0,50032.0,1
water_on_premises,district,ba_kalat,Kalat,24.953929,8260.0,33101.0,1
water_on_premises,district,ba_kech,Kech,56.458822,143109.0,253475.0,1
water_on_premises,district,ba_kharan,Kharan,42.393215,15195.0,35843.0,1
water_on_premises,district,ba_khuzdar,Khuzdar,32.786002,52933.0,161450.0,1
water_on_premises,district,ba_killa_abdullah,Killa Abdullah,53.564476,36043.0,67289.0,1
water_on_premises,district,ba_killa_saifullah,Killa Saifullah,42.80408,29962.0,69998.0,1
water_on_premises,district,ba_kohlu,Kohlu,17.899987,6819.0,38095.0,1
water_on_premises,district,ba_lasbela,Lasbela,22.697098,26224.0,115539.0,1
water_on_premises,district,ba_loralai,Loralai,34.62867,13233.0,38214.0,1
water_on_premises,district,ba_mastung,Mastung,37.590113,16425.0,43695.0,1
water_on_premises,district,ba_musakhel,Musakhel,25.687956,8028.0,31252.0,1
water_on_premises,district,ba_nasirabad,Nasirabad,32.606609,28536.0,87516.0,1
water_on_premises,district,ba_nushki,Nushki,62.988322,19687.0,31255.0,1
water_on_premises,district,ba_panjgur,Panjgur,63.377431,74208.0,117089.0,1
water_on_premises,district,ba_pishin,Pishin,56.840031,83660.0,147185.0,1
water_on_premises,district,ba_quetta,Quetta,35.742341,103102.0,288459.0,1
water_on_premises,district,ba_sherani,Sherani,51.598338,18627.0,36100.0,1
water_on_premises,district,ba_sibi,Sibi,48.28093,15110.0,31296.0,1
water_on_premises,district,ba_sohbatpur,Sohbatpur,32.065572,10817.0,33734.0,1
water_on_premises,district,ba_surab,Surab,30.72208,15738.0,51227.0,1
water_on_premises,district,ba_washuk,Washuk,29.140248,14293.0,49049.0,1
water_on_premises,district,ba_zhob,Zhob,56.537442,27082.0,47901.0,1
water_on_premises,district,ba_ziarat,Ziarat,25.01092,5726.0,22894.0,1
water_on_premises,district,is_islamabad,Islamabad,59.124365,242997.0,410993.0,1
water_on_premises,district,kp_abbottabad,Abbottabad,59.744329,141468.0,236789.0,1
water_on_premises,district,kp_bajaur,Bajaur,56.281543,102263.0,181699.0,1
water_on_premises,district,kp_bannu,Bannu,83.418337,152764.0,183130.0,1
water_on_premises,district,kp_batagram,Batagram,42.261822,36428.0,86196.0,1
water_on_premises,district,kp_buner,Buner,68.502928,81289.0,118665.0,1
water_on_premises,district,kp_charsadda,Charsadda,94.99193,250716.0,263934.0,1
water_on_premises,district,kp_dera_ismail_khan,Dera Ismail Khan,61.239681,165360.0,270021.0,1
water_on_premises,district,kp_hangu,Hangu,65.861516,40273.0,61148.0,1
water_on_premises,district,kp_haripur,Haripur,69.241521,133256.0,192451.0,1
water_on_premises,district,kp_karak,Karak,28.368595,27233.0,95997.0,1
water_on_premises,district,kp_khyber,Khyber,38.083391,63525.0,166805.0,1
water_on_premises,district,kp_kohat,Kohat,70.051686,118863.0,169679.0,1
water_on_premises,district,kp_kolai_palas_kohistan,Kolai Palas Kohistan,17.644116,5996.0,33983.0,1
water_on_premises,district,kp_kurram,Kurram,52.593392,49726.0,94548.0,1
water_on_premises,district,kp_lakki_marwat,Lakki Marwat,65.532625,86372.0,131800.0,1
water_on_premises,district,kp_lower_chitral,Lower Chitral,64.047971,29480.0,46028.0,1
water_on_premises,district,kp_lower_dir,Lower Dir,49.647498,100703.0,202836.0,1
water_on_premises,district,kp_lower_kohistan,Lower Kohistan,36.688703,17371.0,47347.0,1
water_on_premises,district,kp_malakand,Malakand,79.129758,89510.0,113118.0,1
water_on_premises,district,kp_mansehra,Mansehra,49.427992,145344.0,294052.0,1
water_on_premises,district,kp_mardan,Mardan,93.854697,376225.0,400859.0,1
water_on_premises,district,kp_mohmand,Mohmand,41.978647,26855.0,63973.0,1
water_on_premises,district,kp_north_waziristan,North Waziristan,50.229429,50026.0,99595.0,1
water_on_premises,district,kp_nowshera,Nowshera,79.696967,207032.0,259774.0,1
water_on_premises,district,kp_orakzai,Orakzai,32.861201,17122.0,52104.0,1
water_on_premises,district,kp_peshawar,Peshawar,86.73268,599302.0,690976.0,1
water_on_premises,district,kp_shangla,Shangla,53.606819,67298.0,125540.0,1
water_on_premises,district,kp_south_waziristan,South Waziristan,32.417318,57909.0,178636.0,1
water_on_premises,district,kp_swabi,Swabi,83.947723,234194.0,278976.0,1
water_on_premises,district,kp_swat,Swat,59.270432,225946.0,381212.0,1
water_on_premises,district,kp_tank,Tank,49.056871,34616.0,70563.0,1
water_on_premises,district,kp_torghar,Torghar,26.382183,7759.0,29410.0,1
water_on_premises,district,kp_upper_chitral,Upper Chitral,28.537834,7524.0,26365.0,1
water_on_premises,district,kp_upper_dir,Upper Dir,28.443987,42534.0,149536.0,1
water_on_premises,district,kp_upper_kohistan,Upper Kohistan,22.98939,14647.0,63712.0,1
water_on_premises,district,pb_attock,Attock,78.593848,278201.0,353973.0,1
water_on_premises,district,pb_bahawalnagar,Bahawalnagar,68.927183,384349.0,557616.0,1
water_on_premises,district,pb_bahawalpur,Bahawalpur,77.790499,523870.0,673437.0,1
water_on_premises,district,pb_bhakkar,Bhakkar,97.9423,306864.0,313311.0,1
water_on_premises,district,pb_chakwal,Chakwal,81.287088,234788.0,288838.0,1
water_on_premises,district,pb_chiniot,Chiniot,87.71087,224924.0,256438.0,1
water_on_premises,district,pb_dera_ghazi_khan,Dera Ghazi Khan,63.629022,289171.0,454464.0,1
water_on_premises,district,pb_faisalabad,Faisalabad,33.62186,464914.0,1382773.0,1
water_on_premises,district,pb_gujranwala,Gujranwala,77.50363,658143.0,849177.0,1
water_on_premises,district,pb_gujrat,Gujrat,67.333555,329488.0,489337.0,1
water_on_premises,district,pb_hafizabad,Hafizabad,72.504386,142983.0,197206.0,1
water_on_premises,district,pb_jhang,Jhang,92.393074,454573.0,491999.0,1
water_on_premises,district,pb_jhelum,Jhelum,78.035833,178752.0,229064.0,1
water_on_premises,district,pb_kasur,Kasur,75.225939,485439.0,645308.0,1
water_on_premises,district,pb_khanewal,Khanewal,91.348851,480674.0,526196.0,1
water_on_premises,district,pb_khushab,Khushab,63.099265,156678.0,248304.0,1
water_on_premises,district,pb_lahore,Lahore,63.906777,1284670.0,2010225.0,1
water_on_premises,district,pb_layyah,Layyah,93.731147,319746.0,341131.0,1
water_on_premises,district,pb_lodhran,Lodhran,77.776611,251892.0,323866.0,1
water_on_premises,district,pb_mandi_bahauddin,Mandi Bahauddin,57.86761,165495.0,285989.0,1
water_on_premises,district,pb_mianwali,Mianwali,84.383763,250062.0,296339.0,1
water_on_premises,district,pb_multan,Multan,82.912639,734931.0,886392.0,1
water_on_premises,district,pb_muzaffargarh,Muzaffargarh,94.016071,756301.0,804438.0,1
water_on_premises,district,pb_nankana_sahib,Nankana Sahib,32.748344,80874.0,246956.0,1
water_on_premises,district,pb_narowal,Narowal,85.364571,240332.0,281536.0,1
water_on_premises,district,pb_okara,Okara,75.62777,415744.0,549724.0,1
water_on_premises,district,pb_pakpattan,Pakpattan,83.770817,288629.0,344546.0,1
water_on_premises,district,pb_rahim_yar_khan,Rahim Yar Khan,69.036885,570895.0,826942.0,1
water_on_premises,district,pb_rajanpur,Rajanpur,76.645688,271338.0,354016.0,1
water_on_premises,district,pb_rawalpindi,Rawalpindi,60.974549,608526.0,998000.0,1
water_on_premises,district,pb_sahiwal,Sahiwal,75.189317,335800.0,446606.0,1
water_on_premises,district,pb_sargodha,Sargodha,65.455539,447926.0,684321.0,1
water_on_premises,district,pb_sheikhupura,Sheikhupura,71.157671,422150.0,593260.0,1
water_on_premises,district,pb_sialkot,Sialkot,61.349133,411849.0,671320.0,1
water_on_premises,district,pb_toba_tek_singh,Toba Tek Singh,67.123302,264396.0,393896.0,1
water_on_premises,district,pb_vehari,Vehari,81.898254,444737.0,543036.0,1
water_on_premises,district,sd_badin,Badin,48.667729,193645.0,397892.0,1
water_on_premises,district,sd_dadu,Dadu,58.457842,199032.0,340471.0,1
water_on_premises,district,sd_ghotki,Ghotki,86.610622,286721.0,331046.0,1
water_on_premises,district,sd_hyderabad,Hyderabad,72.19132,323555.0,448191.0,1
water_on_premises,district,sd_jacobabad,Jacobabad,44.220634,86255.0,195056.0,1
water_on_premises,district,sd_jamshoro,Jamshoro,43.370977,92594.0,213493.0,1
water_on_premises,district,sd_kambar_shahdad_kot,Kambar Shahdad Kot,45.253838,121078.0,267553.0,1
water_on_premises,district,sd_karachi_central,Karachi Central,73.088959,476005.0,651268.0,1
water_on_premises,district,sd_karachi_east,Karachi East,65.360053,430977.0,659389.0,1
water_on_premises,district,sd_karachi_south,Karachi South,70.244864,298606.0,425093.0,1
water_on_premises,district,sd_karachi_west,Karachi West,64.280397,298747.0,464756.0,1
water_on_premises,district,sd_kashmore,Kashmore,85.179565,177935.0,208894.0,1
water_on_premises,district,sd_keamari,Keamari,38.35097,122386.0,319121.0,1
water_on_premises,district,sd_khairpur,Khairpur,83.332891,376873.0,452250.0,1
water_on_premises,district,sd_korangi,Korangi,55.280803,272562.0,493050.0,1
water_on_premises,district,sd_larkana,Larkana,94.920816,305197.0,321528.0,1
water_on_premises,district,sd_malir,Malir,69.131235,291337.0,421426.0,1
water_on_premises,district,sd_matiari,Matiari,82.791566,131194.0,158463.0,1
water_on_premises,district,sd_mirpur_khas,Mirpur Khas,41.985584,131409.0,312986.0,1
water_on_premises,district,sd_naushahro_feroze,Naushahro Feroze,93.008056,297410.0,319768.0,1
water_on_premises,district,sd_sanghar,Sanghar,60.169265,244851.0,406937.0,1
water_on_premises,district,sd_shaheed_benazirabad,Shaheed Benazirabad,80.310507,268523.0,334356.0,1
water_on_premises,district,sd_shikarpur,Shikarpur,91.919432,197465.0,214824.0,1
water_on_premises,district,sd_sujawal,Sujawal,44.068768,70005.0,158854.0,1
water_on_premises,district,sd_sukkur,Sukkur,77.838176,209064.0,268588.0,1
water_on_premises,district,sd_tando_allahyar,Tando Allahyar,61.85743,109779.0,177471.0,1
water_on_premises,district,sd_tando_muhammad_khan,Tando Muhammad Khan,62.365262,89680.0,143798.0,1
water_on_premises,district,sd_tharparkar,Tharparkar,14.916785,48865.0,327584.0,1
water_on_premises,district,sd_thatta,Thatta,32.316854,66638.0,206202.0,1
water_on_premises,district,sd_umer_kot,Umer Kot,30.931606,68842.0,222562.0,1
flush_toilet,national,PK,Pakistan,80.617392,30870460.0,38292556.0,136
flush_toilet,province,BA,Balochistan,53.516875,1240123.0,2317256.0,34
flush_toilet,province,IS,Islamabad Capital Territory,96.486558,396553.0,410993.0,1
flush_toilet,province,KP,Khyber Pakhtunkhwa,81.176864,4758147.0,5861457.0,35
flush_toilet,province,PB,Punjab,88.253874,17509551.0,19839980.0,36
flush_toilet,province,SD,Sindh,70.629401,6966086.0,9862870.0,30
flush_toilet,map_unit,sd_karachi,Karachi (7 districts),95.283921,3272148.0,3434103.0,7
flush_toilet,district,ba_awaran,Awaran,51.92114,14432.0,27796.0,1
flush_toilet,district,ba_barkhan,Barkhan,28.50822,6572.0,23053.0,1
flush_toilet,district,ba_chagai,Chagai,65.97493,25211.0,38213.0,1
flush_toilet,district,ba_chaman,Chaman,64.120165,39700.0,61915.0,1
flush_toilet,district,ba_dera_bugti,Dera Bugti,34.960734,21769.0,62267.0,1
flush_toilet,district,ba_duki,Duki,44.836155,19306.0,43059.0,1
flush_toilet,district,ba_gwadar,Gwadar,78.475684,39518.0,50357.0,1
flush_toilet,district,ba_harnai,Harnai,43.061063,7059.0,16393.0,1
flush_toilet,district,ba_jaffarabad,Jaffarabad,47.365195,38632.0,81562.0,1
flush_toilet,district,ba_jhal_magsi,Jhal Magsi,34.607308,10712.0,30953.0,1
flush_toilet,district,ba_kachhi,Kachhi,49.416374,24724.0,50032.0,1
flush_toilet,district,ba_kalat,Kalat,41.42473,13712.0,33101.0,1
flush_toilet,district,ba_kech,Kech,56.252885,142587.0,253475.0,1
flush_toilet,district,ba_kharan,Kharan,53.184722,19063.0,35843.0,1
flush_toilet,district,ba_khuzdar,Khuzdar,44.46454,71788.0,161450.0,1
flush_toilet,district,ba_killa_abdullah,Killa Abdullah,50.737862,34141.0,67289.0,1
flush_toilet,district,ba_killa_saifullah,Killa Saifullah,32.969513,23078.0,69998.0,1
flush_toilet,district,ba_kohlu,Kohlu,22.535766,8585.0,38095.0,1
flush_toilet,district,ba_lasbela,Lasbela,69.764322,80605.0,115539.0,1
flush_toilet,district,ba_loralai,Loralai,52.352541,20006.0,38214.0,1
flush_toilet,district,ba_mastung,Mastung,67.543197,29513.0,43695.0,1
flush_toilet,district,ba_musakhel,Musakhel,26.72469,8352.0,31252.0,1
flush_toilet,district,ba_nasirabad,Nasirabad,30.60926,26788.0,87516.0,1
flush_toilet,district,ba_nushki,Nushki,69.473684,21714.0,31255.0,1
flush_toilet,district,ba_panjgur,Panjgur,22.475211,26316.0,117089.0,1
flush_toilet,district,ba_pishin,Pishin,65.305568,96120.0,147185.0,1
flush_toilet,district,ba_quetta,Quetta,86.281586,248887.0,288459.0,1
flush_toilet,district,ba_sherani,Sherani,44.747922,16154.0,36100.0,1
flush_toilet,district,ba_sibi,Sibi,66.366309,20770.0,31296.0,1
flush_toilet,district,ba_sohbatpur,Sohbatpur,33.500326,11301.0,33734.0,1
flush_toilet,district,ba_surab,Surab,49.204521,25206.0,51227.0,1
flush_toilet,district,ba_washuk,Washuk,28.650941,14053.0,49049.0,1
flush_toilet,district,ba_zhob,Zhob,47.299639,22657.0,47901.0,1
flush_toilet,district,ba_ziarat,Ziarat,48.449375,11092.0,22894.0,1
flush_toilet,district,is_islamabad,Islamabad,96.486558,396553.0,410993.0,1
flush_toilet,district,kp_abbottabad,Abbottabad,93.029237,220283.0,236789.0,1
flush_toilet,district,kp_bajaur,Bajaur,58.242478,105826.0,181699.0,1
flush_toilet,district,kp_bannu,Bannu,68.2952,125069.0,183130.0,1
flush_toilet,district,kp_batagram,Batagram,73.161168,63062.0,86196.0,1
flush_toilet,district,kp_buner,Buner,73.412548,87115.0,118665.0,1
flush_toilet,district,kp_charsadda,Charsadda,93.243387,246101.0,263934.0,1
flush_toilet,district,kp_dera_ismail_khan,Dera Ismail Khan,82.940216,223956.0,270021.0,1
flush_toilet,district,kp_hangu,Hangu,84.548963,51700.0,61148.0,1
flush_toilet,district,kp_haripur,Haripur,92.221397,177481.0,192451.0,1
flush_toilet,district,kp_karak,Karak,88.192339,84662.0,95997.0,1
flush_toilet,district,kp_khyber,Khyber,47.252181,78819.0,166805.0,1
flush_toilet,district,kp_kohat,Kohat,89.5762,151992.0,169679.0,1
flush_toilet,district,kp_kolai_palas_kohistan,Kolai Palas Kohistan,39.669835,13481.0,33983.0,1
flush_toilet,district,kp_kurram,Kurram,65.380547,61816.0,94548.0,1
flush_toilet,district,kp_lakki_marwat,Lakki Marwat,80.918816,106651.0,131800.0,1
flush_toilet,district,kp_lower_chitral,Lower Chitral,87.866082,40443.0,46028.0,1
flush_toilet,district,kp_lower_dir,Lower Dir,89.506301,181551.0,202836.0,1
flush_toilet,district,kp_lower_kohistan,Lower Kohistan,54.079456,25605.0,47347.0,1
flush_toilet,district,kp_malakand,Malakand,86.473417,97817.0,113118.0,1
flush_toilet,district,kp_mansehra,Mansehra,88.502374,260243.0,294052.0,1
flush_toilet,district,kp_mardan,Mardan,92.508089,370827.0,400859.0,1
flush_toilet,district,kp_mohmand,Mohmand,45.028371,28806.0,63973.0,1
flush_toilet,district,kp_north_waziristan,North Waziristan,53.74065,53523.0,99595.0,1
flush_toilet,district,kp_nowshera,Nowshera,90.879765,236082.0,259774.0,1
flush_toilet,district,kp_orakzai,Orakzai,62.82819,32736.0,52104.0,1
flush_toilet,district,kp_peshawar,Peshawar,90.473475,625150.0,690976.0,1
flush_toilet,district,kp_shangla,Shangla,67.653338,84932.0,125540.0,1
flush_toilet,district,kp_south_waziristan,South Waziristan,58.639916,104752.0,178636.0,1
flush_toilet,district,kp_swabi,Swabi,87.949501,245358.0,278976.0,1
flush_toilet,district,kp_swat,Swat,88.016904,335531.0,381212.0,1
flush_toilet,district,kp_tank,Tank,70.562476,49791.0,70563.0,1
flush_toilet,district,kp_torghar,Torghar,44.991499,13232.0,29410.0,1
flush_toilet,district,kp_upper_chitral,Upper Chitral,94.644415,24953.0,26365.0,1
flush_toilet,district,kp_upper_dir,Upper Dir,80.813316,120845.0,149536.0,1
flush_toilet,district,kp_upper_kohistan,Upper Kohistan,43.878704,27956.0,63712.0,1
flush_toilet,district,pb_attock,Attock,92.666107,328013.0,353973.0,1
flush_toilet,district,pb_bahawalnagar,Bahawalnagar,80.018149,446194.0,557616.0,1
flush_toilet,district,pb_bahawalpur,Bahawalpur,84.475311,568888.0,673437.0,1
flush_toilet,district,pb_bhakkar,Bhakkar,81.294305,254704.0,313311.0,1
flush_toilet,district,pb_chakwal,Chakwal,91.427028,264076.0,288838.0,1
flush_toilet,district,pb_chiniot,Chiniot,68.864989,176596.0,256438.0,1
flush_toilet,district,pb_dera_ghazi_khan,Dera Ghazi Khan,70.398755,319937.0,454464.0,1
flush_toilet,district,pb_faisalabad,Faisalabad,93.100097,1287363.0,1382773.0,1
flush_toilet,district,pb_gujranwala,Gujranwala,96.768047,821732.0,849177.0,1
flush_toilet,district,pb_gujrat,Gujrat,95.776122,468668.0,489337.0,1
flush_toilet,district,pb_hafizabad,Hafizabad,89.717858,176929.0,197206.0,1
flush_toilet,district,pb_jhang,Jhang,76.629018,377014.0,491999.0,1
flush_toilet,district,pb_jhelum,Jhelum,92.544005,211985.0,229064.0,1
flush_toilet,district,pb_kasur,Kasur,93.459712,603103.0,645308.0,1
flush_toilet,district,pb_khanewal,Khanewal,87.791811,461957.0,526196.0,1
flush_toilet,district,pb_khushab,Khushab,81.957198,203503.0,248304.0,1
flush_toilet,district,pb_lahore,Lahore,95.56373,1921046.0,2010225.0,1
flush_toilet,district,pb_layyah,Layyah,86.196212,294042.0,341131.0,1
flush_toilet,district,pb_lodhran,Lodhran,85.766027,277767.0,323866.0,1
flush_toilet,district,pb_mandi_bahauddin,Mandi Bahauddin,86.858236,248405.0,285989.0,1
flush_toilet,district,pb_mianwali,Mianwali,87.485616,259254.0,296339.0,1
flush_toilet,district,pb_multan,Multan,89.699591,795090.0,886392.0,1
flush_toilet,district,pb_muzaffargarh,Muzaffargarh,76.063786,611886.0,804438.0,1
flush_toilet,district,pb_nankana_sahib,Nankana Sahib,90.282075,222957.0,246956.0,1
flush_toilet,district,pb_narowal,Narowal,94.13432,265022.0,281536.0,1
flush_toilet,district,pb_okara,Okara,89.217316,490449.0,549724.0,1
flush_toilet,district,pb_pakpattan,Pakpattan,85.614693,294982.0,344546.0,1
flush_toilet,district,pb_rahim_yar_khan,Rahim Yar Khan,82.884531,685407.0,826942.0,1
flush_toilet,district,pb_rajanpur,Rajanpur,57.852752,204808.0,354016.0,1
flush_toilet,district,pb_rawalpindi,Rawalpindi,94.980261,947903.0,998000.0,1
flush_toilet,district,pb_sahiwal,Sahiwal,88.916405,397106.0,446606.0,1
flush_toilet,district,pb_sargodha,Sargodha,84.55564,578632.0,684321.0,1
flush_toilet,district,pb_sheikhupura,Sheikhupura,96.069346,569941.0,593260.0,1
flush_toilet,district,pb_sialkot,Sialkot,96.019335,644597.0,671320.0,1
flush_toilet,district,pb_toba_tek_singh,Toba Tek Singh,89.655391,353149.0,393896.0,1
flush_toilet,district,pb_vehari,Vehari,87.737461,476446.0,543036.0,1
flush_toilet,district,sd_badin,Badin,32.106702,127750.0,397892.0,1
flush_toilet,district,sd_dadu,Dadu,80.74814,274924.0,340471.0,1
flush_toilet,district,sd_ghotki,Ghotki,56.297312,186370.0,331046.0,1
flush_toilet,district,sd_hyderabad,Hyderabad,90.186996,404210.0,448191.0,1
flush_toilet,district,sd_jacobabad,Jacobabad,54.471024,106249.0,195056.0,1
flush_toilet,district,sd_jamshoro,Jamshoro,68.83036,146948.0,213493.0,1
flush_toilet,district,sd_kambar_shahdad_kot,Kambar Shahdad Kot,58.180622,155664.0,267553.0,1
flush_toilet,district,sd_karachi_central,Karachi Central,97.411665,634411.0,651268.0,1
flush_toilet,district,sd_karachi_east,Karachi East,94.419531,622592.0,659389.0,1
flush_toilet,district,sd_karachi_south,Karachi South,96.558871,410465.0,425093.0,1
flush_toilet,district,sd_karachi_west,Karachi West,95.485158,443773.0,464756.0,1
flush_toilet,district,sd_kashmore,Kashmore,49.311613,103009.0,208894.0,1
flush_toilet,district,sd_keamari,Keamari,94.803225,302537.0,319121.0,1
flush_toilet,district,sd_khairpur,Khairpur,58.579989,264928.0,452250.0,1
flush_toilet,district,sd_korangi,Korangi,97.3885,480174.0,493050.0,1
flush_toilet,district,sd_larkana,Larkana,82.133438,264082.0,321528.0,1
flush_toilet,district,sd_malir,Malir,89.741971,378196.0,421426.0,1
flush_toilet,district,sd_matiari,Matiari,64.194796,101725.0,158463.0,1
flush_toilet,district,sd_mirpur_khas,Mirpur Khas,45.937518,143778.0,312986.0,1
flush_toilet,district,sd_naushahro_feroze,Naushahro Feroze,72.730229,232568.0,319768.0,1
flush_toilet,district,sd_sanghar,Sanghar,50.643711,206088.0,406937.0,1
flush_toilet,district,sd_shaheed_benazirabad,Shaheed Benazirabad,62.364366,208519.0,334356.0,1
flush_toilet,district,sd_shikarpur,Shikarpur,68.055245,146199.0,214824.0,1
flush_toilet,district,sd_sujawal,Sujawal,24.497337,38915.0,158854.0,1
flush_toilet,district,sd_sukkur,Sukkur,74.352912,199703.0,268588.0,1
flush_toilet,district,sd_tando_allahyar,Tando Allahyar,56.654327,100545.0,177471.0,1
flush_toilet,district,sd_tando_muhammad_khan,Tando Muhammad Khan,34.729968,49941.0,143798.0,1
flush_toilet,district,sd_tharparkar,Tharparkar,29.290808,95952.0,327584.0,1
flush_toilet,district,sd_thatta,Thatta,30.687384,63278.0,206202.0,1
flush_toilet,district,sd_umer_kot,Umer Kot,32.616979,72593.0,222562.0,1
no_toilet,national,PK,Pakistan,12.856337,4923020.0,38292556.0,136
no_toilet,province,BA,Balochistan,23.121226,535778.0,2317256.0,34
no_toilet,province,IS,Islamabad Capital Territory,1.000017,4110.0,410993.0,1
no_toilet,province,KP,Khyber Pakhtunkhwa,10.080582,590869.0,5861457.0,35
no_toilet,province,PB,Punjab,9.501194,1885035.0,19839980.0,36
no_toilet,province,SD,Sindh,19.337455,1907228.0,9862870.0,30
no_toilet,map_unit,sd_karachi,Karachi (7 districts),1.325907,45533.0,3434103.0,7
no_toilet,district,ba_awaran,Awaran,20.905886,5811.0,27796.0,1
no_toilet,district,ba_barkhan,Barkhan,55.133822,12710.0,23053.0,1
no_toilet,district,ba_chagai,Chagai,24.737655,9453.0,38213.0,1
no_toilet,district,ba_chaman,Chaman,4.449649,2755.0,61915.0,1
no_toilet,district,ba_dera_bugti,Dera Bugti,57.725601,35944.0,62267.0,1
no_toilet,district,ba_duki,Duki,27.894285,12011.0,43059.0,1
no_toilet,district,ba_gwadar,Gwadar,12.183013,6135.0,50357.0,1
no_toilet,district,ba_harnai,Harnai,46.794363,7671.0,16393.0,1
no_toilet,district,ba_jaffarabad,Jaffarabad,33.994998,27727.0,81562.0,1
no_toilet,district,ba_jhal_magsi,Jhal Magsi,37.731399,11679.0,30953.0,1
no_toilet,district,ba_kachhi,Kachhi,14.027023,7018.0,50032.0,1
no_toilet,district,ba_kalat,Kalat,25.364793,8396.0,33101.0,1
no_toilet,district,ba_kech,Kech,18.180097,46082.0,253475.0,1
no_toilet,district,ba_kharan,Kharan,15.662751,5614.0,35843.0,1
no_toilet,district,ba_khuzdar,Khuzdar,29.06101,46919.0,161450.0,1
no_toilet,district,ba_killa_abdullah,Killa Abdullah,11.119202,7482.0,67289.0,1
no_toilet,district,ba_killa_saifullah,Killa Saifullah,51.610046,36126.0,69998.0,1
no_toilet,district,ba_kohlu,Kohlu,67.392046,25673.0,38095.0,1
no_toilet,district,ba_lasbela,Lasbela,21.011087,24276.0,115539.0,1
no_toilet,district,ba_loralai,Loralai,29.669755,11338.0,38214.0,1
no_toilet,district,ba_mastung,Mastung,7.463096,3261.0,43695.0,1
no_toilet,district,ba_musakhel,Musakhel,53.375784,16681.0,31252.0,1
no_toilet,district,ba_nasirabad,Nasirabad,40.255496,35230.0,87516.0,1
no_toilet,district,ba_nushki,Nushki,9.336106,2918.0,31255.0,1
no_toilet,district,ba_panjgur,Panjgur,19.945512,23354.0,117089.0,1
no_toilet,district,ba_pishin,Pishin,8.615688,12681.0,147185.0,1
no_toilet,district,ba_quetta,Quetta,1.324278,3820.0,288459.0,1
no_toilet,district,ba_sherani,Sherani,27.526316,9937.0,36100.0,1
no_toilet,district,ba_sibi,Sibi,11.490286,3596.0,31296.0,1
no_toilet,district,ba_sohbatpur,Sohbatpur,50.130432,16911.0,33734.0,1
no_toilet,district,ba_surab,Surab,16.977375,8697.0,51227.0,1
no_toilet,district,ba_washuk,Washuk,42.820445,21003.0,49049.0,1
no_toilet,district,ba_zhob,Zhob,36.669381,17565.0,47901.0,1
no_toilet,district,ba_ziarat,Ziarat,40.639469,9304.0,22894.0,1
no_toilet,district,is_islamabad,Islamabad,1.000017,4110.0,410993.0,1
no_toilet,district,kp_abbottabad,Abbottabad,5.040775,11936.0,236789.0,1
no_toilet,district,kp_bajaur,Bajaur,20.420035,37103.0,181699.0,1
no_toilet,district,kp_bannu,Bannu,21.070278,38586.0,183130.0,1
no_toilet,district,kp_batagram,Batagram,21.44183,18482.0,86196.0,1
no_toilet,district,kp_buner,Buner,22.870265,27139.0,118665.0,1
no_toilet,district,kp_charsadda,Charsadda,3.680466,9714.0,263934.0,1
no_toilet,district,kp_dera_ismail_khan,Dera Ismail Khan,0.50959,1376.0,270021.0,1
no_toilet,district,kp_hangu,Hangu,6.577484,4022.0,61148.0,1
no_toilet,district,kp_haripur,Haripur,3.852929,7415.0,192451.0,1
no_toilet,district,kp_karak,Karak,0.256258,246.0,95997.0,1
no_toilet,district,kp_khyber,Khyber,10.065646,16790.0,166805.0,1
no_toilet,district,kp_kohat,Kohat,5.737304,9735.0,169679.0,1
no_toilet,district,kp_kolai_palas_kohistan,Kolai Palas Kohistan,34.549628,11741.0,33983.0,1
no_toilet,district,kp_kurram,Kurram,14.148369,13377.0,94548.0,1
no_toilet,district,kp_lakki_marwat,Lakki Marwat,12.14264,16004.0,131800.0,1
no_toilet,district,kp_lower_chitral,Lower Chitral,8.45355,3891.0,46028.0,1
no_toilet,district,kp_lower_dir,Lower Dir,7.144688,14492.0,202836.0,1
no_toilet,district,kp_lower_kohistan,Lower Kohistan,30.884745,14623.0,47347.0,1
no_toilet,district,kp_malakand,Malakand,8.696229,9837.0,113118.0,1
no_toilet,district,kp_mansehra,Mansehra,8.554609,25155.0,294052.0,1
no_toilet,district,kp_mardan,Mardan,4.661988,18688.0,400859.0,1
no_toilet,district,kp_mohmand,Mohmand,21.978022,14060.0,63973.0,1
no_toilet,district,kp_north_waziristan,North Waziristan,25.959134,25854.0,99595.0,1
no_toilet,district,kp_nowshera,Nowshera,5.359274,13922.0,259774.0,1
no_toilet,district,kp_orakzai,Orakzai,0.0,0.0,52104.0,1
no_toilet,district,kp_peshawar,Peshawar,3.962656,27381.0,690976.0,1
no_toilet,district,kp_shangla,Shangla,25.326589,31795.0,125540.0,1
no_toilet,district,kp_south_waziristan,South Waziristan,18.800802,33585.0,178636.0,1
no_toilet,district,kp_swabi,Swabi,8.925141,24899.0,278976.0,1
no_toilet,district,kp_swat,Swat,9.158683,34914.0,381212.0,1
no_toilet,district,kp_tank,Tank,11.428086,8064.0,70563.0,1
no_toilet,district,kp_torghar,Torghar,52.519551,15446.0,29410.0,1
no_toilet,district,kp_upper_chitral,Upper Chitral,1.498198,395.0,26365.0,1
no_toilet,district,kp_upper_dir,Upper Dir,15.306013,22888.0,149536.0,1
no_toilet,district,kp_upper_kohistan,Upper Kohistan,42.871045,27314.0,63712.0,1
no_toilet,district,pb_attock,Attock,4.865343,17222.0,353973.0,1
no_toilet,district,pb_bahawalnagar,Bahawalnagar,17.476005,97449.0,557616.0,1
no_toilet,district,pb_bahawalpur,Bahawalpur,13.533263,91138.0,673437.0,1
no_toilet,district,pb_bhakkar,Bhakkar,16.954081,53119.0,313311.0,1
no_toilet,district,pb_chakwal,Chakwal,5.855878,16914.0,288838.0,1
no_toilet,district,pb_chiniot,Chiniot,28.995703,74356.0,256438.0,1
no_toilet,district,pb_dera_ghazi_khan,Dera Ghazi Khan,26.1156,118686.0,454464.0,1
no_toilet,district,pb_faisalabad,Faisalabad,5.289082,73136.0,1382773.0,1
no_toilet,district,pb_gujranwala,Gujranwala,1.530776,12999.0,849177.0,1
no_toilet,district,pb_gujrat,Gujrat,2.86878,14038.0,489337.0,1
no_toilet,district,pb_hafizabad,Hafizabad,8.596594,16953.0,197206.0,1
no_toilet,district,pb_jhang,Jhang,20.793132,102302.0,491999.0,1
no_toilet,district,pb_jhelum,Jhelum,5.543429,12698.0,229064.0,1
no_toilet,district,pb_kasur,Kasur,5.12236,33055.0,645308.0,1
no_toilet,district,pb_khanewal,Khanewal,9.902394,52106.0,526196.0,1
no_toilet,district,pb_khushab,Khushab,15.640908,38837.0,248304.0,1
no_toilet,district,pb_lahore,Lahore,1.825816,36703.0,2010225.0,1
no_toilet,district,pb_layyah,Layyah,11.932952,40707.0,341131.0,1
no_toilet,district,pb_lodhran,Lodhran,11.960193,38735.0,323866.0,1
no_toilet,district,pb_mandi_bahauddin,Mandi Bahauddin,10.784681,30843.0,285989.0,1
no_toilet,district,pb_mianwali,Mianwali,8.842913,26205.0,296339.0,1
no_toilet,district,pb_multan,Multan,8.280986,73402.0,886392.0,1
no_toilet,district,pb_muzaffargarh,Muzaffargarh,21.124189,169931.0,804438.0,1
no_toilet,district,pb_nankana_sahib,Nankana Sahib,8.08808,19974.0,246956.0,1
no_toilet,district,pb_narowal,Narowal,4.43993,12500.0,281536.0,1
no_toilet,district,pb_okara,Okara,9.105115,50053.0,549724.0,1
no_toilet,district,pb_pakpattan,Pakpattan,12.094757,41672.0,344546.0,1
no_toilet,district,pb_rahim_yar_khan,Rahim Yar Khan,14.228446,117661.0,826942.0,1
no_toilet,district,pb_rajanpur,Rajanpur,37.62909,133213.0,354016.0,1
no_toilet,district,pb_rawalpindi,Rawalpindi,2.379359,23746.0,998000.0,1
no_toilet,district,pb_sahiwal,Sahiwal,9.150123,40865.0,446606.0,1
no_toilet,district,pb_sargodha,Sargodha,13.542037,92671.0,684321.0,1
no_toilet,district,pb_sheikhupura,Sheikhupura,2.295789,13620.0,593260.0,1
no_toilet,district,pb_sialkot,Sialkot,2.447715,16432.0,671320.0,1
no_toilet,district,pb_toba_tek_singh,Toba Tek Singh,7.506804,29569.0,393896.0,1
no_toilet,district,pb_vehari,Vehari,9.488321,51525.0,543036.0,1
no_toilet,district,sd_badin,Badin,50.092236,199313.0,397892.0,1
no_toilet,district,sd_dadu,Dadu,0.980407,3338.0,340471.0,1
no_toilet,district,sd_ghotki,Ghotki,33.604393,111246.0,331046.0,1
no_toilet,district,sd_hyderabad,Hyderabad,3.985354,17862.0,448191.0,1
no_toilet,district,sd_jacobabad,Jacobabad,29.188028,56933.0,195056.0,1
no_toilet,district,sd_jamshoro,Jamshoro,18.252121,38967.0,213493.0,1
no_toilet,district,sd_kambar_shahdad_kot,Kambar Shahdad Kot,18.427751,49304.0,267553.0,1
no_toilet,district,sd_karachi_central,Karachi Central,0.454498,2960.0,651268.0,1
no_toilet,district,sd_karachi_east,Karachi East,1.773157,11692.0,659389.0,1
no_toilet,district,sd_karachi_south,Karachi South,0.578462,2459.0,425093.0,1
no_toilet,district,sd_karachi_west,Karachi West,1.160824,5395.0,464756.0,1
no_toilet,district,sd_kashmore,Kashmore,31.341733,65471.0,208894.0,1
no_toilet,district,sd_keamari,Keamari,1.352778,4317.0,319121.0,1
no_toilet,district,sd_khairpur,Khairpur,28.367717,128293.0,452250.0,1
no_toilet,district,sd_korangi,Korangi,0.614542,3030.0,493050.0,1
no_toilet,district,sd_larkana,Larkana,6.688998,21507.0,321528.0,1
no_toilet,district,sd_malir,Malir,3.720701,15680.0,421426.0,1
no_toilet,district,sd_matiari,Matiari,25.205884,39942.0,158463.0,1
no_toilet,district,sd_mirpur_khas,Mirpur Khas,40.181669,125763.0,312986.0,1
no_toilet,district,sd_naushahro_feroze,Naushahro Feroze,15.184759,48556.0,319768.0,1
no_toilet,district,sd_sanghar,Sanghar,38.393904,156239.0,406937.0,1
no_toilet,district,sd_shaheed_benazirabad,Shaheed Benazirabad,26.561509,88810.0,334356.0,1
no_toilet,district,sd_shikarpur,Shikarpur,17.63397,37882.0,214824.0,1
no_toilet,district,sd_sujawal,Sujawal,50.040289,79491.0,158854.0,1
no_toilet,district,sd_sukkur,Sukkur,14.751217,39620.0,268588.0,1
no_toilet,district,sd_tando_allahyar,Tando Allahyar,32.982854,58535.0,177471.0,1
no_toilet,district,sd_tando_muhammad_khan,Tando Muhammad Khan,51.051475,73411.0,143798.0,1
no_toilet,district,sd_tharparkar,Tharparkar,58.780954,192557.0,327584.0,1
no_toilet,district,sd_thatta,Thatta,48.333673,99665.0,206202.0,1
no_toilet,district,sd_umer_kot,Umer Kot,57.956884,128990.0,222562.0,1
pakka_housing,national,PK,Pakistan,67.464723,25833967.0,38292556.0,136
pakka_housing,province,BA,Balochistan,19.640817,455128.0,2317256.0,34
pakka_housing,province,IS,Islamabad Capital Territory,97.349347,400099.0,410993.0,1
pakka_housing,province,KP,Khyber Pakhtunkhwa,55.574885,3257498.0,5861457.0,35
pakka_housing,province,PB,Punjab,80.802082,16031117.0,19839980.0,36
pakka_housing,province,SD,Sindh,57.692386,5690125.0,9862870.0,30
pakka_housing,map_unit,sd_karachi,Karachi (7 districts),94.176441,3234116.0,3434103.0,7
pakka_housing,district,ba_awaran,Awaran,12.573752,3495.0,27796.0,1
pakka_housing,district,ba_barkhan,Barkhan,5.660868,1305.0,23053.0,1
pakka_housing,district,ba_chagai,Chagai,8.839924,3378.0,38213.0,1
pakka_housing,district,ba_chaman,Chaman,12.773964,7909.0,61915.0,1
pakka_housing,district,ba_dera_bugti,Dera Bugti,15.168548,9445.0,62267.0,1
pakka_housing,district,ba_duki,Duki,5.093012,2193.0,43059.0,1
pakka_housing,district,ba_gwadar,Gwadar,51.412912,25890.0,50357.0,1
pakka_housing,district,ba_harnai,Harnai,16.409443,2690.0,16393.0,1
pakka_housing,district,ba_jaffarabad,Jaffarabad,21.116451,17223.0,81562.0,1
pakka_housing,district,ba_jhal_magsi,Jhal Magsi,3.16286,979.0,30953.0,1
pakka_housing,district,ba_kachhi,Kachhi,8.950272,4478.0,50032.0,1
pakka_housing,district,ba_kalat,Kalat,5.410713,1791.0,33101.0,1
pakka_housing,district,ba_kech,Kech,17.881448,45325.0,253475.0,1
pakka_housing,district,ba_kharan,Kharan,4.176548,1497.0,35843.0,1
pakka_housing,district,ba_khuzdar,Khuzdar,9.472282,15293.0,161450.0,1
pakka_housing,district,ba_killa_abdullah,Killa Abdullah,3.202604,2155.0,67289.0,1
pakka_housing,district,ba_killa_saifullah,Killa Saifullah,4.768708,3338.0,69998.0,1
pakka_housing,district,ba_kohlu,Kohlu,5.775036,2200.0,38095.0,1
pakka_housing,district,ba_lasbela,Lasbela,48.181999,55669.0,115539.0,1
pakka_housing,district,ba_loralai,Loralai,8.499503,3248.0,38214.0,1
pakka_housing,district,ba_mastung,Mastung,8.431171,3684.0,43695.0,1
pakka_housing,district,ba_musakhel,Musakhel,9.369,2928.0,31252.0,1
pakka_housing,district,ba_nasirabad,Nasirabad,12.718817,11131.0,87516.0,1
pakka_housing,district,ba_nushki,Nushki,18.662614,5833.0,31255.0,1
pakka_housing,district,ba_panjgur,Panjgur,7.103998,8318.0,117089.0,1
pakka_housing,district,ba_pishin,Pishin,7.475626,11003.0,147185.0,1
pakka_housing,district,ba_quetta,Quetta,59.009773,170219.0,288459.0,1
pakka_housing,district,ba_sherani,Sherani,16.886427,6096.0,36100.0,1
pakka_housing,district,ba_sibi,Sibi,23.485429,7350.0,31296.0,1
pakka_housing,district,ba_sohbatpur,Sohbatpur,15.957195,5383.0,33734.0,1
pakka_housing,district,ba_surab,Surab,2.947664,1510.0,51227.0,1
pakka_housing,district,ba_washuk,Washuk,3.137679,1539.0,49049.0,1
pakka_housing,district,ba_zhob,Zhob,19.114423,9156.0,47901.0,1
pakka_housing,district,ba_ziarat,Ziarat,6.451472,1477.0,22894.0,1
pakka_housing,district,is_islamabad,Islamabad,97.349347,400099.0,410993.0,1
pakka_housing,district,kp_abbottabad,Abbottabad,81.901186,193933.0,236789.0,1
pakka_housing,district,kp_bajaur,Bajaur,15.050165,27346.0,181699.0,1
pakka_housing,district,kp_bannu,Bannu,52.426691,96009.0,183130.0,1
pakka_housing,district,kp_batagram,Batagram,56.194023,48437.0,86196.0,1
pakka_housing,district,kp_buner,Buner,57.649686,68410.0,118665.0,1
pakka_housing,district,kp_charsadda,Charsadda,66.645449,175900.0,263934.0,1
pakka_housing,district,kp_dera_ismail_khan,Dera Ismail Khan,46.413057,125325.0,270021.0,1
pakka_housing,district,kp_hangu,Hangu,63.349578,38737.0,61148.0,1
pakka_housing,district,kp_haripur,Haripur,86.320154,166124.0,192451.0,1
pakka_housing,district,kp_karak,Karak,60.677938,58249.0,95997.0,1
pakka_housing,district,kp_khyber,Khyber,23.874584,39824.0,166805.0,1
pakka_housing,district,kp_kohat,Kohat,72.229916,122559.0,169679.0,1
pakka_housing,district,kp_kolai_palas_kohistan,Kolai Palas Kohistan,6.909337,2348.0,33983.0,1
pakka_housing,district,kp_kurram,Kurram,23.141685,21880.0,94548.0,1
pakka_housing,district,kp_lakki_marwat,Lakki Marwat,43.767071,57685.0,131800.0,1
pakka_housing,district,kp_lower_chitral,Lower Chitral,28.437038,13089.0,46028.0,1
pakka_housing,district,kp_lower_dir,Lower Dir,61.890887,125537.0,202836.0,1
pakka_housing,district,kp_lower_kohistan,Lower Kohistan,22.430143,10620.0,47347.0,1
pakka_housing,district,kp_malakand,Malakand,69.676798,78817.0,113118.0,1
pakka_housing,district,kp_mansehra,Mansehra,77.012909,226458.0,294052.0,1
pakka_housing,district,kp_mardan,Mardan,72.908679,292261.0,400859.0,1
pakka_housing,district,kp_mohmand,Mohmand,14.703078,9406.0,63973.0,1
pakka_housing,district,kp_north_waziristan,North Waziristan,18.895527,18819.0,99595.0,1
pakka_housing,district,kp_nowshera,Nowshera,62.433885,162187.0,259774.0,1
pakka_housing,district,kp_orakzai,Orakzai,4.329802,2256.0,52104.0,1
pakka_housing,district,kp_peshawar,Peshawar,66.942701,462558.0,690976.0,1
pakka_housing,district,kp_shangla,Shangla,46.23387,58042.0,125540.0,1
pakka_housing,district,kp_south_waziristan,South Waziristan,2.804586,5010.0,178636.0,1
pakka_housing,district,kp_swabi,Swabi,77.282992,215601.0,278976.0,1
pakka_housing,district,kp_swat,Swat,67.288281,256511.0,381212.0,1
pakka_housing,district,kp_tank,Tank,26.737809,18867.0,70563.0,1
pakka_housing,district,kp_torghar,Torghar,10.656239,3134.0,29410.0,1
pakka_housing,district,kp_upper_chitral,Upper Chitral,5.139389,1355.0,26365.0,1
pakka_housing,district,kp_upper_dir,Upper Dir,32.826209,49087.0,149536.0,1
pakka_housing,district,kp_upper_kohistan,Upper Kohistan,8.031454,5117.0,63712.0,1
pakka_housing,district,pb_attock,Attock,84.958457,300730.0,353973.0,1
pakka_housing,district,pb_bahawalnagar,Bahawalnagar,68.786584,383565.0,557616.0,1
pakka_housing,district,pb_bahawalpur,Bahawalpur,74.496352,501686.0,673437.0,1
pakka_housing,district,pb_bhakkar,Bhakkar,71.974811,225505.0,313311.0,1
pakka_housing,district,pb_chakwal,Chakwal,88.359911,255217.0,288838.0,1
pakka_housing,district,pb_chiniot,Chiniot,77.91279,199798.0,256438.0,1
pakka_housing,district,pb_dera_ghazi_khan,Dera Ghazi Khan,53.151405,241554.0,454464.0,1
pakka_housing,district,pb_faisalabad,Faisalabad,89.464865,1237096.0,1382773.0,1
pakka_housing,district,pb_gujranwala,Gujranwala,87.370713,741932.0,849177.0,1
pakka_housing,district,pb_gujrat,Gujrat,87.657177,428939.0,489337.0,1
pakka_housing,district,pb_hafizabad,Hafizabad,77.711631,153252.0,197206.0,1
pakka_housing,district,pb_jhang,Jhang,80.766628,397371.0,491999.0,1
pakka_housing,district,pb_jhelum,Jhelum,82.130322,188131.0,229064.0,1
pakka_housing,district,pb_kasur,Kasur,83.735828,540354.0,645308.0,1
pakka_housing,district,pb_khanewal,Khanewal,79.983694,420871.0,526196.0,1
pakka_housing,district,pb_khushab,Khushab,70.88891,176020.0,248304.0,1
pakka_housing,district,pb_lahore,Lahore,96.288276,1935611.0,2010225.0,1
pakka_housing,district,pb_layyah,Layyah,78.304229,267120.0,341131.0,1
pakka_housing,district,pb_lodhran,Lodhran,76.133648,246571.0,323866.0,1
pakka_housing,district,pb_mandi_bahauddin,Mandi Bahauddin,78.888699,225613.0,285989.0,1
pakka_housing,district,pb_mianwali,Mianwali,72.388042,214514.0,296339.0,1
pakka_housing,district,pb_multan,Multan,77.396231,686034.0,886392.0,1
pakka_housing,district,pb_muzaffargarh,Muzaffargarh,60.705113,488335.0,804438.0,1
pakka_housing,district,pb_nankana_sahib,Nankana Sahib,74.924683,185031.0,246956.0,1
pakka_housing,district,pb_narowal,Narowal,82.798647,233108.0,281536.0,1
pakka_housing,district,pb_okara,Okara,82.561067,453858.0,549724.0,1
pakka_housing,district,pb_pakpattan,Pakpattan,79.331932,273335.0,344546.0,1
pakka_housing,district,pb_rahim_yar_khan,Rahim Yar Khan,67.432782,557630.0,826942.0,1
pakka_housing,district,pb_rajanpur,Rajanpur,39.940285,141395.0,354016.0,1
pakka_housing,district,pb_rawalpindi,Rawalpindi,95.628357,954371.0,998000.0,1
pakka_housing,district,pb_sahiwal,Sahiwal,88.292589,394320.0,446606.0,1
pakka_housing,district,pb_sargodha,Sargodha,68.133376,466251.0,684321.0,1
pakka_housing,district,pb_sheikhupura,Sheikhupura,86.49142,513119.0,593260.0,1
pakka_housing,district,pb_sialkot,Sialkot,89.994042,604148.0,671320.0,1
pakka_housing,district,pb_toba_tek_singh,Toba Tek Singh,85.853119,338172.0,393896.0,1
pakka_housing,district,pb_vehari,Vehari,84.812057,460560.0,543036.0,1
pakka_housing,district,sd_badin,Badin,21.925548,87240.0,397892.0,1
pakka_housing,district,sd_dadu,Dadu,30.740063,104661.0,340471.0,1
pakka_housing,district,sd_ghotki,Ghotki,42.959891,142217.0,331046.0,1
pakka_housing,district,sd_hyderabad,Hyderabad,83.635102,374845.0,448191.0,1
pakka_housing,district,sd_jacobabad,Jacobabad,28.151915,54912.0,195056.0,1
pakka_housing,district,sd_jamshoro,Jamshoro,55.957807,119466.0,213493.0,1
pakka_housing,district,sd_kambar_shahdad_kot,Kambar Shahdad Kot,30.171592,80725.0,267553.0,1
pakka_housing,district,sd_karachi_central,Karachi Central,96.456144,628188.0,651268.0,1
pakka_housing,district,sd_karachi_east,Karachi East,93.515967,616634.0,659389.0,1
pakka_housing,district,sd_karachi_south,Karachi South,97.357755,413861.0,425093.0,1
pakka_housing,district,sd_karachi_west,Karachi West,90.341599,419868.0,464756.0,1
pakka_housing,district,sd_kashmore,Kashmore,25.101248,52435.0,208894.0,1
pakka_housing,district,sd_keamari,Keamari,92.515065,295235.0,319121.0,1
pakka_housing,district,sd_khairpur,Khairpur,36.237922,163886.0,452250.0,1
pakka_housing,district,sd_korangi,Korangi,96.447825,475536.0,493050.0,1
pakka_housing,district,sd_larkana,Larkana,46.819562,150538.0,321528.0,1
pakka_housing,district,sd_malir,Malir,91.307608,384794.0,421426.0,1
pakka_housing,district,sd_matiari,Matiari,47.674852,75547.0,158463.0,1
pakka_housing,district,sd_mirpur_khas,Mirpur Khas,33.419067,104597.0,312986.0,1
pakka_housing,district,sd_naushahro_feroze,Naushahro Feroze,39.221248,125417.0,319768.0,1
pakka_housing,district,sd_sanghar,Sanghar,36.725341,149449.0,406937.0,1
pakka_housing,district,sd_shaheed_benazirabad,Shaheed Benazirabad,40.111737,134116.0,334356.0,1
pakka_housing,district,sd_shikarpur,Shikarpur,29.359383,63071.0,214824.0,1
pakka_housing,district,sd_sujawal,Sujawal,15.75283,25024.0,158854.0,1
pakka_housing,district,sd_sukkur,Sukkur,53.281234,143107.0,268588.0,1
pakka_housing,district,sd_tando_allahyar,Tando Allahyar,39.337695,69813.0,177471.0,1
pakka_housing,district,sd_tando_muhammad_khan,Tando Muhammad Khan,28.761179,41358.0,143798.0,1
pakka_housing,district,sd_tharparkar,Tharparkar,19.07755,62495.0,327584.0,1
pakka_housing,district,sd_thatta,Thatta,34.719353,71592.0,206202.0,1
pakka_housing,district,sd_umer_kot,Umer Kot,26.733225,59498.0,222562.0,1
rented_housing,national,PK,Pakistan,11.868651,4544810.0,38292556.0,136
rented_housing,province,BA,Balochistan,6.216361,144049.0,2317256.0,34
rented_housing,province,IS,Islamabad Capital Territory,36.351714,149403.0,410993.0,1
rented_housing,province,KP,Khyber Pakhtunkhwa,10.272019,602090.0,5861457.0,35
rented_housing,province,PB,Punjab,10.549779,2093074.0,19839980.0,36
rented_housing,province,SD,Sindh,15.778308,1556194.0,9862870.0,30
rented_housing,map_unit,sd_karachi,Karachi (7 districts),35.501119,1219145.0,3434103.0,7
rented_housing,district,ba_awaran,Awaran,0.298604,83.0,27796.0,1
rented_housing,district,ba_barkhan,Barkhan,2.823927,651.0,23053.0,1
rented_housing,district,ba_chagai,Chagai,2.548871,974.0,38213.0,1
rented_housing,district,ba_chaman,Chaman,4.494872,2783.0,61915.0,1
rented_housing,district,ba_dera_bugti,Dera Bugti,1.25267,780.0,62267.0,1
rented_housing,district,ba_duki,Duki,8.581249,3695.0,43059.0,1
rented_housing,district,ba_gwadar,Gwadar,3.588379,1807.0,50357.0,1
rented_housing,district,ba_harnai,Harnai,5.331544,874.0,16393.0,1
rented_housing,district,ba_jaffarabad,Jaffarabad,7.06579,5763.0,81562.0,1
rented_housing,district,ba_jhal_magsi,Jhal Magsi,0.985365,305.0,30953.0,1
rented_housing,district,ba_kachhi,Kachhi,1.966741,984.0,50032.0,1
rented_housing,district,ba_kalat,Kalat,2.311108,765.0,33101.0,1
rented_housing,district,ba_kech,Kech,1.020219,2586.0,253475.0,1
rented_housing,district,ba_kharan,Kharan,1.221996,438.0,35843.0,1
rented_housing,district,ba_khuzdar,Khuzdar,2.052648,3314.0,161450.0,1
rented_housing,district,ba_killa_abdullah,Killa Abdullah,2.193523,1476.0,67289.0,1
rented_housing,district,ba_killa_saifullah,Killa Saifullah,4.802994,3362.0,69998.0,1
rented_housing,district,ba_kohlu,Kohlu,3.942775,1502.0,38095.0,1
rented_housing,district,ba_lasbela,Lasbela,10.077982,11644.0,115539.0,1
rented_housing,district,ba_loralai,Loralai,9.771288,3734.0,38214.0,1
rented_housing,district,ba_mastung,Mastung,2.801236,1224.0,43695.0,1
rented_housing,district,ba_musakhel,Musakhel,2.329451,728.0,31252.0,1
rented_housing,district,ba_nasirabad,Nasirabad,3.872435,3389.0,87516.0,1
rented_housing,district,ba_nushki,Nushki,3.484243,1089.0,31255.0,1
rented_housing,district,ba_panjgur,Panjgur,2.270922,2659.0,117089.0,1
rented_housing,district,ba_pishin,Pishin,3.032238,4463.0,147185.0,1
rented_housing,district,ba_quetta,Quetta,25.081901,72351.0,288459.0,1
rented_housing,district,ba_sherani,Sherani,2.0,722.0,36100.0,1
rented_housing,district,ba_sibi,Sibi,9.135353,2859.0,31296.0,1
rented_housing,district,ba_sohbatpur,Sohbatpur,1.176854,397.0,33734.0,1
rented_housing,district,ba_surab,Surab,1.413317,724.0,51227.0,1
rented_housing,district,ba_washuk,Washuk,0.972497,477.0,49049.0,1
rented_housing,district,ba_zhob,Zhob,10.6908,5121.0,47901.0,1
rented_housing,district,ba_ziarat,Ziarat,1.423954,326.0,22894.0,1
rented_housing,district,is_islamabad,Islamabad,36.351714,149403.0,410993.0,1
rented_housing,district,kp_abbottabad,Abbottabad,11.669461,27632.0,236789.0,1
rented_housing,district,kp_bajaur,Bajaur,3.105686,5643.0,181699.0,1
rented_housing,district,kp_bannu,Bannu,8.077322,14792.0,183130.0,1
rented_housing,district,kp_batagram,Batagram,4.228735,3645.0,86196.0,1
rented_housing,district,kp_buner,Buner,9.496482,11269.0,118665.0,1
rented_housing,district,kp_charsadda,Charsadda,6.994552,18461.0,263934.0,1
rented_housing,district,kp_dera_ismail_khan,Dera Ismail Khan,6.138411,16575.0,270021.0,1
rented_housing,district,kp_hangu,Hangu,13.29234,8128.0,61148.0,1
rented_housing,district,kp_haripur,Haripur,9.800936,18862.0,192451.0,1
rented_housing,district,kp_karak,Karak,3.285519,3154.0,95997.0,1
rented_housing,district,kp_khyber,Khyber,5.834357,9732.0,166805.0,1
rented_housing,district,kp_kohat,Kohat,12.181826,20670.0,169679.0,1
rented_housing,district,kp_kolai_palas_kohistan,Kolai Palas Kohistan,0.965188,328.0,33983.0,1
rented_housing,district,kp_kurram,Kurram,8.753226,8276.0,94548.0,1
rented_housing,district,kp_lakki_marwat,Lakki Marwat,4.179818,5509.0,131800.0,1
rented_housing,district,kp_lower_chitral,Lower Chitral,5.21639,2401.0,46028.0,1
rented_housing,district,kp_lower_dir,Lower Dir,6.316926,12813.0,202836.0,1
rented_housing,district,kp_lower_kohistan,Lower Kohistan,2.270471,1075.0,47347.0,1
rented_housing,district,kp_malakand,Malakand,12.702664,14369.0,113118.0,1
rented_housing,district,kp_mansehra,Mansehra,10.180512,29936.0,294052.0,1
rented_housing,district,kp_mardan,Mardan,12.457498,49937.0,400859.0,1
rented_housing,district,kp_mohmand,Mohmand,1.170806,749.0,63973.0,1
rented_housing,district,kp_north_waziristan,North Waziristan,2.663788,2653.0,99595.0,1
rented_housing,district,kp_nowshera,Nowshera,12.311856,31983.0,259774.0,1
rented_housing,district,kp_orakzai,Orakzai,0.978812,510.0,52104.0,1
rented_housing,district,kp_peshawar,Peshawar,26.076304,180181.0,690976.0,1
rented_housing,district,kp_shangla,Shangla,4.561893,5727.0,125540.0,1
rented_housing,district,kp_south_waziristan,South Waziristan,2.137867,3819.0,178636.0,1
rented_housing,district,kp_swabi,Swabi,9.942432,27737.0,278976.0,1
rented_housing,district,kp_swat,Swat,14.412191,54941.0,381212.0,1
rented_housing,district,kp_tank,Tank,3.025665,2135.0,70563.0,1
rented_housing,district,kp_torghar,Torghar,16.198572,4764.0,29410.0,1
rented_housing,district,kp_upper_chitral,Upper Chitral,0.56135,148.0,26365.0,1
rented_housing,district,kp_upper_dir,Upper Dir,2.019581,3020.0,149536.0,1
rented_housing,district,kp_upper_kohistan,Upper Kohistan,0.809895,516.0,63712.0,1
rented_housing,district,pb_attock,Attock,11.768977,41659.0,353973.0,1
rented_housing,district,pb_bahawalnagar,Bahawalnagar,5.077688,28314.0,557616.0,1
rented_housing,district,pb_bahawalpur,Bahawalpur,5.966557,40181.0,673437.0,1
rented_housing,district,pb_bhakkar,Bhakkar,2.7436,8596.0,313311.0,1
rented_housing,district,pb_chakwal,Chakwal,7.024699,20290.0,288838.0,1
rented_housing,district,pb_chiniot,Chiniot,6.244004,16012.0,256438.0,1
rented_housing,district,pb_dera_ghazi_khan,Dera Ghazi Khan,4.726667,21481.0,454464.0,1
rented_housing,district,pb_faisalabad,Faisalabad,13.976625,193265.0,1382773.0,1
rented_housing,district,pb_gujranwala,Gujranwala,12.668972,107582.0,849177.0,1
rented_housing,district,pb_gujrat,Gujrat,9.314848,45581.0,489337.0,1
rented_housing,district,pb_hafizabad,Hafizabad,5.73512,11310.0,197206.0,1
rented_housing,district,pb_jhang,Jhang,3.795333,18673.0,491999.0,1
rented_housing,district,pb_jhelum,Jhelum,9.750987,22336.0,229064.0,1
rented_housing,district,pb_kasur,Kasur,7.621787,49184.0,645308.0,1
rented_housing,district,pb_khanewal,Khanewal,5.024174,26437.0,526196.0,1
rented_housing,district,pb_khushab,Khushab,4.671693,11600.0,248304.0,1
rented_housing,district,pb_lahore,Lahore,28.668134,576294.0,2010225.0,1
rented_housing,district,pb_layyah,Layyah,3.261504,11126.0,341131.0,1
rented_housing,district,pb_lodhran,Lodhran,2.881439,9332.0,323866.0,1
rented_housing,district,pb_mandi_bahauddin,Mandi Bahauddin,5.94883,17013.0,285989.0,1
rented_housing,district,pb_mianwali,Mianwali,4.213418,12486.0,296339.0,1
rented_housing,district,pb_multan,Multan,11.371944,100800.0,886392.0,1
rented_housing,district,pb_muzaffargarh,Muzaffargarh,2.551222,20523.0,804438.0,1
rented_housing,district,pb_nankana_sahib,Nankana Sahib,7.095596,17523.0,246956.0,1
rented_housing,district,pb_narowal,Narowal,4.335147,12205.0,281536.0,1
rented_housing,district,pb_okara,Okara,6.362647,34977.0,549724.0,1
rented_housing,district,pb_pakpattan,Pakpattan,5.082921,17513.0,344546.0,1
rented_housing,district,pb_rahim_yar_khan,Rahim Yar Khan,5.707655,47199.0,826942.0,1
rented_housing,district,pb_rajanpur,Rajanpur,3.429788,12142.0,354016.0,1
rented_housing,district,pb_rawalpindi,Rawalpindi,26.239579,261871.0,998000.0,1
rented_housing,district,pb_sahiwal,Sahiwal,7.183513,32082.0,446606.0,1
rented_housing,district,pb_sargodha,Sargodha,8.168535,55899.0,684321.0,1
rented_housing,district,pb_sheikhupura,Sheikhupura,11.736507,69628.0,593260.0,1
rented_housing,district,pb_sialkot,Sialkot,10.787553,72419.0,671320.0,1
rented_housing,district,pb_toba_tek_singh,Toba Tek Singh,5.859161,23079.0,393896.0,1
rented_housing,district,pb_vehari,Vehari,4.872973,26462.0,543036.0,1
rented_housing,district,sd_badin,Badin,1.643662,6540.0,397892.0,1
rented_housing,district,sd_dadu,Dadu,4.670882,15903.0,340471.0,1
rented_housing,district,sd_ghotki,Ghotki,4.371296,14471.0,331046.0,1
rented_housing,district,sd_hyderabad,Hyderabad,18.809615,84303.0,448191.0,1
rented_housing,district,sd_jacobabad,Jacobabad,4.871934,9503.0,195056.0,1
rented_housing,district,sd_jamshoro,Jamshoro,8.238678,17589.0,213493.0,1
rented_housing,district,sd_kambar_shahdad_kot,Kambar Shahdad Kot,3.178436,8504.0,267553.0,1
rented_housing,district,sd_karachi_central,Karachi Central,39.453497,256948.0,651268.0,1
rented_housing,district,sd_karachi_east,Karachi East,37.998814,250560.0,659389.0,1
rented_housing,district,sd_karachi_south,Karachi South,37.645645,160029.0,425093.0,1
rented_housing,district,sd_karachi_west,Karachi West,30.729028,142815.0,464756.0,1
rented_housing,district,sd_kashmore,Kashmore,5.619597,11739.0,208894.0,1
rented_housing,district,sd_keamari,Keamari,34.148802,108976.0,319121.0,1
rented_housing,district,sd_khairpur,Khairpur,3.206633,14502.0,452250.0,1
rented_housing,district,sd_korangi,Korangi,33.698408,166150.0,493050.0,1
rented_housing,district,sd_larkana,Larkana,9.480356,30482.0,321528.0,1
rented_housing,district,sd_malir,Malir,31.717787,133667.0,421426.0,1
rented_housing,district,sd_matiari,Matiari,2.409395,3818.0,158463.0,1
rented_housing,district,sd_mirpur_khas,Mirpur Khas,4.650368,14555.0,312986.0,1
rented_housing,district,sd_naushahro_feroze,Naushahro Feroze,4.177404,13358.0,319768.0,1
rented_housing,district,sd_sanghar,Sanghar,4.919926,20021.0,406937.0,1
rented_housing,district,sd_shaheed_benazirabad,Shaheed Benazirabad,5.613478,18769.0,334356.0,1
rented_housing,district,sd_shikarpur,Shikarpur,3.24824,6978.0,214824.0,1
rented_housing,district,sd_sujawal,Sujawal,1.017286,1616.0,158854.0,1
rented_housing,district,sd_sukkur,Sukkur,7.942648,21333.0,268588.0,1
rented_housing,district,sd_tando_allahyar,Tando Allahyar,3.889086,6902.0,177471.0,1
rented_housing,district,sd_tando_muhammad_khan,Tando Muhammad Khan,2.600871,3740.0,143798.0,1
rented_housing,district,sd_tharparkar,Tharparkar,0.475603,1558.0,327584.0,1
rented_housing,district,sd_thatta,Thatta,2.753126,5677.0,206202.0,1
rented_housing,district,sd_umer_kot,Umer Kot,2.331036,5188.0,222562.0,1
one_room_housing,national,PK,Pakistan,31.799204,12176728.0,38292556.0,136
one_room_housing,province,BA,Balochistan,32.724006,758299.0,2317256.0,34
one_room_housing,province,IS,Islamabad Capital Territory,8.104518,33309.0,410993.0,1
one_room_housing,province,KP,Khyber Pakhtunkhwa,27.516981,1612896.0,5861457.0,35
one_room_housing,province,PB,Punjab,24.242892,4809785.0,19839980.0,36
one_room_housing,province,SD,Sindh,50.314351,4962439.0,9862870.0,30
one_room_housing,map_unit,sd_karachi,Karachi (7 districts),21.746057,746782.0,3434103.0,7
one_room_housing,district,ba_awaran,Awaran,28.709167,7980.0,27796.0,1
one_room_housing,district,ba_barkhan,Barkhan,49.932764,11511.0,23053.0,1
one_room_housing,district,ba_chagai,Chagai,26.674168,10193.0,38213.0,1
one_room_housing,district,ba_chaman,Chaman,21.405152,13253.0,61915.0,1
one_room_housing,district,ba_dera_bugti,Dera Bugti,59.392616,36982.0,62267.0,1
one_room_housing,district,ba_duki,Duki,20.776144,8946.0,43059.0,1
one_room_housing,district,ba_gwadar,Gwadar,44.732609,22526.0,50357.0,1
one_room_housing,district,ba_harnai,Harnai,33.630208,5513.0,16393.0,1
one_room_housing,district,ba_jaffarabad,Jaffarabad,65.659253,53553.0,81562.0,1
one_room_housing,district,ba_jhal_magsi,Jhal Magsi,57.63254,17839.0,30953.0,1
one_room_housing,district,ba_kachhi,Kachhi,33.604493,16813.0,50032.0,1
one_room_housing,district,ba_kalat,Kalat,19.519048,6461.0,33101.0,1
one_room_housing,district,ba_kech,Kech,42.420357,107525.0,253475.0,1
one_room_housing,district,ba_kharan,Kharan,26.058087,9340.0,35843.0,1
one_room_housing,district,ba_khuzdar,Khuzdar,25.35398,40934.0,161450.0,1
one_room_housing,district,ba_killa_abdullah,Killa Abdullah,24.555276,16523.0,67289.0,1
one_room_housing,district,ba_killa_saifullah,Killa Saifullah,24.86071,17402.0,69998.0,1
one_room_housing,district,ba_kohlu,Kohlu,27.930175,10640.0,38095.0,1
one_room_housing,district,ba_lasbela,Lasbela,62.024944,71663.0,115539.0,1
one_room_housing,district,ba_loralai,Loralai,28.220024,10784.0,38214.0,1
one_room_housing,district,ba_mastung,Mastung,12.999199,5680.0,43695.0,1
one_room_housing,district,ba_musakhel,Musakhel,33.949827,10610.0,31252.0,1
one_room_housing,district,ba_nasirabad,Nasirabad,54.570593,47758.0,87516.0,1
one_room_housing,district,ba_nushki,Nushki,19.75044,6173.0,31255.0,1
one_room_housing,district,ba_panjgur,Panjgur,20.363143,23843.0,117089.0,1
one_room_housing,district,ba_pishin,Pishin,27.758263,40856.0,147185.0,1
one_room_housing,district,ba_quetta,Quetta,13.29305,38345.0,288459.0,1
one_room_housing,district,ba_sherani,Sherani,11.390582,4112.0,36100.0,1
one_room_housing,district,ba_sibi,Sibi,35.407081,11081.0,31296.0,1
one_room_housing,district,ba_sohbatpur,Sohbatpur,75.947116,25620.0,33734.0,1
one_room_housing,district,ba_surab,Surab,21.410584,10968.0,51227.0,1
one_room_housing,district,ba_washuk,Washuk,37.150604,18222.0,49049.0,1
one_room_housing,district,ba_zhob,Zhob,20.759483,9944.0,47901.0,1
one_room_housing,district,ba_ziarat,Ziarat,38.027431,8706.0,22894.0,1
one_room_housing,district,is_islamabad,Islamabad,8.104518,33309.0,410993.0,1
one_room_housing,district,kp_abbottabad,Abbottabad,16.657024,39442.0,236789.0,1
one_room_housing,district,kp_bajaur,Bajaur,41.699734,75768.0,181699.0,1
one_room_housing,district,kp_bannu,Bannu,30.706056,56232.0,183130.0,1
one_room_housing,district,kp_batagram,Batagram,34.41691,29666.0,86196.0,1
one_room_housing,district,kp_buner,Buner,25.224792,29933.0,118665.0,1
one_room_housing,district,kp_charsadda,Charsadda,28.264263,74599.0,263934.0,1
one_room_housing,district,kp_dera_ismail_khan,Dera Ismail Khan,39.689135,107169.0,270021.0,1
one_room_housing,district,kp_hangu,Hangu,17.555766,10735.0,61148.0,1
one_room_housing,district,kp_haripur,Haripur,13.892367,26736.0,192451.0,1
one_room_housing,district,kp_karak,Karak,20.630853,19805.0,95997.0,1
one_room_housing,district,kp_khyber,Khyber,47.314529,78923.0,166805.0,1
one_room_housing,district,kp_kohat,Kohat,22.207816,37682.0,169679.0,1
one_room_housing,district,kp_kolai_palas_kohistan,Kolai Palas Kohistan,28.558397,9705.0,33983.0,1
one_room_housing,district,kp_kurram,Kurram,21.534036,20360.0,94548.0,1
one_room_housing,district,kp_lakki_marwat,Lakki Marwat,24.085736,31745.0,131800.0,1
one_room_housing,district,kp_lower_chitral,Lower Chitral,17.604502,8103.0,46028.0,1
one_room_housing,district,kp_lower_dir,Lower Dir,19.386105,39322.0,202836.0,1
one_room_housing,district,kp_lower_kohistan,Lower Kohistan,36.578875,17319.0,47347.0,1
one_room_housing,district,kp_malakand,Malakand,18.86614,21341.0,113118.0,1
one_room_housing,district,kp_mansehra,Mansehra,24.504169,72055.0,294052.0,1
one_room_housing,district,kp_mardan,Mardan,25.777393,103331.0,400859.0,1
one_room_housing,district,kp_mohmand,Mohmand,22.389133,14323.0,63973.0,1
one_room_housing,district,kp_north_waziristan,North Waziristan,39.850394,39689.0,99595.0,1
one_room_housing,district,kp_nowshera,Nowshera,30.264384,78619.0,259774.0,1
one_room_housing,district,kp_orakzai,Orakzai,22.038615,11483.0,52104.0,1
one_room_housing,district,kp_peshawar,Peshawar,26.541009,183392.0,690976.0,1
one_room_housing,district,kp_shangla,Shangla,27.745738,34832.0,125540.0,1
one_room_housing,district,kp_south_waziristan,South Waziristan,21.941826,39196.0,178636.0,1
one_room_housing,district,kp_swabi,Swabi,29.880707,83360.0,278976.0,1
one_room_housing,district,kp_swat,Swat,22.883068,87233.0,381212.0,1
one_room_housing,district,kp_tank,Tank,42.275697,29831.0,70563.0,1
one_room_housing,district,kp_torghar,Torghar,39.241755,11541.0,29410.0,1
one_room_housing,district,kp_upper_chitral,Upper Chitral,13.26759,3498.0,26365.0,1
one_room_housing,district,kp_upper_dir,Upper Dir,36.408624,54444.0,149536.0,1
one_room_housing,district,kp_upper_kohistan,Upper Kohistan,49.416123,31484.0,63712.0,1
one_room_housing,district,pb_attock,Attock,10.426219,36906.0,353973.0,1
one_room_housing,district,pb_bahawalnagar,Bahawalnagar,29.632399,165235.0,557616.0,1
one_room_housing,district,pb_bahawalpur,Bahawalpur,29.920542,201496.0,673437.0,1
one_room_housing,district,pb_bhakkar,Bhakkar,31.28074,98006.0,313311.0,1
one_room_housing,district,pb_chakwal,Chakwal,7.702934,22249.0,288838.0,1
one_room_housing,district,pb_chiniot,Chiniot,30.904936,79252.0,256438.0,1
one_room_housing,district,pb_dera_ghazi_khan,Dera Ghazi Khan,36.458333,165690.0,454464.0,1
one_room_housing,district,pb_faisalabad,Faisalabad,20.644748,285470.0,1382773.0,1
one_room_housing,district,pb_gujranwala,Gujranwala,12.126447,102975.0,849177.0,1
one_room_housing,district,pb_gujrat,Gujrat,9.70599,47495.0,489337.0,1
one_room_housing,district,pb_hafizabad,Hafizabad,17.121183,33764.0,197206.0,1
one_room_housing,district,pb_jhang,Jhang,26.730136,131512.0,491999.0,1
one_room_housing,district,pb_jhelum,Jhelum,10.036496,22990.0,229064.0,1
one_room_housing,district,pb_kasur,Kasur,34.736591,224158.0,645308.0,1
one_room_housing,district,pb_khanewal,Khanewal,25.285255,133050.0,526196.0,1
one_room_housing,district,pb_khushab,Khushab,21.356885,53030.0,248304.0,1
one_room_housing,district,pb_lahore,Lahore,18.978821,381517.0,2010225.0,1
one_room_housing,district,pb_layyah,Layyah,37.22353,126981.0,341131.0,1
one_room_housing,district,pb_lodhran,Lodhran,33.4061,108191.0,323866.0,1
one_room_housing,district,pb_mandi_bahauddin,Mandi Bahauddin,16.396784,46893.0,285989.0,1
one_room_housing,district,pb_mianwali,Mianwali,23.319239,69104.0,296339.0,1
one_room_housing,district,pb_multan,Multan,31.1545,276151.0,886392.0,1
one_room_housing,district,pb_muzaffargarh,Muzaffargarh,46.533232,374331.0,804438.0,1
one_room_housing,district,pb_nankana_sahib,Nankana Sahib,23.192795,57276.0,246956.0,1
one_room_housing,district,pb_narowal,Narowal,13.387986,37692.0,281536.0,1
one_room_housing,district,pb_okara,Okara,29.788403,163754.0,549724.0,1
one_room_housing,district,pb_pakpattan,Pakpattan,36.042793,124184.0,344546.0,1
one_room_housing,district,pb_rahim_yar_khan,Rahim Yar Khan,34.042654,281513.0,826942.0,1
one_room_housing,district,pb_rajanpur,Rajanpur,56.407055,199690.0,354016.0,1
one_room_housing,district,pb_rawalpindi,Rawalpindi,8.272044,82555.0,998000.0,1
one_room_housing,district,pb_sahiwal,Sahiwal,22.542913,100678.0,446606.0,1
one_room_housing,district,pb_sargodha,Sargodha,25.438793,174083.0,684321.0,1
one_room_housing,district,pb_sheikhupura,Sheikhupura,19.156694,113649.0,593260.0,1
one_room_housing,district,pb_sialkot,Sialkot,12.583418,84475.0,671320.0,1
one_room_housing,district,pb_toba_tek_singh,Toba Tek Singh,18.750127,73856.0,393896.0,1
one_room_housing,district,pb_vehari,Vehari,23.927327,129934.0,543036.0,1
one_room_housing,district,sd_badin,Badin,84.970545,338091.0,397892.0,1
one_room_housing,district,sd_dadu,Dadu,67.313809,229184.0,340471.0,1
one_room_housing,district,sd_ghotki,Ghotki,74.881134,247891.0,331046.0,1
one_room_housing,district,sd_hyderabad,Hyderabad,44.272643,198426.0,448191.0,1
one_room_housing,district,sd_jacobabad,Jacobabad,66.84952,130394.0,195056.0,1
one_room_housing,district,sd_jamshoro,Jamshoro,62.336938,133085.0,213493.0,1
one_room_housing,district,sd_kambar_shahdad_kot,Kambar Shahdad Kot,62.041913,165995.0,267553.0,1
one_room_housing,district,sd_karachi_central,Karachi Central,16.522998,107609.0,651268.0,1
one_room_housing,district,sd_karachi_east,Karachi East,16.329814,107677.0,659389.0,1
one_room_housing,district,sd_karachi_south,Karachi South,21.744183,92433.0,425093.0,1
one_room_housing,district,sd_karachi_west,Karachi West,22.297937,103631.0,464756.0,1
one_room_housing,district,sd_kashmore,Kashmore,68.99911,144135.0,208894.0,1
one_room_housing,district,sd_keamari,Keamari,27.345114,87264.0,319121.0,1
one_room_housing,district,sd_khairpur,Khairpur,65.397899,295762.0,452250.0,1
one_room_housing,district,sd_korangi,Korangi,22.30504,109975.0,493050.0,1
one_room_housing,district,sd_larkana,Larkana,48.070775,154561.0,321528.0,1
one_room_housing,district,sd_malir,Malir,32.791759,138193.0,421426.0,1
one_room_housing,district,sd_matiari,Matiari,75.543818,119709.0,158463.0,1
one_room_housing,district,sd_mirpur_khas,Mirpur Khas,69.387768,217174.0,312986.0,1
one_room_housing,district,sd_naushahro_feroze,Naushahro Feroze,64.236884,205409.0,319768.0,1
one_room_housing,district,sd_sanghar,Sanghar,67.58712,275037.0,406937.0,1
one_room_housing,district,sd_shaheed_benazirabad,Shaheed Benazirabad,67.214287,224735.0,334356.0,1
one_room_housing,district,sd_shikarpur,Shikarpur,62.856571,135031.0,214824.0,1
one_room_housing,district,sd_sujawal,Sujawal,85.976431,136577.0,158854.0,1
one_room_housing,district,sd_sukkur,Sukkur,58.402833,156863.0,268588.0,1
one_room_housing,district,sd_tando_allahyar,Tando Allahyar,76.296409,135404.0,177471.0,1
one_room_housing,district,sd_tando_muhammad_khan,Tando Muhammad Khan,85.15487,122451.0,143798.0,1
one_room_housing,district,sd_tharparkar,Tharparkar,39.160948,128285.0,327584.0,1
one_room_housing,district,sd_thatta,Thatta,80.628704,166258.0,206202.0,1
one_room_housing,district,sd_umer_kot,Umer Kot,69.733378,155200.0,222562.0,1
female_owned_housing,national,PK,Pakistan,4.104669,1540048.0,37519422.0,136
female_owned_housing,province,BA,Balochistan,2.71106,61111.0,2254137.0,34
female_owned_housing,province,IS,Islamabad Capital Territory,5.065451,19178.0,378604.0,1
female_owned_housing,province,KP,Khyber Pakhtunkhwa,3.473933,201037.0,5787014.0,35
female_owned_housing,province,PB,Punjab,4.191704,817597.0,19505124.0,36
female_owned_housing,province,SD,Sindh,4.597666,441125.0,9594543.0,30
female_owned_housing,map_unit,sd_karachi,Karachi (7 districts),7.481185,251375.0,3360096.0,7
female_owned_housing,district,ba_awaran,Awaran,3.808562,1056.0,27727.0,1
female_owned_housing,district,ba_barkhan,Barkhan,1.71618,383.0,22317.0,1
female_owned_housing,district,ba_chagai,Chagai,3.284085,1247.0,37971.0,1
female_owned_housing,district,ba_chaman,Chaman,1.022648,629.0,61507.0,1
female_owned_housing,district,ba_dera_bugti,Dera Bugti,1.479824,886.0,59872.0,1
female_owned_housing,district,ba_duki,Duki,1.413879,598.0,42295.0,1
female_owned_housing,district,ba_gwadar,Gwadar,5.901113,2905.0,49228.0,1
female_owned_housing,district,ba_harnai,Harnai,2.161311,343.0,15870.0,1
female_owned_housing,district,ba_jaffarabad,Jaffarabad,2.40797,1808.0,75084.0,1
female_owned_housing,district,ba_jhal_magsi,Jhal Magsi,1.798831,551.0,30631.0,1
female_owned_housing,district,ba_kachhi,Kachhi,1.710292,837.0,48939.0,1
female_owned_housing,district,ba_kalat,Kalat,1.851218,595.0,32141.0,1
female_owned_housing,district,ba_kech,Kech,4.624966,11615.0,251137.0,1
female_owned_housing,district,ba_kharan,Kharan,4.575237,1627.0,35561.0,1
female_owned_housing,district,ba_khuzdar,Khuzdar,2.708453,4303.0,158873.0,1
female_owned_housing,district,ba_killa_abdullah,Killa Abdullah,1.775759,1169.0,65831.0,1
female_owned_housing,district,ba_killa_saifullah,Killa Saifullah,2.256837,1530.0,67794.0,1
female_owned_housing,district,ba_kohlu,Kohlu,1.644137,613.0,37284.0,1
female_owned_housing,district,ba_lasbela,Lasbela,3.131305,3554.0,113499.0,1
female_owned_housing,district,ba_loralai,Loralai,1.671438,613.0,36675.0,1
female_owned_housing,district,ba_mastung,Mastung,1.242076,529.0,42590.0,1
female_owned_housing,district,ba_musakhel,Musakhel,2.913406,901.0,30926.0,1
female_owned_housing,district,ba_nasirabad,Nasirabad,1.40264,1139.0,81204.0,1
female_owned_housing,district,ba_nushki,Nushki,1.602916,497.0,31006.0,1
female_owned_housing,district,ba_panjgur,Panjgur,2.810092,3249.0,115619.0,1
female_owned_housing,district,ba_pishin,Pishin,2.040545,2918.0,143001.0,1
female_owned_housing,district,ba_quetta,Quetta,2.01656,5548.0,275122.0,1
female_owned_housing,district,ba_sherani,Sherani,5.708623,2045.0,35823.0,1
female_owned_housing,district,ba_sibi,Sibi,1.470388,432.0,29380.0,1
female_owned_housing,district,ba_sohbatpur,Sohbatpur,2.269457,694.0,30580.0,1
female_owned_housing,district,ba_surab,Surab,3.616829,1838.0,50818.0,1
female_owned_housing,district,ba_washuk,Washuk,5.419516,2647.0,48842.0,1
female_owned_housing,district,ba_zhob,Zhob,2.602399,1204.0,46265.0,1
female_owned_housing,district,ba_ziarat,Ziarat,2.675468,608.0,22725.0,1
female_owned_housing,district,is_islamabad,Islamabad,5.065451,19178.0,378604.0,1
female_owned_housing,district,kp_abbottabad,Abbottabad,5.443528,12639.0,232184.0,1
female_owned_housing,district,kp_bajaur,Bajaur,2.365985,4253.0,179756.0,1
female_owned_housing,district,kp_bannu,Bannu,3.182199,5692.0,178870.0,1
female_owned_housing,district,kp_batagram,Batagram,4.787949,4062.0,84838.0,1
female_owned_housing,district,kp_buner,Buner,3.176311,3720.0,117117.0,1
female_owned_housing,district,kp_charsadda,Charsadda,2.574667,6755.0,262364.0,1
female_owned_housing,district,kp_dera_ismail_khan,Dera Ismail Khan,2.876954,7676.0,266810.0,1
female_owned_housing,district,kp_hangu,Hangu,4.247264,2569.0,60486.0,1
female_owned_housing,district,kp_haripur,Haripur,4.633252,8621.0,186068.0,1
female_owned_housing,district,kp_karak,Karak,3.546151,3382.0,95371.0,1
female_owned_housing,district,kp_khyber,Khyber,1.971322,3272.0,165980.0,1
female_owned_housing,district,kp_kohat,Kohat,4.019494,6664.0,165792.0,1
female_owned_housing,district,kp_kolai_palas_kohistan,Kolai Palas Kohistan,9.584436,3222.0,33617.0,1
female_owned_housing,district,kp_kurram,Kurram,4.677621,4387.0,93787.0,1
female_owned_housing,district,kp_lakki_marwat,Lakki Marwat,1.844014,2418.0,131127.0,1
female_owned_housing,district,kp_lower_chitral,Lower Chitral,4.075695,1863.0,45710.0,1
female_owned_housing,district,kp_lower_dir,Lower Dir,5.35272,10783.0,201449.0,1
female_owned_housing,district,kp_lower_kohistan,Lower Kohistan,3.123525,1456.0,46614.0,1
female_owned_housing,district,kp_malakand,Malakand,3.809796,4268.0,112027.0,1
female_owned_housing,district,kp_mansehra,Mansehra,4.682344,13679.0,292140.0,1
female_owned_housing,district,kp_mardan,Mardan,3.079743,12234.0,397241.0,1
female_owned_housing,district,kp_mohmand,Mohmand,1.814059,1152.0,63504.0,1
female_owned_housing,district,kp_north_waziristan,North Waziristan,3.72041,3662.0,98430.0,1
female_owned_housing,district,kp_nowshera,Nowshera,3.441324,8740.0,253972.0,1
female_owned_housing,district,kp_orakzai,Orakzai,1.960219,1019.0,51984.0,1
female_owned_housing,district,kp_peshawar,Peshawar,2.344408,15844.0,675821.0,1
female_owned_housing,district,kp_shangla,Shangla,3.396447,4237.0,124748.0,1
female_owned_housing,district,kp_south_waziristan,South Waziristan,1.960652,3476.0,177288.0,1
female_owned_housing,district,kp_swabi,Swabi,3.601579,9906.0,275046.0,1
female_owned_housing,district,kp_swat,Swat,3.136815,11897.0,379270.0,1
female_owned_housing,district,kp_tank,Tank,2.233385,1565.0,70073.0,1
female_owned_housing,district,kp_torghar,Torghar,4.358664,1259.0,28885.0,1
female_owned_housing,district,kp_upper_chitral,Upper Chitral,6.344376,1668.0,26291.0,1
female_owned_housing,district,kp_upper_dir,Upper Dir,6.52206,9721.0,149048.0,1
female_owned_housing,district,kp_upper_kohistan,Upper Kohistan,5.174865,3276.0,63306.0,1
female_owned_housing,district,pb_attock,Attock,4.558268,15491.0,339844.0,1
female_owned_housing,district,pb_bahawalnagar,Bahawalnagar,3.441206,18730.0,544286.0,1
female_owned_housing,district,pb_bahawalpur,Bahawalpur,3.960461,26107.0,659191.0,1
female_owned_housing,district,pb_bhakkar,Bhakkar,2.404567,7443.0,309536.0,1
female_owned_housing,district,pb_chakwal,Chakwal,5.901703,16900.0,286358.0,1
female_owned_housing,district,pb_chiniot,Chiniot,4.348615,11026.0,253552.0,1
female_owned_housing,district,pb_dera_ghazi_khan,Dera Ghazi Khan,2.857999,12873.0,450420.0,1
female_owned_housing,district,pb_faisalabad,Faisalabad,4.244704,58015.0,1366762.0,1
female_owned_housing,district,pb_gujranwala,Gujranwala,3.986136,33478.0,839861.0,1
female_owned_housing,district,pb_gujrat,Gujrat,6.518974,31465.0,482668.0,1
female_owned_housing,district,pb_hafizabad,Hafizabad,3.516742,6874.0,195465.0,1
female_owned_housing,district,pb_jhang,Jhang,3.631894,17670.0,486523.0,1
female_owned_housing,district,pb_jhelum,Jhelum,6.321432,14115.0,223288.0,1
female_owned_housing,district,pb_kasur,Kasur,2.983907,19041.0,638123.0,1
female_owned_housing,district,pb_khanewal,Khanewal,3.955404,20538.0,519239.0,1
female_owned_housing,district,pb_khushab,Khushab,4.014241,9764.0,243234.0,1
female_owned_housing,district,pb_lahore,Lahore,4.835465,95087.0,1966450.0,1
female_owned_housing,district,pb_layyah,Layyah,2.310229,7776.0,336590.0,1
female_owned_housing,district,pb_lodhran,Lodhran,3.657319,11725.0,320590.0,1
female_owned_housing,district,pb_mandi_bahauddin,Mandi Bahauddin,5.116309,14413.0,281707.0,1
female_owned_housing,district,pb_mianwali,Mianwali,3.692445,10592.0,286856.0,1
female_owned_housing,district,pb_multan,Multan,4.713633,41133.0,872639.0,1
female_owned_housing,district,pb_muzaffargarh,Muzaffargarh,3.042069,24171.0,794558.0,1
female_owned_housing,district,pb_nankana_sahib,Nankana Sahib,3.793493,9290.0,244893.0,1
female_owned_housing,district,pb_narowal,Narowal,6.662174,18685.0,280464.0,1
female_owned_housing,district,pb_okara,Okara,3.693609,19894.0,538606.0,1
female_owned_housing,district,pb_pakpattan,Pakpattan,4.000552,13621.0,340478.0,1
female_owned_housing,district,pb_rahim_yar_khan,Rahim Yar Khan,3.147274,25601.0,813434.0,1
female_owned_housing,district,pb_rajanpur,Rajanpur,2.754031,9542.0,346474.0,1
female_owned_housing,district,pb_rawalpindi,Rawalpindi,5.048703,48255.0,955790.0,1
female_owned_housing,district,pb_sahiwal,Sahiwal,4.383881,19243.0,438949.0,1
female_owned_housing,district,pb_sargodha,Sargodha,3.852479,25886.0,671931.0,1
female_owned_housing,district,pb_sheikhupura,Sheikhupura,3.314525,19461.0,587143.0,1
female_owned_housing,district,pb_sialkot,Sialkot,6.398409,42507.0,664337.0,1
female_owned_housing,district,pb_toba_tek_singh,Toba Tek Singh,4.998492,19391.0,387937.0,1
female_owned_housing,district,pb_vehari,Vehari,4.058866,21794.0,536948.0,1
female_owned_housing,district,sd_badin,Badin,3.027244,11636.0,384376.0,1
female_owned_housing,district,sd_dadu,Dadu,3.820829,12859.0,336550.0,1
female_owned_housing,district,sd_ghotki,Ghotki,1.92369,6278.0,326352.0,1
female_owned_housing,district,sd_hyderabad,Hyderabad,4.702703,20362.0,432985.0,1
female_owned_housing,district,sd_jacobabad,Jacobabad,2.831696,5265.0,185931.0,1
female_owned_housing,district,sd_jamshoro,Jamshoro,3.372599,6920.0,205183.0,1
female_owned_housing,district,sd_kambar_shahdad_kot,Kambar Shahdad Kot,3.482022,9169.0,263324.0,1
female_owned_housing,district,sd_karachi_central,Karachi Central,9.695523,62279.0,642348.0,1
female_owned_housing,district,sd_karachi_east,Karachi East,8.310063,53179.0,639935.0,1
female_owned_housing,district,sd_karachi_south,Karachi South,7.722338,31511.0,408050.0,1
female_owned_housing,district,sd_karachi_west,Karachi West,7.782052,36026.0,462937.0,1
female_owned_housing,district,sd_kashmore,Kashmore,1.743517,3487.0,199998.0,1
female_owned_housing,district,sd_keamari,Keamari,4.546711,14151.0,311236.0,1
female_owned_housing,district,sd_khairpur,Khairpur,2.827837,12613.0,446030.0,1
female_owned_housing,district,sd_korangi,Korangi,7.640816,37314.0,488351.0,1
female_owned_housing,district,sd_larkana,Larkana,2.953299,9358.0,316866.0,1
female_owned_housing,district,sd_malir,Malir,4.153581,16915.0,407239.0,1
female_owned_housing,district,sd_matiari,Matiari,2.889748,4396.0,152124.0,1
female_owned_housing,district,sd_mirpur_khas,Mirpur Khas,3.286832,9594.0,291892.0,1
female_owned_housing,district,sd_naushahro_feroze,Naushahro Feroze,2.482194,7810.0,314641.0,1
female_owned_housing,district,sd_sanghar,Sanghar,2.746108,10646.0,387676.0,1
female_owned_housing,district,sd_shaheed_benazirabad,Shaheed Benazirabad,2.86349,9229.0,322299.0,1
female_owned_housing,district,sd_shikarpur,Shikarpur,2.570962,5411.0,210466.0,1
female_owned_housing,district,sd_sujawal,Sujawal,2.93879,4600.0,156527.0,1
female_owned_housing,district,sd_sukkur,Sukkur,2.030887,5268.0,259394.0,1
female_owned_housing,district,sd_tando_allahyar,Tando Allahyar,3.043755,5074.0,166702.0,1
female_owned_housing,district,sd_tando_muhammad_khan,Tando Muhammad Khan,3.10116,4309.0,138948.0,1
female_owned_housing,district,sd_tharparkar,Tharparkar,3.761557,12279.0,326434.0,1
female_owned_housing,district,sd_thatta,Thatta,3.05189,6165.0,202006.0,1
female_owned_housing,district,sd_umer_kot,Umer Kot,3.380138,7022.0,207743.0,1
